地理,"<p>場所と人々の暮らしの関係を調べる分野。</p><p><strong>ポイント</strong><br>「どこにあるか」と「なぜそこにあるか」を組み合わせる。</p><p class=""related""><strong>関連語</strong><br>位置・自然環境・産業</p>",社会三年 科目::基礎 優先::S 単元::F01 学年::共通
歴史,"<p>過去の出来事を手がかりに、社会の変化を調べる分野。</p><p><strong>ポイント</strong><br>出来事の順番だけでなく、背景と結果を考える。</p><p class=""related""><strong>関連語</strong><br>史料・年代・時代</p>",社会三年 科目::基礎 優先::S 単元::F01 学年::共通
公民,"<p>人権、政治、経済、国際社会など、社会の仕組みを学ぶ分野。</p><p><strong>ポイント</strong><br>身近な問題にも、権利や費用の分担が関わる。</p><p class=""related""><strong>関連語</strong><br>憲法・民主政治・経済</p>",社会三年 科目::基礎 優先::S 単元::F01 学年::共通
国,"<p>一定の領域と国民をもち、他国から独立して政治を行うまとまり。</p><p><strong>ポイント</strong><br>国と、その中にある都市を区別する。</p><p class=""related""><strong>関連語</strong><br>領域・国民・主権</p>",社会三年 科目::基礎 優先::S 単元::F01 学年::共通
都道府県,"<p>日本の広い区域を受け持つ地方公共団体。東京都・北海道・京都府・大阪府と43県がある。</p><p><strong>ポイント</strong><br>市区町村と役割を分担する。</p><p class=""related""><strong>関連語</strong><br>地方自治・市区町村</p>",社会三年 科目::基礎 優先::S 単元::F01 学年::共通
農業,"<p>田畑で作物を育てたり、家畜を飼育したりして食料などを生産する仕事。</p><p><strong>ポイント</strong><br>畜産も農業に含まれる。</p><p class=""related""><strong>関連語</strong><br>稲作・畑作・畜産</p>",社会三年 科目::基礎 優先::S 単元::F01 学年::共通
工業,"<p>原料や材料を加工し、製品を作る産業。</p><p><strong>ポイント</strong><br>鉄鉱石から鉄を作ることも、部品から自動車を組み立てることも含む。</p><p class=""related""><strong>関連語</strong><br>原料・製品・工場</p>",社会三年 科目::基礎 優先::S 単元::F01 学年::共通
商業,"<p>品物を売買して、生産者と消費者を結び付ける仕事。</p><p><strong>ポイント</strong><br>物を作る工業とは区別する。</p><p class=""related""><strong>関連語</strong><br>卸売業・小売業・流通</p>",社会三年 科目::基礎 優先::S 単元::F01 学年::共通
政治,"<p>社会全体のルールや方針を決め、実行する働き。</p><p><strong>ポイント</strong><br>利益や意見の違いを調整する役割もある。</p><p class=""related""><strong>関連語</strong><br>法律・国会・地方自治</p>",社会三年 科目::基礎 優先::S 単元::F01 学年::共通
税,"<p>公共の仕事を支えるため、法律などに基づいて国や地方公共団体が集めるお金。</p><p><strong>ポイント</strong><br>学校・道路・福祉などの費用に使われる。</p><p class=""related""><strong>関連語</strong><br>財政・公共サービス・納税</p>",社会三年 科目::基礎 優先::S 単元::F01 学年::共通
産業,"<p>人々の暮らしに必要な物やサービスを生み出す活動。</p><p><strong>ポイント</strong><br>農業や工業だけでなく、運送・医療なども含む。</p><p class=""related""><strong>関連語</strong><br>第一次産業・第二次産業・第三次産業</p>",社会三年 科目::基礎 優先::S 単元::F01 学年::共通
社会の出来事を説明する基本,"<p>「何が起きたか」に加え、「なぜ起きたか」「何が変わったか」を示す。</p><p><strong>ポイント</strong><br>原因と結果を逆にしない。</p><p class=""related""><strong>関連語</strong><br>因果関係・比較・根拠</p>",社会三年 科目::基礎 優先::A 単元::F01 学年::共通
人口,"<p>ある地域に住む人の数。</p><p><strong>ポイント</strong><br>人口の比較では調査年と地域の範囲をそろえる。</p><p class=""related""><strong>関連語</strong><br>人口密度・人口増減</p>",社会三年 科目::基礎 優先::S 単元::F02 学年::共通
人口密度,"<p>人口を面積で割った値。一般に1平方キロメートルあたりの人数で表す。</p><p><strong>ポイント</strong><br>人口が多い地域が、必ず高密度とは限らない。</p><p class=""related""><strong>関連語</strong><br>人口・面積</p>",社会三年 科目::基礎 優先::S 単元::F02 学年::共通
割合,"<p>比べたい量を、基準となる量で割った値。</p><p><strong>ポイント</strong><br>全体に占める部分を求める場合は、全体の量を分母にする。</p><p class=""related""><strong>関連語</strong><br>分母・百分率・構成比</p>",社会三年 科目::基礎 優先::S 単元::F02 学年::共通
構成比,"<p>全体のうち、各部分がどれくらいを占めるかを表す割合。</p><p><strong>ポイント</strong><br>同じ100％でも、全体の量が違う場合がある。</p><p class=""related""><strong>関連語</strong><br>帯グラフ・円グラフ</p>",社会三年 科目::基礎 優先::S 単元::F02 学年::共通
増加率,"<p>増えた量を、もとの量で割り、100を掛けた値。</p><p><strong>ポイント</strong><br>40から50なら、10÷40×100＝25％。</p><p class=""related""><strong>関連語</strong><br>基準年・変化率</p>",社会三年 科目::基礎 優先::A 単元::F02 学年::共通
パーセントとポイント,"<p>割合そのものは％、二つの割合の差はポイントで表す。</p><p><strong>ポイント</strong><br>20％から30％は10ポイントの上昇。</p><p class=""related""><strong>関連語</strong><br>割合・増加率</p>",社会三年 科目::基礎 優先::A 単元::F02 学年::共通
<ruby>凡例<rp>（</rp><rt>はんれい</rt><rp>）</rp></ruby>,"<p>地図やグラフで使われる色・記号・線の意味を示したもの。</p><p><strong>ポイント</strong><br>色の印象だけで内容を決めない。</p><p class=""related""><strong>関連語</strong><br>地図記号・主題図</p>",社会三年 科目::基礎 優先::S 単元::F02 学年::共通
折れ線グラフ,"<p>時間とともに数値がどう変化したかを表すのに適したグラフ。</p><p><strong>ポイント</strong><br>縦軸の単位や目盛りも確認する。</p><p class=""related""><strong>関連語</strong><br>推移・増減</p>",社会三年 科目::基礎 優先::S 単元::F02 学年::共通
帯グラフ,"<p>全体を同じ長さの帯にして、内訳の割合を比べるグラフ。</p><p><strong>ポイント</strong><br>帯の長さが同じでも、全体の実数が同じとは限らない。</p><p class=""related""><strong>関連語</strong><br>構成比・割合</p>",社会三年 科目::基礎 優先::S 単元::F02 学年::共通
指数,"<p>基準の値を100などとして、別の時点の値を相対的に表した数。</p><p><strong>ポイント</strong><br>基準年100、後の年120なら、基準年より20％多い。</p><p class=""related""><strong>関連語</strong><br>基準年・増加率</p>",社会三年 科目::基礎 優先::A 単元::F02 学年::共通
相関関係,"<p>二つの量に一定の関連した変化が見られる関係。</p><p><strong>ポイント</strong><br>ともに増える正の相関と、一方が増えると他方が減る負の相関がある。相関だけでは因果は証明できない。</p><p class=""related""><strong>関連語</strong><br>因果関係・第三の要因</p>",社会三年 科目::基礎 優先::A 単元::F02 学年::共通
資料から言える範囲,"<p>資料が直接示す事実と、追加の根拠が必要な推測を区別する。</p><p><strong>ポイント</strong><br>割合だけから実数の増減を断定しない。</p><p class=""related""><strong>関連語</strong><br>根拠・分母・比較</p>",社会三年 科目::基礎 優先::A 単元::F02 学年::共通
方位,"<p>東西南北など、場所の方向。</p><p><strong>ポイント</strong><br>北向きの矢印がある地図では、紙面の上より矢印を優先する。</p><p class=""related""><strong>関連語</strong><br>東・西・南・北</p>",社会三年 科目::基礎 優先::S 単元::F03 学年::共通
<ruby>縮尺<rp>（</rp><rt>しゅくしゃく</rt><rp>）</rp></ruby>,"<p>地図上の距離が実際の距離の何分の一かを表したもの。</p><p><strong>ポイント</strong><br>1：25,000では地図上1センチメートルが実際の250メートル。</p><p class=""related""><strong>関連語</strong><br>実距離・地形図</p>",社会三年 科目::基礎 優先::S 単元::F03 学年::共通
大縮尺の地図,"<p><ruby>縮尺<rp>（</rp><rt>しゅくしゃく</rt><rp>）</rp></ruby>の分母が小さく、狭い範囲を詳しく表す地図。</p><p><strong>ポイント</strong><br>1：10,000は1：50,000より大縮尺。</p><p class=""related""><strong>関連語</strong><br>縮尺・小縮尺</p>",社会三年 科目::基礎 優先::A 単元::F03 学年::共通
標高,"<p>基準となる海面から測った土地の高さ。</p><p><strong>ポイント</strong><br>山頂だけでなく、平地にも標高がある。</p><p class=""related""><strong>関連語</strong><br>等高線・低地</p>",社会三年 科目::基礎 優先::S 単元::F03 学年::共通
等高線,"<p>同じ標高の地点を結んだ線。</p><p><strong>ポイント</strong><br><ruby>縮尺<rp>（</rp><rt>しゅくしゃく</rt><rp>）</rp></ruby>と線が表す標高差が同じなら、線の間隔が狭いほど斜面が急。</p><p class=""related""><strong>関連語</strong><br>標高・傾斜・谷</p>",社会三年 科目::基礎 優先::S 単元::F03 学年::共通
等高線で谷を見分ける方法,"<p>等高線が高い方へ入り込む形になっている場所を探す。</p><p><strong>ポイント</strong><br>谷では、線の折れ曲がりが上流側を向く。</p><p class=""related""><strong>関連語</strong><br>等高線・川・上流</p>",社会三年 科目::基礎 優先::A 単元::F03 学年::共通
地形図,"<p>土地の起伏、道路、建物、土地利用などを示す地図。</p><p><strong>ポイント</strong><br><ruby>縮尺<rp>（</rp><rt>しゅくしゃく</rt><rp>）</rp></ruby>・方位・<ruby>凡例<rp>（</rp><rt>はんれい</rt><rp>）</rp></ruby>を確かめてから読む。</p><p class=""related""><strong>関連語</strong><br>等高線・地図記号</p>",社会三年 科目::基礎 優先::S 単元::F03 学年::共通
主題図,"<p>人口、気候、産業など、特定のテーマを表す地図。</p><p><strong>ポイント</strong><br>何を示す地図かを題名と<ruby>凡例<rp>（</rp><rt>はんれい</rt><rp>）</rp></ruby>で確かめる。</p><p class=""related""><strong>関連語</strong><br>人口分布図・土地利用図</p>",社会三年 科目::基礎 優先::S 単元::F03 学年::共通
ハザードマップ,"<p>想定される災害の範囲や、避難場所などを示す地図。</p><p><strong>ポイント</strong><br>想定には条件があり、範囲外も絶対安全ではない。</p><p class=""related""><strong>関連語</strong><br>洪水・土砂災害・避難</p>",社会三年 科目::基礎 優先::S 単元::F03 学年::共通
GIS,"<p>位置情報をもつデータを重ね合わせ、表示・分析する地理情報システム。</p><p><strong>ポイント</strong><br>地形と人口を重ねるなど、複数の条件を関連付けられる。</p><p class=""related""><strong>関連語</strong><br>地理院地図・主題図</p>",社会三年 科目::基礎 優先::A 単元::F03 学年::共通
上流と下流,"<p>川の流れのうち、水が来る側が上流、水が向かう側が下流。</p><p><strong>ポイント</strong><br>方位の北・南では決まらない。</p><p class=""related""><strong>関連語</strong><br>標高・川・河口</p>",社会三年 科目::基礎 優先::S 単元::F03 学年::共通
地図上の距離から実距離を求める方法,"<p>地図上の距離に<ruby>縮尺<rp>（</rp><rt>しゅくしゃく</rt><rp>）</rp></ruby>の分母を掛け、単位を直す。</p><p><strong>ポイント</strong><br>センチメートル同士で計算してから、メートルなどに換算する。</p><p class=""related""><strong>関連語</strong><br>縮尺・単位換算</p>",社会三年 科目::基礎 優先::A 単元::F03 学年::共通
地図記号,"<p>地形図などで、施設や土地利用などを共通の形で示す記号。</p><p><strong>ポイント</strong><br>記号の分布から土地利用を読み取る。三角点は位置の基準、水準点は高さの基準を示す。</p><p class=""related""><strong>関連語</strong><br><ruby>凡例<rp>（</rp><rt>はんれい</rt><rp>）</rp></ruby>・三角点・水準点</p>",社会三年 科目::基礎 優先::S 単元::F03 学年::共通
西暦,"<p>キリストの誕生と考えられた年をもとにした紀年法。</p><p><strong>ポイント</strong><br>歴史の年代を共通の尺度で比べられる。</p><p class=""related""><strong>関連語</strong><br>紀元前・世紀</p>",社会三年 科目::基礎 優先::S 単元::F04 学年::共通
紀元前,"<p>西暦1年より前の時代を表す呼び方。</p><p><strong>ポイント</strong><br>数字が大きい年ほど古い。通常の歴史の数え方に西暦0年はない。</p><p class=""related""><strong>関連語</strong><br>西暦・年代</p>",社会三年 科目::基礎 優先::S 単元::F04 学年::共通
世紀,"<p>100年を単位として区切った年代。</p><p><strong>ポイント</strong><br>1901〜2000年が20世紀、2001〜2100年が21世紀。</p><p class=""related""><strong>関連語</strong><br>西暦・年代</p>",社会三年 科目::基礎 優先::S 単元::F04 学年::共通
史料,"<p>過去の出来事を調べる手がかりとなる文書・道具・遺跡など。</p><p><strong>ポイント</strong><br>書き手の立場や作られた目的も調べる。</p><p class=""related""><strong>関連語</strong><br>一次史料・遺跡</p>",社会三年 科目::基礎 優先::S 単元::F04 学年::共通
一次史料,"<p>調べる出来事の当時や当事者によって作られた文書・記録など。</p><p><strong>ポイント</strong><br>当時のものでも、必ず正確・中立とは限らない。</p><p class=""related""><strong>関連語</strong><br>史料批判・二次資料</p>",社会三年 科目::基礎 優先::A 単元::F04 学年::共通
遺跡,"<p>住居跡や墓など、昔の人々の活動の跡が残る場所。</p><p><strong>ポイント</strong><br>文字記録が少ない時代を知る重要な手がかり。</p><p class=""related""><strong>関連語</strong><br>考古学・出土品</p>",社会三年 科目::基礎 優先::S 単元::F04 学年::共通
時代区分,"<p>政治や社会の特徴をもとに、歴史を幾つかの時代に分けること。</p><p><strong>ポイント</strong><br>区切りは目的や考え方によって異なることもある。</p><p class=""related""><strong>関連語</strong><br>古代・中世・近世・近代</p>",社会三年 科目::基礎 優先::S 単元::F04 学年::共通
因果関係,"<p>ある原因が、別の結果につながる関係。</p><p><strong>ポイント</strong><br>出来事が先に起きたというだけでは、原因とは断定できない。</p><p class=""related""><strong>関連語</strong><br>背景・結果・相関関係</p>",社会三年 科目::基礎 優先::A 単元::F04 学年::共通
歴史の並べ替えの考え方,"<p>各出来事が属する時代を決め、その中で前後関係を絞る。</p><p><strong>ポイント</strong><br>知っている基準の出来事を軸にする。</p><p class=""related""><strong>関連語</strong><br>時代区分・年代</p>",社会三年 科目::基礎 優先::A 単元::F04 学年::共通
史料を読む三つの確認,"<p>いつ、誰が、何のために作ったかを確かめる。</p><p><strong>ポイント</strong><br>書かれていない人々の立場にも注意する。</p><p class=""related""><strong>関連語</strong><br>一次史料・立場・目的</p>",社会三年 科目::基礎 優先::A 単元::F04 学年::共通
歴史を比較する観点,"<p>支配者、土地・税の仕組み、外国との関係、産業、文化などで比べる。</p><p><strong>ポイント</strong><br>同じ観点を使うと、変化した点と続いた点が見える。</p><p class=""related""><strong>関連語</strong><br>共通点・相違点</p>",社会三年 科目::基礎 優先::A 単元::F04 学年::共通
根拠,"<p>判断や説明を支える事実・資料・理由。</p><p><strong>ポイント</strong><br>「そう思う」だけでなく、どの資料のどこから分かるかを示す。</p><p class=""related""><strong>関連語</strong><br>史料・資料読解・説明</p>",社会三年 科目::基礎 優先::S 単元::F04 学年::共通
<ruby>緯度<rp>（</rp><rt>いど</rt><rp>）</rp></ruby>,"<p>赤道から南北への隔たりを角度で表したもの。</p><p><strong>ポイント</strong><br>北緯・南緯とも0〜90度。</p><p class=""related""><strong>関連語</strong><br>赤道・<ruby>緯線<rp>（</rp><rt>いせん</rt><rp>）</rp></ruby></p>",社会三年 科目::地理 優先::S 単元::G01 学年::中1
<ruby>経度<rp>（</rp><rt>けいど</rt><rp>）</rp></ruby>,"<p><ruby>本初子午線<rp>（</rp><rt>ほんしょしごせん</rt><rp>）</rp></ruby>から東西への隔たりを角度で表したもの。</p><p><strong>ポイント</strong><br>東経・西経とも0〜180度。</p><p class=""related""><strong>関連語</strong><br>本初子午線・<ruby>経線<rp>（</rp><rt>けいせん</rt><rp>）</rp></ruby></p>",社会三年 科目::地理 優先::S 単元::G01 学年::中1
赤道,"<p>緯度0度の線。地球を北半球と南半球に分ける。</p><p><strong>ポイント</strong><br>経度0度の線ではない。</p><p class=""related""><strong>関連語</strong><br><ruby>緯度<rp>（</rp><rt>いど</rt><rp>）</rp></ruby>・北半球・南半球</p>",社会三年 科目::地理 優先::S 単元::G01 学年::中1
<ruby>本初子午線<rp>（</rp><rt>ほんしょしごせん</rt><rp>）</rp></ruby>,"<p>経度0度の基準となる線。ロンドンの旧グリニッジ天文台付近を通る。</p><p><strong>ポイント</strong><br>時差を考えるときの基準にもなる。</p><p class=""related""><strong>関連語</strong><br><ruby>経度<rp>（</rp><rt>けいど</rt><rp>）</rp></ruby>・標準時</p>",社会三年 科目::地理 優先::S 単元::G01 学年::中1
<ruby>緯線<rp>（</rp><rt>いせん</rt><rp>）</rp></ruby>,"<p>同じ<ruby>緯度<rp>（</rp><rt>いど</rt><rp>）</rp></ruby>の地点を結んだ線。</p><p><strong>ポイント</strong><br>地球儀では赤道に平行に描かれる。</p><p class=""related""><strong>関連語</strong><br>緯度・赤道</p>",社会三年 科目::地理 優先::S 単元::G01 学年::中1
<ruby>経線<rp>（</rp><rt>けいせん</rt><rp>）</rp></ruby>,"<p>同じ<ruby>経度<rp>（</rp><rt>けいど</rt><rp>）</rp></ruby>の地点を結び、北極と南極を通る線。</p><p><strong>ポイント</strong><br>極に近づくほど経線同士の間は狭くなる。</p><p class=""related""><strong>関連語</strong><br>経度・高緯度</p>",社会三年 科目::地理 優先::S 単元::G01 学年::中1
六大陸,"<p>ユーラシア・アフリカ・北アメリカ・南アメリカ・オーストラリア・南極。</p><p><strong>ポイント</strong><br>州の区分とは一致しない。</p><p class=""related""><strong>関連語</strong><br>六つの州・陸地</p>",社会三年 科目::地理 優先::S 単元::G01 学年::中1
三大洋,"<p>太平洋・大西洋・インド洋。</p><p><strong>ポイント</strong><br>大陸との位置関係で覚える。</p><p class=""related""><strong>関連語</strong><br>海洋・世界地図</p>",社会三年 科目::地理 優先::S 単元::G01 学年::中1
六つの州,"<p>アジア・ヨーロッパ・アフリカ・北アメリカ・南アメリカ・オセアニア。</p><p><strong>ポイント</strong><br>ユーラシア大陸にはアジア州とヨーロッパ州がある。</p><p class=""related""><strong>関連語</strong><br>六大陸・地域区分</p>",社会三年 科目::地理 優先::S 単元::G01 学年::中1
ユーラシア大陸,"<p>アジアとヨーロッパを含む、世界最大の大陸。</p><p><strong>ポイント</strong><br>日本はその東側の海にある島国。</p><p class=""related""><strong>関連語</strong><br>アジア州・ヨーロッパ州</p>",社会三年 科目::地理 優先::S 単元::G01 学年::中1
オセアニア州,"<p>オーストラリア、ニュージーランド、太平洋の島々などを含む地域。</p><p><strong>ポイント</strong><br>オーストラリア大陸より広い地域のまとまり。</p><p class=""related""><strong>関連語</strong><br>六つの州・島国</p>",社会三年 科目::地理 優先::S 単元::G01 学年::中1
高緯度と低緯度,"<p>高緯度は極に近い地域、低緯度は赤道に近い地域。</p><p><strong>ポイント</strong><br>高緯度ほど、一般に太陽の高度が低くなる。</p><p class=""related""><strong>関連語</strong><br><ruby>緯度<rp>（</rp><rt>いど</rt><rp>）</rp></ruby>・気候</p>",社会三年 科目::地理 優先::A 単元::G01 学年::中1
地球の陸地と海洋の割合,"<p>おおよそ陸地3、海洋7。</p><p><strong>ポイント</strong><br>面積の割合であり、北半球・南半球で分布は異なる。</p><p class=""related""><strong>関連語</strong><br>大陸・大洋</p>",社会三年 科目::地理 優先::S 単元::G01 学年::中1
<ruby>緯度<rp>（</rp><rt>いど</rt><rp>）</rp></ruby>が同じなら気候も同じか,"<p>同じとは限らない。海流、風、海からの距離、標高なども気候に影響する。</p><p><strong>ポイント</strong><br><ruby>緯度<rp>（</rp><rt>いど</rt><rp>）</rp></ruby>だけで都市の気候を断定しない。</p><p class=""related""><strong>関連語</strong><br>海流・偏西風・標高</p>",社会三年 科目::地理 優先::A 単元::G01 学年::中1
北半球と南半球,"<p>赤道を境にした、地球の北側と南側の半分。</p><p><strong>ポイント</strong><br>北緯か南緯かを位置の判断に用いる。</p><p class=""related""><strong>関連語</strong><br>赤道・<ruby>緯度<rp>（</rp><rt>いど</rt><rp>）</rp></ruby></p>",社会三年 科目::地理 優先::S 単元::G01 学年::中1
北極と南極,"<p>地球の自転軸が地表と交わる北と南の点。</p><p><strong>ポイント</strong><br>北極付近は主に海、南極には大陸がある。</p><p class=""related""><strong>関連語</strong><br>高緯度・南極大陸</p>",社会三年 科目::地理 優先::S 単元::G01 学年::中1
海氷と氷床,"<p>海氷は海水が凍った氷、氷床は陸地を広く覆う厚い氷。</p><p><strong>ポイント</strong><br>どちらも氷だが、できる場所と由来が異なる。</p><p class=""related""><strong>関連語</strong><br>極地・雪</p>",社会三年 科目::地理 優先::A 単元::G01 学年::中1
半島,"<p>周囲の多くを水に囲まれ、陸地から突き出した部分。</p><p><strong>ポイント</strong><br>海に突き出す陸地で、入り込んだ水面である湾とは異なる。</p><p class=""related""><strong>関連語</strong><br>海岸・湾</p>",社会三年 科目::地理 優先::S 単元::G01 学年::中1
湾,"<p>海岸線が陸地へ入り込んでいる海の部分。</p><p><strong>ポイント</strong><br>海の地形を指す。周囲の陸地と取り違えない。</p><p class=""related""><strong>関連語</strong><br>海岸・港</p>",社会三年 科目::地理 優先::S 単元::G01 学年::中1
海峡,"<p>二つの陸地の間にある、海と海を結ぶ狭い水路。</p><p><strong>ポイント</strong><br>船が集中する交通上の要所になる場合がある。</p><p class=""related""><strong>関連語</strong><br>航路・陸地</p>",社会三年 科目::地理 優先::S 単元::G01 学年::中1
群島,"<p>多くの島が集まっている地域。</p><p><strong>ポイント</strong><br>大陸・半島・湾などとは地形のまとまりが異なる。</p><p class=""related""><strong>関連語</strong><br>島・海洋</p>",社会三年 科目::地理 優先::S 単元::G01 学年::中1
国境,"<p>国家の領域を区切る境界。</p><p><strong>ポイント</strong><br>地形に沿う場合もあるが、歴史や取り決めが関わる。</p><p class=""related""><strong>関連語</strong><br>国家・領域</p>",社会三年 科目::地理 優先::S 単元::G01 学年::中1
<ruby>緯度<rp>（</rp><rt>いど</rt><rp>）</rp></ruby>と日射の関係,"<p>一般に高緯度ほど太陽光が斜めに当たり、地表の単位面積が受けるエネルギーが小さくなる。</p><p><strong>ポイント</strong><br>季節、昼の長さ、雲なども加えて気温を説明する。</p><p class=""related""><strong>関連語</strong><br>太陽高度・気候</p>",社会三年 科目::地理 優先::A 単元::G01 学年::中1
自然の境界と国境,"<p>山脈や河川は自然の境界だが、国家の境界と必ず一致するわけではない。</p><p><strong>ポイント</strong><br>国境を越える川では、水利用の調整が必要になる。</p><p class=""related""><strong>関連語</strong><br>地形・国家間の関係</p>",社会三年 科目::地理 優先::A 単元::G01 学年::中1
地球儀,"<p>地球を球体として縮小した模型。</p><p><strong>ポイント</strong><br>平面の世界地図より、全体の位置・面積・方位の関係を確かめやすい。</p><p class=""related""><strong>関連語</strong><br>世界地図・<ruby>緯線<rp>（</rp><rt>いせん</rt><rp>）</rp></ruby>・<ruby>経線<rp>（</rp><rt>けいせん</rt><rp>）</rp></ruby></p>",社会三年 科目::地理 優先::S 単元::G02 学年::中1
メルカトル図法,"<p>角度を正しく表し、一定の方位で進む線を直線にできる図法。</p><p><strong>ポイント</strong><br>高緯度ほど面積が大きくゆがむ。全ての直線が最短経路ではない。</p><p class=""related""><strong>関連語</strong><br>正角図法・航海</p>",社会三年 科目::地理 優先::A 単元::G02 学年::中1
正積図法,"<p>面積の比を正しく表す図法。</p><p><strong>ポイント</strong><br>角度や形も全て正しいわけではない。</p><p class=""related""><strong>関連語</strong><br>面積・世界地図</p>",社会三年 科目::地理 優先::A 単元::G02 学年::中1
正距方位図法,"<p>中心から各地点への距離と方位を正しく表す図法。</p><p><strong>ポイント</strong><br>中心以外の二地点間については、正しいとは限らない。</p><p class=""related""><strong>関連語</strong><br>中心・距離・方位</p>",社会三年 科目::地理 優先::A 単元::G02 学年::中1
時差,"<p>場所によって生じる時刻の違い。</p><p><strong>ポイント</strong><br>経度15度で1時間が計算の基本。</p><p class=""related""><strong>関連語</strong><br><ruby>経度<rp>（</rp><rt>けいど</rt><rp>）</rp></ruby>・標準時</p>",社会三年 科目::地理 優先::S 単元::G02 学年::中1
標準時,"<p>国や地域で共通に使う時刻。</p><p><strong>ポイント</strong><br>実際の時刻の区切りは、必ずしも経度15度ごとではない。</p><p class=""related""><strong>関連語</strong><br>標準時子午線・時差</p>",社会三年 科目::地理 優先::S 単元::G02 学年::中1
日本の標準時子午線,"<p>東経135度の<ruby>経線<rp>（</rp><rt>けいせん</rt><rp>）</rp></ruby>。兵庫県明石市などを通る。</p><p><strong>ポイント</strong><br>基準となる世界時から9時間進む。</p><p class=""related""><strong>関連語</strong><br>東経・明石市</p>",社会三年 科目::地理 優先::S 単元::G02 学年::中1
経度差から時差を求める方法,"<p>経度差を15で割って、時間の差にする。</p><p><strong>ポイント</strong><br>東経同士などは差、東経と西経なら通常は和で求める。</p><p class=""related""><strong>関連語</strong><br><ruby>経度<rp>（</rp><rt>けいど</rt><rp>）</rp></ruby>・時差</p>",社会三年 科目::地理 優先::S 単元::G02 学年::中1
東と西の時刻の進み方,"<p>同じ基準で比べると、東側ほど時刻が進み、西側ほど遅れる。</p><p><strong>ポイント</strong><br>日本からロンドンを求めるなら9時間引く。</p><p class=""related""><strong>関連語</strong><br>自転・標準時</p>",社会三年 科目::地理 優先::S 単元::G02 学年::中1
日付変更線,"<p>おおむね180度の<ruby>経線<rp>（</rp><rt>けいせん</rt><rp>）</rp></ruby>に沿い、日付を調整する境界。</p><p><strong>ポイント</strong><br>国や島を分けないよう、経線からずれる部分がある。</p><p class=""related""><strong>関連語</strong><br><ruby>経度<rp>（</rp><rt>けいど</rt><rp>）</rp></ruby>・日付</p>",社会三年 科目::地理 優先::A 単元::G02 学年::中1
日付変更線を越えるときの日付,"<p>西向きに越えると1日進め、東向きに越えると1日戻す。</p><p><strong>ポイント</strong><br>通常の時差計算と二重に日付を補正しない。</p><p class=""related""><strong>関連語</strong><br>日付変更線・時差</p>",社会三年 科目::地理 優先::A 単元::G02 学年::中1
夏時間,"<p>日照時間の長い季節に時計を進める制度。</p><p><strong>ポイント</strong><br>問題で「夏時間を考えない」とあるときは加減しない。</p><p class=""related""><strong>関連語</strong><br>標準時・時差</p>",社会三年 科目::地理 優先::A 単元::G02 学年::中1
大圏航路,"<p>地球を球とみなしたとき、二地点を結ぶ最短の経路に沿う航路。</p><p><strong>ポイント</strong><br>平面地図では曲線になることがある。</p><p class=""related""><strong>関連語</strong><br>地球儀・最短距離</p>",社会三年 科目::地理 優先::A 単元::G02 学年::中1
地図の図法を選ぶ基準,"<p>面積を比べるか、中心からの距離を測るかなど、目的に合わせる。</p><p><strong>ポイント</strong><br>一つの平面地図で全てを正しく表すことはできない。</p><p class=""related""><strong>関連語</strong><br>正積図法・正距方位図法</p>",社会三年 科目::地理 優先::A 単元::G02 学年::中1
標準時子午線,"<p>地域で共通に用いる標準時の基準となる<ruby>経線<rp>（</rp><rt>けいせん</rt><rp>）</rp></ruby>。</p><p><strong>ポイント</strong><br>実際の時刻の区切りは、国の制度によって調整される。</p><p class=""related""><strong>関連語</strong><br>標準時・<ruby>経度<rp>（</rp><rt>けいど</rt><rp>）</rp></ruby></p>",社会三年 科目::地理 優先::S 単元::G02 学年::中1
UTCと日本標準時,"<p>UTCは世界の時刻の基準で、日本標準時はUTCより9時間進む。</p><p><strong>ポイント</strong><br>UTCとの差が明示された問題では、その条件を使う。</p><p class=""related""><strong>関連語</strong><br>標準時・時差</p>",社会三年 科目::地理 優先::S 単元::G02 学年::中1
時差と所要時間の区別,"<p>時差は場所による時計の表示の違い、所要時間は移動などに実際にかかる時間。</p><p><strong>ポイント</strong><br>到着時刻には両方を反映する必要がある。</p><p class=""related""><strong>関連語</strong><br>航空交通・時刻</p>",社会三年 科目::地理 優先::A 単元::G02 学年::中1
24時間表記,"<p>一日の時刻を0時から23時などで表す方法。</p><p><strong>ポイント</strong><br>午後8時は20時。日付をまたぐ計算では24時間ずつ調整する。</p><p class=""related""><strong>関連語</strong><br>時刻・日付</p>",社会三年 科目::地理 優先::S 単元::G02 学年::中1
大圏,"<p>球の中心を通る平面で球面を切ったときにできる円。</p><p><strong>ポイント</strong><br>球面上の二地点間では、その円の短い方の弧が最短経路になる。</p><p class=""related""><strong>関連語</strong><br>大圏航路・地球儀</p>",社会三年 科目::地理 優先::A 単元::G02 学年::中1
正角図法,"<p>地図上の局所的な角度を保つ図法。</p><p><strong>ポイント</strong><br>メルカトル図法が代表で、面積や一般の距離は保たれない。</p><p class=""related""><strong>関連語</strong><br>図法・航海</p>",社会三年 科目::地理 優先::A 単元::G02 学年::中1
世界地図の切れ目,"<p>球面を平面へ表すために設ける端で、地球上の壁や隔たりではない。</p><p><strong>ポイント</strong><br>左右の端の位置が地球上では隣り合う場合がある。</p><p class=""related""><strong>関連語</strong><br>経度180度・地球儀</p>",社会三年 科目::地理 優先::A 単元::G02 学年::中1
地図の中心と正確な距離,"<p>正距方位図法では、中心からの距離を正しく表せる。</p><p><strong>ポイント</strong><br>中心以外の二地点へ同じ性質を一般化しない。</p><p class=""related""><strong>関連語</strong><br>正距方位図法・中心</p>",社会三年 科目::地理 優先::A 単元::G02 学年::中1
高緯度の面積の拡大,"<p>メルカトル図法では高緯度ほど面積が大きく引き伸ばされる。</p><p><strong>ポイント</strong><br>見かけの大きさだけで土地面積を比較しない。</p><p class=""related""><strong>関連語</strong><br>グリーンランド・図法</p>",社会三年 科目::地理 優先::A 単元::G02 学年::中1
時計の換算と日付調整,"<p>時刻の足し引きが0時や24時を越えたら、日付も前日または翌日へ直す。</p><p><strong>ポイント</strong><br>時差で日付まで求めた後、日付変更線の補正を重ねて行わない。</p><p class=""related""><strong>関連語</strong><br>時差・日付変更線</p>",社会三年 科目::地理 優先::A 単元::G02 学年::中1
気候,"<p>ある地域で長い期間に見られる、気温や降水などの特徴。</p><p><strong>ポイント</strong><br>今日の空の状態を指す天気と区別する。</p><p class=""related""><strong>関連語</strong><br>気温・降水量</p>",社会三年 科目::地理 優先::S 単元::G03 学年::中1
熱帯,"<p>一年を通じて気温が高い気候帯。</p><p><strong>ポイント</strong><br>熱帯の中でも、雨の降り方は異なる。</p><p class=""related""><strong>関連語</strong><br>熱帯雨林気候・サバナ気候</p>",社会三年 科目::地理 優先::S 単元::G03 学年::中1
熱帯雨林気候,"<p>一年中高温で、年間を通して雨が多い気候。</p><p><strong>ポイント</strong><br>アマゾン川流域や東南アジアの一部などに分布。</p><p class=""related""><strong>関連語</strong><br>熱帯雨林・赤道</p>",社会三年 科目::地理 優先::S 単元::G03 学年::中1
サバナ気候,"<p>一年中高温で、雨季と乾季がある気候。</p><p><strong>ポイント</strong><br>草原に樹木がまばらに生える景観が見られる。</p><p class=""related""><strong>関連語</strong><br>雨季・乾季・熱帯</p>",社会三年 科目::地理 優先::S 単元::G03 学年::中1
乾燥帯,"<p>降水が少なく、植物に必要な水が不足しやすい気候帯。</p><p><strong>ポイント</strong><br>砂漠気候とステップ気候がある。</p><p class=""related""><strong>関連語</strong><br>砂漠・ステップ</p>",社会三年 科目::地理 優先::S 単元::G03 学年::中1
砂漠気候,"<p>乾燥が特に厳しく、植物がほとんど育たない気候。</p><p><strong>ポイント</strong><br>全ての砂漠が砂で覆われているわけではない。</p><p class=""related""><strong>関連語</strong><br>オアシス・乾燥帯</p>",社会三年 科目::地理 優先::S 単元::G03 学年::中1
ステップ気候,"<p>砂漠気候より雨が多く、短い草の草原が広がる乾燥帯の気候。</p><p><strong>ポイント</strong><br>牧畜などが行われる。</p><p class=""related""><strong>関連語</strong><br>乾燥帯・草原</p>",社会三年 科目::地理 優先::A 単元::G03 学年::中1
温帯,"<p>寒帯・冷帯より冬が穏やかで、季節変化のある比較的温暖な気候帯。</p><p><strong>ポイント</strong><br>雨の季節差によって、さらに幾つかに分かれる。</p><p class=""related""><strong>関連語</strong><br>温暖湿潤気候・地中海性気候</p>",社会三年 科目::地理 優先::S 単元::G03 学年::中1
地中海性気候,"<p>夏に乾燥し、冬に比較的雨が多い温帯の気候。</p><p><strong>ポイント</strong><br>オリーブ・ぶどうなどの栽培と関連付ける。</p><p class=""related""><strong>関連語</strong><br>地中海・乾燥</p>",社会三年 科目::地理 優先::S 単元::G03 学年::中1
西岸海洋性気候,"<p>海や偏西風の影響で、比較的温和で年間の気温差が小さい気候。</p><p><strong>ポイント</strong><br>西ヨーロッパなどに分布。</p><p class=""related""><strong>関連語</strong><br>偏西風・暖流</p>",社会三年 科目::地理 優先::S 単元::G03 学年::中1
温暖湿潤気候,"<p>夏は高温で、年間を通じて降水が見られる温帯の気候。</p><p><strong>ポイント</strong><br>日本の多くの地域が含まれる。地域ごとの雨の差にも注意。</p><p class=""related""><strong>関連語</strong><br>季節風・四季</p>",社会三年 科目::地理 優先::S 単元::G03 学年::中1
冷帯（亜寒帯）,"<p>冬が厳しく寒い一方、夏には森林が育つ気候帯。</p><p><strong>ポイント</strong><br>シベリアやカナダなどに広く分布。</p><p class=""related""><strong>関連語</strong><br>タイガ・<ruby>年較差<rp>（</rp><rt>ねんかくさ</rt><rp>）</rp></ruby></p>",社会三年 科目::地理 優先::S 単元::G03 学年::中1
寒帯,"<p>夏でも気温が低く、森林が育たない気候帯。</p><p><strong>ポイント</strong><br>ツンドラ気候と氷雪気候がある。</p><p class=""related""><strong>関連語</strong><br>極地・ツンドラ</p>",社会三年 科目::地理 優先::S 単元::G03 学年::中1
ツンドラ気候,"<p>短い夏にこけ類などが育つ寒帯の気候。</p><p><strong>ポイント</strong><br>一年中氷雪に覆われる氷雪気候と区別する。</p><p class=""related""><strong>関連語</strong><br>寒帯・永久凍土</p>",社会三年 科目::地理 優先::A 単元::G03 学年::中1
高山気候,"<p>標高が高いため、同じ<ruby>緯度<rp>（</rp><rt>いど</rt><rp>）</rp></ruby>の低地より低温になる気候。</p><p><strong>ポイント</strong><br>緯度だけでは気候を決められない例。</p><p class=""related""><strong>関連語</strong><br>標高・アンデス山脈</p>",社会三年 科目::地理 優先::A 単元::G03 学年::中1
<ruby>雨温図<rp>（</rp><rt>うおんず</rt><rp>）</rp></ruby>,"<p>月ごとの気温と降水量を一つに表した図。</p><p><strong>ポイント</strong><br><ruby>凡例<rp>（</rp><rt>はんれい</rt><rp>）</rp></ruby>を確認し、気温の変化と雨の季節差を別々に読む。</p><p class=""related""><strong>関連語</strong><br>月平均気温・月降水量</p>",社会三年 科目::地理 優先::S 単元::G03 学年::中1
<ruby>年較差<rp>（</rp><rt>ねんかくさ</rt><rp>）</rp></ruby>,"<p>最も高い月平均気温と、最も低い月平均気温の差。</p><p><strong>ポイント</strong><br>一日の最高・最低気温の差である<ruby>日較差<rp>（</rp><rt>にちかくさ</rt><rp>）</rp></ruby>とは異なる。</p><p class=""related""><strong>関連語</strong><br><ruby>雨温図<rp>（</rp><rt>うおんず</rt><rp>）</rp></ruby>・内陸</p>",社会三年 科目::地理 優先::S 単元::G03 学年::中1
南半球の季節,"<p>日本など北半球とおおむね逆で、12〜2月が夏、6〜8月が冬に当たる。</p><p><strong>ポイント</strong><br>赤道付近では季節による気温差が小さい。</p><p class=""related""><strong>関連語</strong><br>オーストラリア・<ruby>雨温図<rp>（</rp><rt>うおんず</rt><rp>）</rp></ruby></p>",社会三年 科目::地理 優先::A 単元::G03 学年::中1
<ruby>日較差<rp>（</rp><rt>にちかくさ</rt><rp>）</rp></ruby>,"<p>一日の最高気温と最低気温の差。</p><p><strong>ポイント</strong><br>月平均気温を使う<ruby>年較差<rp>（</rp><rt>ねんかくさ</rt><rp>）</rp></ruby>とは、対象の期間が異なる。</p><p class=""related""><strong>関連語</strong><br>気温・年較差</p>",社会三年 科目::地理 優先::S 単元::G03 学年::中1
雨季と乾季,"<p>一年のうち比較的雨が多い季節と、雨が少ない季節。</p><p><strong>ポイント</strong><br>高温が続く熱帯でも、降水による季節差がある。</p><p class=""related""><strong>関連語</strong><br>サバナ気候・農業</p>",社会三年 科目::地理 優先::S 単元::G03 学年::中1
降水の季節配分,"<p>一年の降水が、各季節や月へどのように分かれるかという特徴。</p><p><strong>ポイント</strong><br>年間の合計が同じでも、作物へ水が必要な時期との関係は違う。</p><p class=""related""><strong>関連語</strong><br><ruby>雨温図<rp>（</rp><rt>うおんず</rt><rp>）</rp></ruby>・<ruby>灌漑<rp>（</rp><rt>かんがい</rt><rp>）</rp></ruby></p>",社会三年 科目::地理 優先::A 単元::G03 学年::中1
大陸性の気候,"<p>海の影響が弱い内陸などで、夏と冬の気温差が大きくなりやすい気候。</p><p><strong>ポイント</strong><br>高山の低温とは理由が異なる。</p><p class=""related""><strong>関連語</strong><br>内陸・<ruby>年較差<rp>（</rp><rt>ねんかくさ</rt><rp>）</rp></ruby></p>",社会三年 科目::地理 優先::A 単元::G03 学年::中1
海の温度調節作用,"<p>海水が陸地より温まりにくく冷めにくいため、沿岸の気温変化を和らげる働き。</p><p><strong>ポイント</strong><br><ruby>緯度<rp>（</rp><rt>いど</rt><rp>）</rp></ruby>の近い沿岸と内陸の比較に利用する。</p><p class=""related""><strong>関連語</strong><br>海洋性・気候</p>",社会三年 科目::地理 優先::A 単元::G03 学年::中1
タイガ,"<p>シベリアやカナダなどの冷帯に広がる針葉樹林。</p><p><strong>ポイント</strong><br>夏に森林が育つ冷帯と、森林が育たない寒帯を区別する。</p><p class=""related""><strong>関連語</strong><br>冷帯・針葉樹</p>",社会三年 科目::地理 優先::S 単元::G03 学年::中1
永久凍土,"<p>地中が長期間凍った状態を保つ土や岩からなる地盤。</p><p><strong>ポイント</strong><br>地表の雪が一年中残るという意味ではない。</p><p class=""related""><strong>関連語</strong><br>寒冷地域・ツンドラ</p>",社会三年 科目::地理 優先::S 単元::G03 学年::中1
氷雪気候,"<p>一年を通じて気温が低く、氷雪に覆われる寒帯の気候。</p><p><strong>ポイント</strong><br>夏にこけ類などが育つツンドラ気候と区別する。</p><p class=""related""><strong>関連語</strong><br>寒帯・氷床</p>",社会三年 科目::地理 優先::S 単元::G03 学年::中1
<ruby>緯度<rp>（</rp><rt>いど</rt><rp>）</rp></ruby>と標高の区別,"<p><ruby>緯度<rp>（</rp><rt>いど</rt><rp>）</rp></ruby>は赤道からの南北の角度、標高は海面を基準にした高さ。</p><p><strong>ポイント</strong><br>低緯度の高山が涼しいことは、緯度だけでは説明できない。</p><p class=""related""><strong>関連語</strong><br>位置・高山気候</p>",社会三年 科目::地理 優先::A 単元::G03 学年::中1
気候と生活の関係,"<p>気候は住居や農業などへ影響するが、技術・所得・文化なども生活を左右する。</p><p><strong>ポイント</strong><br>同じ気候帯の全員が同じ暮らしをするとは限らない。</p><p class=""related""><strong>関連語</strong><br>自然条件・社会条件</p>",社会三年 科目::地理 優先::A 単元::G03 学年::中1
年平均と月別の値,"<p>年平均は年間の特徴を一つの値にまとめ、月別の値は季節変化を示す。</p><p><strong>ポイント</strong><br>年平均気温だけでは厳しい冬や暑い夏の程度を決められない。</p><p class=""related""><strong>関連語</strong><br>平均・<ruby>雨温図<rp>（</rp><rt>うおんず</rt><rp>）</rp></ruby></p>",社会三年 科目::地理 優先::A 単元::G03 学年::中1
降水量と洪水の区別,"<p>降水量は降った水の量、洪水は川の増水などで水があふれる現象。</p><p><strong>ポイント</strong><br>短時間の雨の集中、地形、土地利用なども洪水に影響する。</p><p class=""related""><strong>関連語</strong><br>大雨・防災</p>",社会三年 科目::地理 優先::A 単元::G03 学年::中1
文化圏,"<p>言語・宗教・生活習慣などに、共通する特徴が見られる地域の広がり。</p><p><strong>ポイント</strong><br>国境と一致するとは限らず、内部も多様。</p><p class=""related""><strong>関連語</strong><br>言語・宗教・生活文化</p>",社会三年 科目::地理 優先::S 単元::G04 学年::中1
仏教,"<p>古代インドで<ruby>釈迦<rp>（</rp><rt>しゃか</rt><rp>）</rp></ruby>が開いた宗教。東アジア・東南アジアなどへ広まった。</p><p><strong>ポイント</strong><br>成立地と現在の広がりを区別する。</p><p class=""related""><strong>関連語</strong><br>釈迦・インド</p>",社会三年 科目::地理 優先::S 単元::G04 学年::中1
キリスト教,"<p>イエスの教えをもとに、西アジアで成立した宗教。</p><p><strong>ポイント</strong><br>ヨーロッパや南北アメリカなどへ広まった。</p><p class=""related""><strong>関連語</strong><br>イエス・文化圏</p>",社会三年 科目::地理 優先::S 単元::G04 学年::中1
イスラム教,"<p>7世紀にムハンマドがアラビア半島で開いた宗教。</p><p><strong>ポイント</strong><br>西アジアだけでなく、北アフリカや東南アジアにも広く信者がいる。</p><p class=""related""><strong>関連語</strong><br>ムハンマド・アラビア半島</p>",社会三年 科目::地理 優先::S 単元::G04 学年::中1
ヒンドゥー教,"<p>インドで多く信仰される宗教。牛を神聖視する考え方などがある。</p><p><strong>ポイント</strong><br>食生活などを全ての人に一律に当てはめない。</p><p class=""related""><strong>関連語</strong><br>インド・生活文化</p>",社会三年 科目::地理 優先::A 単元::G04 学年::中1
輸出,"<p>国内から外国へ、物やサービスを売ること。</p><p><strong>ポイント</strong><br>誰の国から見た取引かを確認する。</p><p class=""related""><strong>関連語</strong><br>輸入・貿易</p>",社会三年 科目::地理 優先::S 単元::G04 学年::中1
輸入,"<p>外国から、物やサービスを買い入れること。</p><p><strong>ポイント</strong><br>相手国から見れば輸出になる。</p><p class=""related""><strong>関連語</strong><br>輸出・貿易</p>",社会三年 科目::地理 優先::S 単元::G04 学年::中1
貿易,"<p>国や地域を越えて、物やサービスを売買すること。</p><p><strong>ポイント</strong><br>資源や製品だけでなく、サービスの取引もある。</p><p class=""related""><strong>関連語</strong><br>輸出・輸入</p>",社会三年 科目::地理 優先::S 単元::G04 学年::中1
グローバル化,"<p>人・物・お金・情報が国境を越え、世界の結び付きが強まること。</p><p><strong>ポイント</strong><br>便利さとともに、影響が広く波及する面もある。</p><p class=""related""><strong>関連語</strong><br>貿易・通信・国際分業</p>",社会三年 科目::地理 優先::S 単元::G04 学年::中1
多国籍企業,"<p>複数の国に生産・販売などの拠点をもち、活動する企業。</p><p><strong>ポイント</strong><br>賃金だけでなく、市場・技術・交通なども立地に関わる。</p><p class=""related""><strong>関連語</strong><br>海外進出・国際分業</p>",社会三年 科目::地理 優先::A 単元::G04 学年::中1
国際分業,"<p>国や地域が生産の役割を分担し、貿易で結び付くこと。</p><p><strong>ポイント</strong><br>一つの製品の工程を複数の国で分担する場合もある。</p><p class=""related""><strong>関連語</strong><br>貿易・多国籍企業</p>",社会三年 科目::地理 優先::A 単元::G04 学年::中1
モノカルチャー経済,"<p>少数の農産物や鉱産資源の生産・輸出に大きく依存する経済。</p><p><strong>ポイント</strong><br>価格や天候の変化に影響されやすく、産業の多様化が課題。</p><p class=""related""><strong>関連語</strong><br>一次産品・輸出</p>",社会三年 科目::地理 優先::A 単元::G04 学年::中1
プランテーション,"<p>熱帯・亜熱帯で、輸出向けの商品作物などを大規模に栽培する農園。</p><p><strong>ポイント</strong><br>植民地支配の歴史と結び付く地域がある。</p><p class=""related""><strong>関連語</strong><br>天然ゴム・茶・油やし</p>",社会三年 科目::地理 優先::A 単元::G04 学年::中1
フェアトレード,"<p>生産者の生活や労働環境に配慮し、適正な条件で継続的に取引しようとする仕組み。</p><p><strong>ポイント</strong><br>単に「安く輸入すること」ではない。</p><p class=""related""><strong>関連語</strong><br>貿易・生産者・持続可能性</p>",社会三年 科目::地理 優先::A 単元::G04 学年::中1
民族,"<p>言語・文化・歴史などのつながりを共有する人々のまとまり。</p><p><strong>ポイント</strong><br>一つの国の中に複数の民族が暮らす場合がある。</p><p class=""related""><strong>関連語</strong><br>国籍・文化</p>",社会三年 科目::地理 優先::S 単元::G04 学年::中1
公用語,"<p>国や地域が行政などの公的な場で用いる言語。</p><p><strong>ポイント</strong><br>住民全員の母語と一致するとは限らない。</p><p class=""related""><strong>関連語</strong><br>言語・国家</p>",社会三年 科目::地理 優先::S 単元::G04 学年::中1
母語,"<p>幼少期から生活の中で身に付けた言語。</p><p><strong>ポイント</strong><br>国の公用語とは異なる場合があり、複数の言語で育つ人もいる。</p><p class=""related""><strong>関連語</strong><br>言語・多様性</p>",社会三年 科目::地理 優先::S 単元::G04 学年::中1
国籍と民族の区別,"<p>国籍は国との法的な所属関係、民族は文化や歴史などのつながりによるまとまり。</p><p><strong>ポイント</strong><br>同じ国籍でも文化や言語が一様とは限らない。</p><p class=""related""><strong>関連語</strong><br>国・社会</p>",社会三年 科目::地理 優先::A 単元::G04 学年::中1
ハラール,"<p>イスラム教の教えで許されるものや行為を指す言葉。</p><p><strong>ポイント</strong><br>食品では材料だけでなく調理・取扱いにも関わる。</p><p class=""related""><strong>関連語</strong><br>イスラム教・食文化</p>",社会三年 科目::地理 優先::A 単元::G04 学年::中1
生産工程の国際分業,"<p>一つの製品の材料・部品の製造や組立てなどを、複数の国で分担すること。</p><p><strong>ポイント</strong><br>完成品の輸出国が、すべての工程を担うとは限らない。</p><p class=""related""><strong>関連語</strong><br>部品・多国籍企業</p>",社会三年 科目::地理 優先::A 単元::G04 学年::中1
サプライチェーン,"<p>原料の調達から生産・輸送・販売を経て、消費者へ届くまでの供給のつながり。</p><p><strong>ポイント</strong><br>一部分の停止が、遠くの工場や店へ影響する場合がある。</p><p class=""related""><strong>関連語</strong><br>物流・国際分業</p>",社会三年 科目::地理 優先::S 単元::G04 学年::中1
自給用生産と販売用生産,"<p>自分たちが使う目的の生産と、他者へ売る目的の生産。</p><p><strong>ポイント</strong><br>同じ作物でも、用途によって両方がありうる。</p><p class=""related""><strong>関連語</strong><br>食料・商品作物</p>",社会三年 科目::地理 優先::A 単元::G04 学年::中1
企業立地の複数の条件,"<p>賃金、技術、人材、市場、交通、供給の安定性など、拠点を選ぶ条件。</p><p><strong>ポイント</strong><br>賃金だけが安ければ必ず工場が集まるとはいえない。</p><p class=""related""><strong>関連語</strong><br>工業立地・国際経済</p>",社会三年 科目::地理 優先::A 単元::G04 学年::中1
認証表示の対象と基準,"<p>商品に付く認証が、どの工程や条件を確認しているかという範囲。</p><p><strong>ポイント</strong><br>一つの表示から、品質・労働・環境のすべてが保証されると広げない。</p><p class=""related""><strong>関連語</strong><br>消費者・取引条件</p>",社会三年 科目::地理 優先::A 単元::G04 学年::中1
東アジア,"<p>日本、中国、朝鮮半島、モンゴルなどを含むアジア東部の地域。</p><p><strong>ポイント</strong><br>国・地域によって自然条件や政治・経済は多様。</p><p class=""related""><strong>関連語</strong><br>アジア州・季節風</p>",社会三年 科目::地理 優先::S 単元::G05 学年::中1
黄河,"<p>中国北部を流れる大河。黄土を多く運ぶ。</p><p><strong>ポイント</strong><br>長江より北に位置する。</p><p class=""related""><strong>関連語</strong><br>中国・黄土</p>",社会三年 科目::地理 優先::S 単元::G05 学年::中1
長江,"<p>中国の中央部から東へ流れる大河。下流域には上海などがある。</p><p><strong>ポイント</strong><br>流域の温暖で水を得やすい地域では稲作が盛ん。</p><p class=""related""><strong>関連語</strong><br>中国・稲作・上海</p>",社会三年 科目::地理 優先::S 単元::G05 学年::中1
中国の東部と西部の違い,"<p>東部は平野・人口・都市が多く、西部には高原・山地・乾燥地域が広がる。</p><p><strong>ポイント</strong><br>国全体を一様な地域として扱わない。</p><p class=""related""><strong>関連語</strong><br>沿岸部・内陸部</p>",社会三年 科目::地理 優先::S 単元::G05 学年::中1
改革開放,"<p>1978年から中国が進めた、市場の仕組みや外国資本などを取り入れる政策。</p><p><strong>ポイント</strong><br>工業化と国際的な経済の結び付きが進んだ。</p><p class=""related""><strong>関連語</strong><br>経済特区・外国資本</p>",社会三年 科目::地理 優先::A 単元::G05 学年::中1
経済特区,"<p>外国企業の投資などを促すため、特別な制度を設けた地域。</p><p><strong>ポイント</strong><br>中国の深圳などが例。沿岸部の工業化と結び付く。</p><p class=""related""><strong>関連語</strong><br>改革開放・沿岸部</p>",社会三年 科目::地理 優先::S 単元::G05 学年::中1
沿岸部,"<p>海岸に近い地域。</p><p><strong>ポイント</strong><br>港を通じた原料の輸入や製品の輸出に便利な場所が多い。</p><p class=""related""><strong>関連語</strong><br>港湾・貿易・工業立地</p>",社会三年 科目::地理 優先::A 単元::G05 学年::中1
中国の地域間格差,"<p>沿岸部と内陸部などで、所得や経済発展の程度に差があること。</p><p><strong>ポイント</strong><br>平均の成長率だけでは地域の差は分からない。</p><p class=""related""><strong>関連語</strong><br>経済特区・都市化</p>",社会三年 科目::地理 優先::A 単元::G05 学年::中1
一人っ子政策,"<p>人口増加を抑えるため、中国がかつて実施した出生制限政策。</p><p><strong>ポイント</strong><br>現在も一人に制限されている、と覚えない。</p><p class=""related""><strong>関連語</strong><br>人口政策・少子高齢化</p>",社会三年 科目::地理 優先::A 単元::G05 学年::中1
韓国の工業,"<p>自動車・造船・電子機器などの工業が発展している。</p><p><strong>ポイント</strong><br>首都はソウル。輸出と海外市場との結び付きが強い。</p><p class=""related""><strong>関連語</strong><br>朝鮮半島・輸出</p>",社会三年 科目::地理 優先::S 単元::G05 学年::中1
台湾の半導体産業,"<p>半導体の設計・製造などが発達し、世界の電子機器生産と結び付いている。</p><p><strong>ポイント</strong><br>一つの製品を多くの国が分担して作る例。</p><p class=""related""><strong>関連語</strong><br>国際分業・電子工業</p>",社会三年 科目::地理 優先::A 単元::G05 学年::中1
モンゴルの牧畜,"<p>草原で羊・山羊・馬などを飼う生業。移動しながら飼育する形もある。</p><p><strong>ポイント</strong><br>自然条件と暮らしの工夫を結び付ける。</p><p class=""related""><strong>関連語</strong><br>草原・<ruby>遊牧<rp>（</rp><rt>ゆうぼく</rt><rp>）</rp></ruby></p>",社会三年 科目::地理 優先::S 単元::G05 学年::中1
北京,"<p>中国の首都。中国北部に位置する。</p><p><strong>ポイント</strong><br>長江河口付近の大都市である上海と区別する。</p><p class=""related""><strong>関連語</strong><br>中国・首都</p>",社会三年 科目::地理 優先::S 単元::G05 学年::中1
上海,"<p>長江河口付近にある、中国の代表的な経済・貿易の中心都市。</p><p><strong>ポイント</strong><br>中国の首都ではない。</p><p class=""related""><strong>関連語</strong><br>長江・沿岸部</p>",社会三年 科目::地理 優先::S 単元::G05 学年::中1
黄土高原,"<p>中国の黄河流域にある、細かな黄土が厚く積もった高原。</p><p><strong>ポイント</strong><br>土砂が雨で流出すると、黄河の土砂量や下流の環境に影響する。</p><p class=""related""><strong>関連語</strong><br>黄河・<ruby>侵食<rp>（</rp><rt>しんしょく</rt><rp>）</rp></ruby></p>",社会三年 科目::地理 優先::S 単元::G05 学年::中1
チベット高原,"<p>中国西部などに広がる、標高の非常に高い高原。</p><p><strong>ポイント</strong><br>低緯度でも標高による寒さが土地利用へ影響する。</p><p class=""related""><strong>関連語</strong><br>高山気候・ヒマラヤ山脈</p>",社会三年 科目::地理 優先::S 単元::G05 学年::中1
平均人口密度と人口分布の比較,"<p>国全体の平均人口密度は総人口を国土面積で割った値で、国内の人口集中を直接示さない。</p><p><strong>ポイント</strong><br>中国では平均値と分布図を合わせ、沿岸と内陸の地域差を読む。</p><p class=""related""><strong>関連語</strong><br>平均・人口分布図</p>",社会三年 科目::地理 優先::A 単元::G05 学年::中1
都市化,"<p>都市の人口や機能が拡大し、都市的な生活が広がること。</p><p><strong>ポイント</strong><br>雇用や市場を拡大する一方、住宅・交通などの整備も必要になる。</p><p class=""related""><strong>関連語</strong><br>人口移動・工業化</p>",社会三年 科目::地理 優先::S 単元::G05 学年::中1
工業化と都市化の相互関係,"<p>工場が雇用を生んで人を集め、集まった人口が企業の市場や労働力となる関係。</p><p><strong>ポイント</strong><br>どちらか一方だけが原因とは限らない。</p><p class=""related""><strong>関連語</strong><br>都市化・市場</p>",社会三年 科目::地理 優先::A 単元::G05 学年::中1
港湾設備と工業立地,"<p>原料の受入れや製品の出荷に使う港の設備が、工場の立地を支えること。</p><p><strong>ポイント</strong><br>海に近いことと、大量の貨物を扱えることは同じではない。</p><p class=""related""><strong>関連語</strong><br>物流・沿岸部</p>",社会三年 科目::地理 優先::A 単元::G05 学年::中1
輸出志向型工業化,"<p>海外市場への販売を重視して、工業生産を発展させること。</p><p><strong>ポイント</strong><br>輸出先の景気や需要の影響を受ける。</p><p class=""related""><strong>関連語</strong><br>韓国・国際分業</p>",社会三年 科目::地理 優先::A 単元::G05 学年::中1
半導体,"<p>条件により電気の通りやすさを調整できる物質で、情報処理などの電子部品に利用される。</p><p><strong>ポイント</strong><br>通信機器や自動車など、多くの製品の生産と関係する。</p><p class=""related""><strong>関連語</strong><br>台湾・電子工業</p>",社会三年 科目::地理 優先::S 単元::G05 学年::中1
朝鮮半島の分断,"<p>第二次世界大戦後の国際関係や朝鮮戦争などを経て、南北に別の国家が存続する状態。</p><p><strong>ポイント</strong><br>地形だけでなく歴史を用いて説明する。</p><p class=""related""><strong>関連語</strong><br>韓国・北朝鮮・冷戦</p>",社会三年 科目::地理 優先::A 単元::G05 学年::中1
<ruby>遊牧<rp>（</rp><rt>ゆうぼく</rt><rp>）</rp></ruby>と定住的な牧畜,"<p><ruby>遊牧<rp>（</rp><rt>ゆうぼく</rt><rp>）</rp></ruby>は草や水を求めて家畜と移動し、定住的な牧畜は一定の拠点を中心に飼育する。</p><p><strong>ポイント</strong><br>草原の家畜飼育がすべて同じ形とは限らない。</p><p class=""related""><strong>関連語</strong><br>モンゴル・土地利用</p>",社会三年 科目::地理 優先::A 単元::G05 学年::中1
季節風（モンスーン）,"<p>季節によって主な向きが変わる風。</p><p><strong>ポイント</strong><br>アジアでは夏の湿った風が農業に重要な雨をもたらす。</p><p class=""related""><strong>関連語</strong><br>雨季・稲作</p>",社会三年 科目::地理 優先::S 単元::G06 学年::中1
メコン川,"<p>中国からインドシナ半島を流れ、南シナ海へ注ぐ大河。</p><p><strong>ポイント</strong><br>下流のデルタでは稲作が盛ん。</p><p class=""related""><strong>関連語</strong><br>東南アジア・<ruby>三角州<rp>（</rp><rt>さんかくす</rt><rp>）</rp></ruby></p>",社会三年 科目::地理 優先::S 単元::G06 学年::中1
<ruby>二期作<rp>（</rp><rt>にきさく</rt><rp>）</rp></ruby>,"<p>同じ耕地で、同じ作物を一年に二回栽培すること。</p><p><strong>ポイント</strong><br>米を二回作る例。別の作物を組み合わせる<ruby>二毛作<rp>（</rp><rt>にもうさく</rt><rp>）</rp></ruby>と区別する。</p><p class=""related""><strong>関連語</strong><br>稲作・高温</p>",社会三年 科目::地理 優先::S 単元::G06 学年::中1
<ruby>二毛作<rp>（</rp><rt>にもうさく</rt><rp>）</rp></ruby>,"<p>同じ耕地で、一年に二種類の作物を順に栽培すること。</p><p><strong>ポイント</strong><br>米の後に麦を作る例。</p><p class=""related""><strong>関連語</strong><br><ruby>二期作<rp>（</rp><rt>にきさく</rt><rp>）</rp></ruby>・農業</p>",社会三年 科目::地理 優先::S 単元::G06 学年::中1
ASEAN,"<p>東南アジア諸国連合。加盟国が経済・政治・社会などで協力する地域組織。</p><p><strong>ポイント</strong><br>加盟国数は変わりうるため、年を付けず固定暗記しない。</p><p class=""related""><strong>関連語</strong><br>地域協力・東南アジア</p>",社会三年 科目::地理 優先::S 単元::G06 学年::中1
シンガポール,"<p>マレー半島南端付近にある都市国家。貿易・金融・港湾機能が発達。</p><p><strong>ポイント</strong><br>海上交通の要所という位置条件に注目する。</p><p class=""related""><strong>関連語</strong><br>マラッカ海峡・貿易</p>",社会三年 科目::地理 優先::S 単元::G06 学年::中1
マラッカ海峡,"<p>マレー半島とスマトラ島の間にある、重要な海上交通路。</p><p><strong>ポイント</strong><br>インド洋側と南シナ海側を結ぶ。</p><p class=""related""><strong>関連語</strong><br>海上輸送・シンガポール</p>",社会三年 科目::地理 優先::A 単元::G06 学年::中1
油やし,"<p>実からパーム油を採る、熱帯で栽培される作物。</p><p><strong>ポイント</strong><br>農園の拡大と森林保全の両立が課題になる。</p><p class=""related""><strong>関連語</strong><br>プランテーション・パーム油</p>",社会三年 科目::地理 優先::S 単元::G06 学年::中1
ヒマラヤ山脈,"<p>インドの北側に連なる高い山脈。</p><p><strong>ポイント</strong><br>南アジアとチベット高原の位置関係をつかむ。</p><p class=""related""><strong>関連語</strong><br>高山・インド</p>",社会三年 科目::地理 優先::S 単元::G06 学年::中1
ガンジス川,"<p>インド北部などを流れ、ベンガル湾へ注ぐ大河。</p><p><strong>ポイント</strong><br>流域の平野は人口が多く、農業が盛ん。</p><p class=""related""><strong>関連語</strong><br>南アジア・平野</p>",社会三年 科目::地理 優先::S 単元::G06 学年::中1
デカン高原,"<p>インド半島の内陸部に広がる高原。</p><p><strong>ポイント</strong><br>綿花栽培の地域としても知られる。</p><p class=""related""><strong>関連語</strong><br>インド・綿花</p>",社会三年 科目::地理 優先::A 単元::G06 学年::中1
インドのICT産業,"<p>情報通信技術を利用する産業。ソフトウェア開発や情報サービスなどが発展。</p><p><strong>ポイント</strong><br>英語人材・技術教育・海外市場など複数の条件が関わる。</p><p class=""related""><strong>関連語</strong><br>国際分業・都市化</p>",社会三年 科目::地理 優先::S 単元::G06 学年::中1
バングラデシュの低地,"<p>大河川の下流に広い低地があり、洪水への対応が重要な地域。</p><p><strong>ポイント</strong><br>河川の恵みと災害の両面を考える。</p><p class=""related""><strong>関連語</strong><br>ガンジス川・<ruby>三角州<rp>（</rp><rt>さんかくす</rt><rp>）</rp></ruby></p>",社会三年 科目::地理 優先::A 単元::G06 学年::中1
東南アジアの工業化,"<p>外国企業の進出などを背景に、電子機器や自動車などの生産が発展したこと。</p><p><strong>ポイント</strong><br>農産物の輸出だけで地域を説明しない。</p><p class=""related""><strong>関連語</strong><br>多国籍企業・国際分業</p>",社会三年 科目::地理 優先::A 単元::G06 学年::中1
チャオプラヤ川,"<p>タイの中央部を流れ、流域の平野が稲作などに利用される川。</p><p><strong>ポイント</strong><br>メコン川とは別の河川。位置と流域の農業を対応させる。</p><p class=""related""><strong>関連語</strong><br>タイ・平野</p>",社会三年 科目::地理 優先::S 単元::G06 学年::中1
ベンガル湾,"<p>インドの東側、バングラデシュなどの南に広がるインド洋の湾。</p><p><strong>ポイント</strong><br>ガンジス川などの水が流れ込む。</p><p class=""related""><strong>関連語</strong><br>南アジア・河川</p>",社会三年 科目::地理 優先::S 単元::G06 学年::中1
<ruby>二期作<rp>（</rp><rt>にきさく</rt><rp>）</rp></ruby>の自然条件と用水,"<p>同じ作物を年二回育てるには、十分な生育期間と各時期の用水などが必要。</p><p><strong>ポイント</strong><br>高温だけでなく、乾季の水や農作業の配分も確認する。</p><p class=""related""><strong>関連語</strong><br>稲作・季節風</p>",社会三年 科目::地理 優先::A 単元::G06 学年::中1
低地の排水,"<p>低い土地にたまる水を、水路やポンプなどで外へ排出すること。</p><p><strong>ポイント</strong><br>農業用水を得ることと、余分な水を除くことの両方が重要。</p><p class=""related""><strong>関連語</strong><br>洪水・農地</p>",社会三年 科目::地理 優先::A 単元::G06 学年::中1
天然ゴム,"<p>ゴムの木の樹液から得られ、タイヤなどの原料に用いられるもの。</p><p><strong>ポイント</strong><br>熱帯の農業が工業生産と結び付く例。</p><p class=""related""><strong>関連語</strong><br>東南アジア・工業原料</p>",社会三年 科目::地理 優先::S 単元::G06 学年::中1
綿花から綿織物まで,"<p>綿花から繊維を取り、糸にして織ることで綿織物を生産する工程。</p><p><strong>ポイント</strong><br>農業と<ruby>紡績<rp>（</rp><rt>ぼうせき</rt><rp>）</rp></ruby>・織物の工業を分けて理解する。</p><p class=""related""><strong>関連語</strong><br>インド・国際分業</p>",社会三年 科目::地理 優先::A 単元::G06 学年::中1
労働集約型産業,"<p>生産に人の労働を比較的多く必要とする産業。</p><p><strong>ポイント</strong><br>縫製などが例。賃金だけでなく技能や労働条件も重要。</p><p class=""related""><strong>関連語</strong><br>工業化・雇用</p>",社会三年 科目::地理 優先::S 単元::G06 学年::中1
輸出加工区,"<p>輸出向けの工場を誘致するため、通関や税などの条件を整えた地区。</p><p><strong>ポイント</strong><br>国の政策と交通・労働力の条件が結び付く。</p><p class=""related""><strong>関連語</strong><br>外国企業・輸出</p>",社会三年 科目::地理 優先::A 単元::G06 学年::中1
土地利用の競合,"<p>同じ土地について、農業・森林保全・住宅・工場など複数の用途が競合すること。</p><p><strong>ポイント</strong><br>利益だけでなく水や環境、住民への負担も比較する。</p><p class=""related""><strong>関連語</strong><br>開発・地域計画</p>",社会三年 科目::地理 優先::A 単元::G06 学年::中1
サービスの国際分業,"<p>情報処理や設計などの業務を、国境を越えて分担すること。</p><p><strong>ポイント</strong><br>データを通信で送る取引は、物の海上輸送とは条件が異なる。</p><p class=""related""><strong>関連語</strong><br>ICT・インド</p>",社会三年 科目::地理 優先::A 単元::G06 学年::中1
西アジア,"<p>アラビア半島、イラン、トルコなどを含むアジア西部の地域。</p><p><strong>ポイント</strong><br>乾燥地域が広がり、石油資源や水の確保が重要。</p><p class=""related""><strong>関連語</strong><br>ペルシア湾・イスラム教</p>",社会三年 科目::地理 優先::S 単元::G07 学年::中1
中央アジア,"<p>カザフスタンやウズベキスタンなどを含む、ユーラシア大陸の内陸の地域。</p><p><strong>ポイント</strong><br>海から遠く、乾燥する地域が広い。</p><p class=""related""><strong>関連語</strong><br>内陸・資源</p>",社会三年 科目::地理 優先::S 単元::G07 学年::中1
オアシス,"<p>乾燥地域の中で、地下水などの水が得られる場所。</p><p><strong>ポイント</strong><br>周囲で農業や集落が成り立つことがある。</p><p class=""related""><strong>関連語</strong><br>砂漠・地下水</p>",社会三年 科目::地理 優先::S 単元::G07 学年::中1
<ruby>灌漑<rp>（</rp><rt>かんがい</rt><rp>）</rp></ruby>,"<p>川や地下水などから農地へ水を引き、供給すること。</p><p><strong>ポイント</strong><br>生産を支える一方、取水のしすぎなどにも注意が必要。</p><p class=""related""><strong>関連語</strong><br>用水路・農業用水</p>",社会三年 科目::地理 優先::S 単元::G07 学年::中1
<ruby>遊牧<rp>（</rp><rt>ゆうぼく</rt><rp>）</rp></ruby>,"<p>家畜の草や水を求め、一定の範囲を移動しながら飼育する牧畜。</p><p><strong>ポイント</strong><br>全ての牧畜が<ruby>遊牧<rp>（</rp><rt>ゆうぼく</rt><rp>）</rp></ruby>ではない。</p><p class=""related""><strong>関連語</strong><br>草原・乾燥地域</p>",社会三年 科目::地理 優先::S 単元::G07 学年::中1
ペルシア湾,"<p>アラビア半島とイランに挟まれた湾。周辺は重要な産油地域。</p><p><strong>ポイント</strong><br>原油の生産と海上輸送を結び付ける。</p><p class=""related""><strong>関連語</strong><br>西アジア・石油</p>",社会三年 科目::地理 優先::S 単元::G07 学年::中1
原油,"<p>地下から採り出された、精製する前の石油。</p><p><strong>ポイント</strong><br>精製してガソリンなどの燃料や化学原料を得る。</p><p class=""related""><strong>関連語</strong><br>石油・石油化学工業</p>",社会三年 科目::地理 優先::S 単元::G07 学年::中1
OPEC,"<p>石油輸出国機構。加盟する産油国が石油政策を調整する組織。</p><p><strong>ポイント</strong><br>全ての産油国の集まりではない。</p><p class=""related""><strong>関連語</strong><br>原油・産油国</p>",社会三年 科目::地理 優先::S 単元::G07 学年::中1
産業の多様化,"<p>特定の資源や産品への依存を減らし、複数の産業を育てること。</p><p><strong>ポイント</strong><br>資源価格の変動への備えにもなる。</p><p class=""related""><strong>関連語</strong><br>モノカルチャー経済・観光</p>",社会三年 科目::地理 優先::A 単元::G07 学年::中1
海水淡水化,"<p>海水から塩分を取り除き、生活や産業で使える水を得ること。</p><p><strong>ポイント</strong><br>水不足対策になるが、設備やエネルギーを必要とする。</p><p class=""related""><strong>関連語</strong><br>乾燥地域・水資源</p>",社会三年 科目::地理 優先::A 単元::G07 学年::中1
チグリス川とユーフラテス川,"<p>西アジアを流れる二つの大河。周辺にメソポタミア文明が栄えた。</p><p><strong>ポイント</strong><br>地理の川と歴史の文明を結び付ける。</p><p class=""related""><strong>関連語</strong><br>メソポタミア・<ruby>灌漑<rp>（</rp><rt>かんがい</rt><rp>）</rp></ruby></p>",社会三年 科目::地理 優先::S 単元::G07 学年::中1
アラル海の縮小,"<p>流入する河川の水を大規模な<ruby>灌漑<rp>（</rp><rt>かんがい</rt><rp>）</rp></ruby>に利用したことなどで、湖が縮小した現象。</p><p><strong>ポイント</strong><br>農業開発が水環境へ与える影響の例。</p><p class=""related""><strong>関連語</strong><br>中央アジア・灌漑</p>",社会三年 科目::地理 優先::A 単元::G07 学年::中1
内陸国,"<p>海に直接面する海岸をもたない国。</p><p><strong>ポイント</strong><br>海上貿易では、周辺国の港や交通路との結び付きが重要。</p><p class=""related""><strong>関連語</strong><br>中央アジア・輸送</p>",社会三年 科目::地理 優先::A 単元::G07 学年::中1
水資源の国際的な調整,"<p>複数の国にまたがる川などの水を、公平で持続的に利用するために協力すること。</p><p><strong>ポイント</strong><br>上流の利用が下流へ影響する場合がある。</p><p class=""related""><strong>関連語</strong><br>国際河川・<ruby>灌漑<rp>（</rp><rt>かんがい</rt><rp>）</rp></ruby></p>",社会三年 科目::地理 優先::A 単元::G07 学年::中1
ホルムズ海峡,"<p>ペルシア湾とその外側の海を結ぶ狭い海峡。</p><p><strong>ポイント</strong><br>資源の輸送経路として、産地と消費地の関係を考える場所。</p><p class=""related""><strong>関連語</strong><br>石油・海上交通</p>",社会三年 科目::地理 優先::S 単元::G07 学年::中1
アラビア半島,"<p>西アジアの、紅海とペルシア湾などに囲まれる大きな半島。</p><p><strong>ポイント</strong><br>乾燥した自然と石油産地の位置を結び付ける。</p><p class=""related""><strong>関連語</strong><br>西アジア・乾燥帯</p>",社会三年 科目::地理 優先::S 単元::G07 学年::中1
パイプライン,"<p>液体や気体を、管を通して運ぶ施設。</p><p><strong>ポイント</strong><br>石油・天然ガスの輸送では経路や通過国との関係が重要。</p><p class=""related""><strong>関連語</strong><br>資源・輸送</p>",社会三年 科目::地理 優先::S 単元::G07 学年::中1
天然ガス,"<p>地下から産出する気体の燃料で、主にメタンを含む化石燃料。</p><p><strong>ポイント</strong><br>石油・石炭と区別し、生産量と輸送方法を見る。</p><p class=""related""><strong>関連語</strong><br>エネルギー・化石燃料</p>",社会三年 科目::地理 優先::S 単元::G07 学年::中1
液化天然ガス（LNG）,"<p>天然ガスを冷却して液体にしたもの。</p><p><strong>ポイント</strong><br>体積を小さくして専用の船などで運べる。</p><p class=""related""><strong>関連語</strong><br>天然ガス・海上輸送</p>",社会三年 科目::地理 優先::S 単元::G07 学年::中1
地下水の<ruby>涵養<rp>（</rp><rt>かんよう</rt><rp>）</rp></ruby>,"<p>雨や河川の水などが地中へしみ込み、地下水を補うこと。</p><p><strong>ポイント</strong><br>くみ上げと補給のつり合いが持続的な利用に関わる。</p><p class=""related""><strong>関連語</strong><br>水資源・地下水</p>",社会三年 科目::地理 優先::S 単元::G07 学年::中1
<ruby>灌漑<rp>（</rp><rt>かんがい</rt><rp>）</rp></ruby>による塩害,"<p>灌漑水の蒸発などによって土壌へ塩類が蓄積し、作物の生育が妨げられること。</p><p><strong>ポイント</strong><br>排水や水の管理を用水供給と一緒に考える。</p><p class=""related""><strong>関連語</strong><br>乾燥地域・土壌</p>",社会三年 科目::地理 優先::S 単元::G07 学年::中1
流域の水収支,"<p>流域に入る水と、取水・蒸発・流出などで出る水の関係。</p><p><strong>ポイント</strong><br>上流の農地利用が、下流の湖や生活へ影響しうる。</p><p class=""related""><strong>関連語</strong><br>アラル海・<ruby>灌漑<rp>（</rp><rt>かんがい</rt><rp>）</rp></ruby></p>",社会三年 科目::地理 優先::A 単元::G07 学年::中1
輸出量・価格・輸出額の関係,"<p>同じ品目の輸出額は、輸出量と単価の両方に左右される。</p><p><strong>ポイント</strong><br>量が増えても、価格下落が大きければ収入は減る。</p><p class=""related""><strong>関連語</strong><br>資源輸出・貿易統計</p>",社会三年 科目::地理 優先::A 単元::G07 学年::中1
産業の多様化と輸出先の分散,"<p>前者は生産・収入源の種類を増やし、後者は売る相手の集中を小さくすること。</p><p><strong>ポイント</strong><br>同じ資源を多くの国へ売っても、資源価格への依存は残る。</p><p class=""related""><strong>関連語</strong><br>経済の安定・資源</p>",社会三年 科目::地理 優先::A 単元::G07 学年::中1
偏西風,"<p>中緯度で主に西から東へ吹く風。</p><p><strong>ポイント</strong><br>西ヨーロッパでは大西洋の影響を内陸へ運ぶ。</p><p class=""related""><strong>関連語</strong><br>西岸海洋性気候・暖流</p>",社会三年 科目::地理 優先::S 単元::G08 学年::中1
北大西洋海流,"<p>北大西洋を北東へ流れる暖流。</p><p><strong>ポイント</strong><br>偏西風とともに西ヨーロッパの比較的温暖な冬に関わる。</p><p class=""related""><strong>関連語</strong><br>暖流・ヨーロッパ</p>",社会三年 科目::地理 優先::S 単元::G08 学年::中1
混合農業,"<p>穀物などの栽培と、家畜の飼育を組み合わせる農業。</p><p><strong>ポイント</strong><br>作物を<ruby>飼料<rp>（</rp><rt>しりょう</rt><rp>）</rp></ruby>にし、家畜のふんを肥料にするなど相互に利用する。</p><p class=""related""><strong>関連語</strong><br>穀物・家畜</p>",社会三年 科目::地理 優先::S 単元::G08 学年::中1
<ruby>酪農<rp>（</rp><rt>らくのう</rt><rp>）</rp></ruby>,"<p>乳牛などを飼い、牛乳や乳製品の原料を生産する農業。</p><p><strong>ポイント</strong><br>肉を生産する畜産と区別する。</p><p class=""related""><strong>関連語</strong><br>乳牛・冷涼な気候</p>",社会三年 科目::地理 優先::S 単元::G08 学年::中1
地中海式農業,"<p>夏の乾燥に適したオリーブ・ぶどうなどを栽培する農業。</p><p><strong>ポイント</strong><br>地中海性気候の雨の季節差と結び付ける。</p><p class=""related""><strong>関連語</strong><br>オリーブ・ぶどう</p>",社会三年 科目::地理 優先::S 単元::G08 学年::中1
アルプス山脈,"<p>ヨーロッパの中央南部に連なる山脈。</p><p><strong>ポイント</strong><br>高山の自然や観光、交通との関係に注目する。</p><p class=""related""><strong>関連語</strong><br>スイス・高山</p>",社会三年 科目::地理 優先::S 単元::G08 学年::中1
ライン川,"<p>西ヨーロッパを流れ、北海へ注ぐ国際河川。</p><p><strong>ポイント</strong><br>内陸の工業地域と港を結ぶ水運が重要。</p><p class=""related""><strong>関連語</strong><br>ルール地方・水運</p>",社会三年 科目::地理 優先::S 単元::G08 学年::中1
ルール地方,"<p>ドイツ西部の、石炭を背景に発展した工業地域。</p><p><strong>ポイント</strong><br>石炭・鉄鋼の歴史だけでなく、産業転換も見る。</p><p class=""related""><strong>関連語</strong><br>ライン川・工業化</p>",社会三年 科目::地理 優先::S 単元::G08 学年::中1
EU,"<p>ヨーロッパ連合。加盟国が経済や政治などで協力する地域統合の組織。</p><p><strong>ポイント</strong><br>ヨーロッパの全ての国が加盟しているわけではない。</p><p class=""related""><strong>関連語</strong><br>地域統合・単一市場</p>",社会三年 科目::地理 優先::S 単元::G08 学年::中1
ユーロ,"<p>EU加盟国の一部が導入している共通通貨。</p><p><strong>ポイント</strong><br>EU加盟国全ての通貨ではない。</p><p class=""related""><strong>関連語</strong><br>EU・通貨</p>",社会三年 科目::地理 優先::S 単元::G08 学年::中1
EUの単一市場,"<p>加盟国間で人・物・サービス・資本の移動を進める仕組み。</p><p><strong>ポイント</strong><br>国境がなくなり国家も消える、という意味ではない。</p><p class=""related""><strong>関連語</strong><br>地域統合・貿易</p>",社会三年 科目::地理 優先::A 単元::G08 学年::中1
イギリスのEU離脱,"<p>イギリスが2020年にEUを離脱したこと。</p><p><strong>ポイント</strong><br>ヨーロッパに位置することと、EU加盟は別。</p><p class=""related""><strong>関連語</strong><br>EU・地域統合</p>",社会三年 科目::地理 優先::A 単元::G08 学年::中1
ヨーロッパの地域間格差,"<p>加盟国間や国内地域の間に、所得や雇用などの差があること。</p><p><strong>ポイント</strong><br>協力による市場拡大と、格差への対応を両方考える。</p><p class=""related""><strong>関連語</strong><br>EU・人口移動</p>",社会三年 科目::地理 優先::A 単元::G08 学年::中1
移民,"<p>生活や仕事などのため、他の国へ移り住む人々。</p><p><strong>ポイント</strong><br>国や個人によって背景は多様。難民とは概念が異なる。</p><p class=""related""><strong>関連語</strong><br>人口移動・多文化社会</p>",社会三年 科目::地理 優先::A 単元::G08 学年::中1
ロッテルダム,"<p>オランダにある、海上輸送とヨーロッパ内陸の交通を結ぶ大きな港湾都市。</p><p><strong>ポイント</strong><br>港の取扱量と、その国だけの消費量は同じではない。</p><p class=""related""><strong>関連語</strong><br>ライン川・物流</p>",社会三年 科目::地理 優先::S 単元::G08 学年::中1
国際河川の水運,"<p>複数の国にまたがる川を、物や人の輸送に利用すること。</p><p><strong>ポイント</strong><br>水深や港の設備、水位、国際的な協力が利用条件になる。</p><p class=""related""><strong>関連語</strong><br>ライン川・貿易</p>",社会三年 科目::地理 優先::A 単元::G08 学年::中1
園芸農業,"<p>野菜・果樹・花などを栽培する農業。</p><p><strong>ポイント</strong><br>温室や輸送・販売の工夫によって、離れた市場にも供給できる。</p><p class=""related""><strong>関連語</strong><br>都市・施設栽培</p>",社会三年 科目::地理 優先::S 単元::G08 学年::中1
生乳の加工と流通,"<p>乳牛から得た生乳を保存・輸送し、飲用や乳製品へ加工して届ける仕組み。</p><p><strong>ポイント</strong><br><ruby>酪農<rp>（</rp><rt>らくのう</rt><rp>）</rp></ruby>は草地だけでなく加工場や交通とも結び付く。</p><p class=""related""><strong>関連語</strong><br>酪農・食品工業</p>",社会三年 科目::地理 優先::A 単元::G08 学年::中1
市場統合と共通の規格,"<p>製品などの基準をそろえ、複数の国で販売・取引しやすくすること。</p><p><strong>ポイント</strong><br>関税だけでなく、制度や規格の違いも取引の条件になる。</p><p class=""related""><strong>関連語</strong><br>EU・単一市場</p>",社会三年 科目::地理 優先::A 単元::G08 学年::中1
EUとユーロ使用国の範囲,"<p>EU加盟とユーロ導入は別の制度で、範囲は一致しない。</p><p><strong>ポイント</strong><br>ヨーロッパ全域がEUやユーロ使用国になるわけではない。</p><p class=""related""><strong>関連語</strong><br>地域統合・通貨</p>",社会三年 科目::地理 優先::A 単元::G08 学年::中1
共通通貨の取引上の利点,"<p>同じ通貨を使う地域同士では、通貨交換の手間や相互の為替変動をなくせる。</p><p><strong>ポイント</strong><br>共通通貨だけで所得や景気の差がなくなるわけではない。</p><p class=""related""><strong>関連語</strong><br>ユーロ・経済</p>",社会三年 科目::地理 優先::A 単元::G08 学年::中1
工業地域の産業転換,"<p>従来中心だった産業から、別の製造業や研究・サービス業などへ構成を変えること。</p><p><strong>ポイント</strong><br>過去の工場や資源の分布だけで、現在の産業構成を決めない。</p><p class=""related""><strong>関連語</strong><br>ルール地方・雇用</p>",社会三年 科目::地理 優先::A 単元::G08 学年::中1
内陸への海の影響の減少,"<p>海から離れるにつれて気温変化を和らげる影響が弱まり、<ruby>年較差<rp>（</rp><rt>ねんかくさ</rt><rp>）</rp></ruby>が大きくなりやすいこと。</p><p><strong>ポイント</strong><br>西ヨーロッパと大陸内部を比較する条件の一つ。</p><p class=""related""><strong>関連語</strong><br>偏西風・大陸性</p>",社会三年 科目::地理 優先::A 単元::G08 学年::中1
港の取扱量と国内消費量,"<p>港の貨物には、他国や別の地域へさらに運ぶものも含まれる。</p><p><strong>ポイント</strong><br>港を通過した量を、その場所で消費した量と同一視しない。</p><p class=""related""><strong>関連語</strong><br>中継・貿易統計</p>",社会三年 科目::地理 優先::A 単元::G08 学年::中1
サハラ砂漠,"<p>アフリカ北部に広がる大きな砂漠。</p><p><strong>ポイント</strong><br>アフリカ全体が砂漠ではない。</p><p class=""related""><strong>関連語</strong><br>乾燥帯・北アフリカ</p>",社会三年 科目::地理 優先::S 単元::G09 学年::中1
サヘル,"<p>サハラ砂漠の南側に広がる半乾燥の地域。</p><p><strong>ポイント</strong><br>干ばつや土地の過度な利用による影響を受けやすい。</p><p class=""related""><strong>関連語</strong><br>砂漠化・過放牧</p>",社会三年 科目::地理 優先::A 単元::G09 学年::中1
砂漠化,"<p>乾燥地域などで、気候変動や人間の活動によって土地が劣化すること。</p><p><strong>ポイント</strong><br>単に砂が広がることだけではない。</p><p class=""related""><strong>関連語</strong><br>過放牧・森林伐採</p>",社会三年 科目::地理 優先::S 単元::G09 学年::中1
ナイル川,"<p>アフリカ北東部を北へ流れ、地中海に注ぐ大河。</p><p><strong>ポイント</strong><br>古代エジプト文明と結び付ける。</p><p class=""related""><strong>関連語</strong><br><ruby>灌漑<rp>（</rp><rt>かんがい</rt><rp>）</rp></ruby>・エジプト</p>",社会三年 科目::地理 優先::S 単元::G09 学年::中1
コンゴ盆地,"<p>アフリカ中央部に広がる盆地。赤道付近の熱帯雨林が分布。</p><p><strong>ポイント</strong><br>サハラ砂漠と気候を対比する。</p><p class=""related""><strong>関連語</strong><br>熱帯雨林・コンゴ川</p>",社会三年 科目::地理 優先::S 単元::G09 学年::中1
カカオ,"<p>チョコレートなどの原料となる熱帯の作物。西アフリカなどで生産。</p><p><strong>ポイント</strong><br>価格変動と生産者の生活、フェアトレードを関連付ける。</p><p class=""related""><strong>関連語</strong><br>商品作物・貿易</p>",社会三年 科目::地理 優先::S 単元::G09 学年::中1
一次産品,"<p>農産物や鉱産資源など、大きな加工をする前の産品。</p><p><strong>ポイント</strong><br>少数の一次産品への依存は経済を不安定にする場合がある。</p><p class=""related""><strong>関連語</strong><br>モノカルチャー経済・原料</p>",社会三年 科目::地理 優先::S 単元::G09 学年::中1
植民地,"<p>他国の支配を受け、政治や経済などをその国に従属させられた地域。</p><p><strong>ポイント</strong><br>近代のアフリカの産業や国境を考える背景。</p><p class=""related""><strong>関連語</strong><br>帝国主義・独立</p>",社会三年 科目::地理 優先::S 単元::G09 学年::中1
アフリカの直線的な国境,"<p>植民地を分割した歴史などにより、直線で区切られた国境が見られること。</p><p><strong>ポイント</strong><br>全ての国境が直線ではなく、紛争の原因も国境だけではない。</p><p class=""related""><strong>関連語</strong><br>植民地支配・民族</p>",社会三年 科目::地理 優先::A 単元::G09 学年::中1
南アフリカ共和国,"<p>アフリカ南端の国。鉱産資源や工業などが重要な経済をもつ。</p><p><strong>ポイント</strong><br>大陸全体の産業を一様に見ないための例。</p><p class=""related""><strong>関連語</strong><br>鉱業・工業</p>",社会三年 科目::地理 優先::S 単元::G09 学年::中1
アパルトヘイト,"<p>南アフリカ共和国で行われた人種隔離政策。</p><p><strong>ポイント</strong><br>撤廃後、1994年に全人種が参加する選挙が行われた。</p><p class=""related""><strong>関連語</strong><br>人種差別・平等</p>",社会三年 科目::地理 優先::S 単元::G09 学年::中1
アフリカ連合（AU）,"<p>アフリカ諸国が平和や経済発展などのために協力する地域組織。</p><p><strong>ポイント</strong><br>一つの国や政府ではない。</p><p class=""related""><strong>関連語</strong><br>地域協力・国際社会</p>",社会三年 科目::地理 優先::A 単元::G09 学年::中1
過放牧,"<p>草地が回復する力を超えて家畜を放牧すること。</p><p><strong>ポイント</strong><br>植生が減り、土地の劣化につながることがある。</p><p class=""related""><strong>関連語</strong><br>砂漠化・草地</p>",社会三年 科目::地理 優先::A 単元::G09 学年::中1
アフリカの産業を読む注意点,"<p>少数の輸出品への依存と、工業・サービス業などの発展の両方を見る。</p><p><strong>ポイント</strong><br>大陸全体を「資源だけ」「貧困だけ」で説明しない。</p><p class=""related""><strong>関連語</strong><br>多様化・都市化</p>",社会三年 科目::地理 優先::A 単元::G09 学年::中1
アトラス山脈,"<p>アフリカ北西部に連なる山脈。</p><p><strong>ポイント</strong><br>北部の自然を砂漠だけで捉えないための地形の例。</p><p class=""related""><strong>関連語</strong><br>山地・北アフリカ</p>",社会三年 科目::地理 優先::S 単元::G09 学年::中1
大地溝帯,"<p>アフリカ東部などに見られる、大地の割れ目に沿う大規模な地形のまとまり。</p><p><strong>ポイント</strong><br>高原や湖などを含む東アフリカの地形を考える。</p><p class=""related""><strong>関連語</strong><br>地形・東アフリカ</p>",社会三年 科目::地理 優先::A 単元::G09 学年::中1
ギニア湾,"<p>アフリカ大陸西部から中央部にかけての大西洋の湾。</p><p><strong>ポイント</strong><br>沿岸の農産物・資源の産地や港の位置を結び付ける。</p><p class=""related""><strong>関連語</strong><br>西アフリカ・貿易</p>",社会三年 科目::地理 優先::S 単元::G09 学年::中1
西アフリカのカカオ生産,"<p>コートジボワールやガーナなどで行われる、カカオの栽培。</p><p><strong>ポイント</strong><br>熱帯の生産条件と、世界の食品産業が結び付く。</p><p class=""related""><strong>関連語</strong><br>商品作物・チョコレート</p>",社会三年 科目::地理 優先::S 単元::G09 学年::中1
ナイジェリアの資源輸出,"<p>原油などの輸出が経済に関わる、西アフリカの国の特徴。</p><p><strong>ポイント</strong><br>生産量だけでなく価格や産業構成を確認する。</p><p class=""related""><strong>関連語</strong><br>原油・ギニア湾</p>",社会三年 科目::地理 優先::A 単元::G09 学年::中1
干ばつと砂漠化の違い,"<p>干ばつは降水不足による水不足、砂漠化は乾燥地域などで起こる土地の劣化。</p><p><strong>ポイント</strong><br>干ばつが土地の劣化に関わる場合もあるが、同じ意味ではない。</p><p class=""related""><strong>関連語</strong><br>サヘル・植生</p>",社会三年 科目::地理 優先::A 単元::G09 学年::中1
植民地期の原料輸送,"<p>鉱山や農園から港へ資源・農産物を運ぶ仕組み。</p><p><strong>ポイント</strong><br>建設目的によっては、国内各地域を結ぶ交通が不足する場合がある。</p><p class=""related""><strong>関連語</strong><br>植民地・鉄道</p>",社会三年 科目::地理 優先::A 単元::G09 学年::中1
原料の国内加工,"<p>輸出する原料を自国で加工し、製品などへ変えること。</p><p><strong>ポイント</strong><br>設備・人材・電力・市場と追加費用の確保が必要。</p><p class=""related""><strong>関連語</strong><br>産業の多様化・付加価値</p>",社会三年 科目::地理 優先::A 単元::G09 学年::中1
都市人口と生活基盤,"<p>人口集中に応じて住宅・水道・交通・教育などの整備が必要になる関係。</p><p><strong>ポイント</strong><br>都市人口の増加だけで住民の生活が改善したとは断定できない。</p><p class=""related""><strong>関連語</strong><br>都市化・行政</p>",社会三年 科目::地理 優先::A 単元::G09 学年::中1
移動通信と金融サービス,"<p>携帯電話などを利用し、離れた相手と送金や情報のやり取りをする仕組み。</p><p><strong>ポイント</strong><br>通信費や利用環境による差にも注意する。</p><p class=""related""><strong>関連語</strong><br>情報化・地域生活</p>",社会三年 科目::地理 優先::A 単元::G09 学年::中1
ロッキー山脈,"<p>北アメリカ大陸の西部に連なる山脈。</p><p><strong>ポイント</strong><br>東部のアパラチア山脈と位置を対比する。</p><p class=""related""><strong>関連語</strong><br>北アメリカ・山地</p>",社会三年 科目::地理 優先::S 単元::G10 学年::中1
アパラチア山脈,"<p>北アメリカ大陸東部の山脈。石炭などを背景に工業化と関わった。</p><p><strong>ポイント</strong><br>ロッキー山脈より東。</p><p class=""related""><strong>関連語</strong><br>石炭・工業</p>",社会三年 科目::地理 優先::S 単元::G10 学年::中1
ミシシッピ川,"<p>北アメリカ中央部を流れ、メキシコ湾へ注ぐ大河。</p><p><strong>ポイント</strong><br>内陸の農業地域と水運を結び付ける。</p><p class=""related""><strong>関連語</strong><br>平原・輸送</p>",社会三年 科目::地理 優先::S 単元::G10 学年::中1
五大湖,"<p>アメリカ合衆国とカナダの国境付近にある五つの大きな湖。</p><p><strong>ポイント</strong><br>水運や工業の発展に関わる。</p><p class=""related""><strong>関連語</strong><br>鉄鋼業・自動車工業</p>",社会三年 科目::地理 優先::S 単元::G10 学年::中1
適地適作,"<p>気候や土壌など、その土地の条件に適した作物を作ること。</p><p><strong>ポイント</strong><br>地域ごとに作物が違う理由を説明する。</p><p class=""related""><strong>関連語</strong><br>気候・土壌・農業</p>",社会三年 科目::地理 優先::S 単元::G10 学年::中1
企業的農業,"<p>大規模な経営や機械化などによって、販売を目的に行う農業。</p><p><strong>ポイント</strong><br>家族経営でも大規模・企業的な形がある。</p><p class=""related""><strong>関連語</strong><br>機械化・労働生産性</p>",社会三年 科目::地理 優先::A 単元::G10 学年::中1
労働生産性,"<p>一定の労働者数や労働時間あたりに、どれだけ生産できるかを表す尺度。</p><p><strong>ポイント</strong><br>土地面積あたりの収穫量とは違う。</p><p class=""related""><strong>関連語</strong><br>機械化・大規模農業</p>",社会三年 科目::地理 優先::A 単元::G10 学年::中1
アグリビジネス,"<p>農業資材の供給から生産・加工・流通・販売までに関わる企業活動。</p><p><strong>ポイント</strong><br>農業を幅広い産業のつながりとして捉える。</p><p class=""related""><strong>関連語</strong><br>食品産業・国際分業</p>",社会三年 科目::地理 優先::A 単元::G10 学年::中1
サンベルト,"<p>アメリカ合衆国の南部・西部を中心とする、工業や人口が発展した地域。</p><p><strong>ポイント</strong><br>先端産業などが立地。全て同じ産業ではない。</p><p class=""related""><strong>関連語</strong><br>航空宇宙産業・電子工業</p>",社会三年 科目::地理 優先::S 単元::G10 学年::中1
シリコンバレー,"<p>カリフォルニア州の、情報通信などの先端産業が集まる地域。</p><p><strong>ポイント</strong><br>大学・研究機関・人材・資金の結び付きが重要。</p><p class=""related""><strong>関連語</strong><br>ICT・先端技術産業</p>",社会三年 科目::地理 優先::S 単元::G10 学年::中1
デトロイト,"<p>アメリカ合衆国の五大湖周辺にある、自動車工業で発展した都市。</p><p><strong>ポイント</strong><br>工業地域の歴史と変化を考える例。</p><p class=""related""><strong>関連語</strong><br>自動車工業・五大湖</p>",社会三年 科目::地理 優先::S 単元::G10 学年::中1
ワシントンD.C.,"<p>アメリカ合衆国の首都。</p><p><strong>ポイント</strong><br>ニューヨークや西部のワシントン州と混同しない。</p><p class=""related""><strong>関連語</strong><br>首都・北アメリカ</p>",社会三年 科目::地理 優先::S 単元::G10 学年::中1
カナダ,"<p>アメリカ合衆国の北に位置する国。森林・鉱産資源、農業、工業などが重要。</p><p><strong>ポイント</strong><br>首都はオタワ。北部と南部で自然・人口分布が異なる。</p><p class=""related""><strong>関連語</strong><br>北アメリカ・資源</p>",社会三年 科目::地理 優先::S 単元::G10 学年::中1
メキシコとアメリカ合衆国の経済的な結び付き,"<p>国境を越える部品・製品の取引や、企業の生産拠点などで結び付く。</p><p><strong>ポイント</strong><br>一つの製品の工程が複数の国に分かれる例。</p><p class=""related""><strong>関連語</strong><br>国際分業・貿易</p>",社会三年 科目::地理 優先::A 単元::G10 学年::中1
グレートプレーンズ,"<p>北アメリカのロッキー山脈東側に広がる大平原。</p><p><strong>ポイント</strong><br>降水条件に応じて小麦栽培や牧畜などが行われる。</p><p class=""related""><strong>関連語</strong><br>アメリカ合衆国・農業</p>",社会三年 科目::地理 優先::S 単元::G10 学年::中1
プレーリー,"<p>北アメリカ中央部に広がる草原地域。</p><p><strong>ポイント</strong><br>穀物栽培などへ利用されてきた土地と、降水条件を結び付ける。</p><p class=""related""><strong>関連語</strong><br>平原・農地</p>",社会三年 科目::地理 優先::S 単元::G10 学年::中1
とうもろこしと畜産の結び付き,"<p>とうもろこしが家畜の<ruby>飼料<rp>（</rp><rt>しりょう</rt><rp>）</rp></ruby>にも使われ、穀物生産と畜産が関連すること。</p><p><strong>ポイント</strong><br>穀物の生産量を、そのまま人が直接食べる量とみなさない。</p><p class=""related""><strong>関連語</strong><br>飼料・アグリビジネス</p>",社会三年 科目::地理 優先::A 単元::G10 学年::中1
土地生産性,"<p>一定の土地面積当たりに、どれだけの生産が得られるかを表す尺度。</p><p><strong>ポイント</strong><br>労働者一人当たりの生産性とは分母が違う。</p><p class=""related""><strong>関連語</strong><br>収穫量・農業</p>",社会三年 科目::地理 優先::S 単元::G10 学年::中1
センターピボット方式,"<p>中心を軸に散水装置を回転させ、周囲へ水を配る灌漑方式。</p><p><strong>ポイント</strong><br>円形の畑ができることがある。地下水の持続的利用も課題になる。</p><p class=""related""><strong>関連語</strong><br><ruby>灌漑<rp>（</rp><rt>かんがい</rt><rp>）</rp></ruby>・農地の形</p>",社会三年 科目::地理 優先::A 単元::G10 学年::中1
農産物の集荷と貯蔵,"<p>各地の収穫物を集め、出荷や加工まで保管する仕組み。</p><p><strong>ポイント</strong><br>生産量に見合う輸送・保管の設備が必要。</p><p class=""related""><strong>関連語</strong><br>穀物・物流</p>",社会三年 科目::地理 優先::A 単元::G10 学年::中1
生産量と輸出量の違い,"<p>生産量は作られた量、輸出量は国外へ販売・搬出する量。</p><p><strong>ポイント</strong><br>国内消費や在庫などがあるため、二つは一致するとは限らない。</p><p class=""related""><strong>関連語</strong><br>貿易・農業統計</p>",社会三年 科目::地理 優先::A 単元::G10 学年::中1
知識集約型産業,"<p>研究開発や専門的な知識・技術が重要な役割を果たす産業。</p><p><strong>ポイント</strong><br>大学や技術者などへの近さが立地に関わる。</p><p class=""related""><strong>関連語</strong><br>先端技術・研究</p>",社会三年 科目::地理 優先::S 単元::G10 学年::中1
先端産業の集積効果,"<p>研究機関や企業、人材が集まり、知識や人の交流を通じて活動しやすくなること。</p><p><strong>ポイント</strong><br>鉱山への近さとは異なる立地上の利点。</p><p class=""related""><strong>関連語</strong><br>シリコンバレー・大学</p>",社会三年 科目::地理 優先::A 単元::G10 学年::中1
ニューヨーク,"<p>アメリカ合衆国東部の、金融・商業・国際的な業務が集まる大都市。</p><p><strong>ポイント</strong><br>首都のワシントンD.C.とは異なる。</p><p class=""related""><strong>関連語</strong><br>都市機能・金融</p>",社会三年 科目::地理 優先::S 単元::G10 学年::中1
アンデス山脈,"<p>南アメリカ大陸西部を南北に連なる山脈。</p><p><strong>ポイント</strong><br>高地の気候・農業と結び付ける。</p><p class=""related""><strong>関連語</strong><br>高山気候・南アメリカ</p>",社会三年 科目::地理 優先::S 単元::G11 学年::中1
アマゾン川,"<p>南アメリカ北部を主に東へ流れ、大西洋へ注ぐ大河。</p><p><strong>ポイント</strong><br>流域には広い熱帯雨林がある。</p><p class=""related""><strong>関連語</strong><br>赤道・ブラジル</p>",社会三年 科目::地理 優先::S 単元::G11 学年::中1
パンパ,"<p>アルゼンチンなど、ラプラタ川流域に広がる草原。</p><p><strong>ポイント</strong><br>牧畜や小麦栽培が盛ん。</p><p class=""related""><strong>関連語</strong><br>草原・アルゼンチン</p>",社会三年 科目::地理 優先::S 単元::G11 学年::中1
ブラジル,"<p>南アメリカの大国。大豆・鉄鉱石などの輸出や工業が重要。</p><p><strong>ポイント</strong><br>首都はブラジリア。コーヒーだけで説明しない。</p><p class=""related""><strong>関連語</strong><br>ポルトガル語・アマゾン川</p>",社会三年 科目::地理 優先::S 単元::G11 学年::中1
ブラジリア,"<p>ブラジルの首都。内陸に建設された計画都市。</p><p><strong>ポイント</strong><br>サンパウロやリオデジャネイロと区別する。</p><p class=""related""><strong>関連語</strong><br>ブラジル・首都</p>",社会三年 科目::地理 優先::S 単元::G11 学年::中1
チリ,"<p>南アメリカ西岸に南北に細長く広がる国。銅などの資源が重要。</p><p><strong>ポイント</strong><br>アンデス山脈と太平洋の位置関係をつかむ。</p><p class=""related""><strong>関連語</strong><br>銅・鉱業</p>",社会三年 科目::地理 優先::S 単元::G11 学年::中1
アマゾンの森林減少,"<p>農地・牧場・道路の拡大や資源開発などにより、熱帯雨林が失われること。</p><p><strong>ポイント</strong><br>雇用・収入と、生態系・気候・住民生活への影響を両方考える。</p><p class=""related""><strong>関連語</strong><br>開発・生物多様性</p>",社会三年 科目::地理 優先::A 単元::G11 学年::中1
生物多様性,"<p>さまざまな生物や遺伝的な違い、生態系が存在すること。</p><p><strong>ポイント</strong><br>熱帯雨林の保全を考える重要な観点。</p><p class=""related""><strong>関連語</strong><br>生態系・森林</p>",社会三年 科目::地理 優先::S 単元::G11 学年::中1
先住民,"<p>外からの支配や入植より前から、その地域で独自の文化や社会を営んできた人々。</p><p><strong>ポイント</strong><br>開発では土地・文化・生活への権利にも配慮が必要。</p><p class=""related""><strong>関連語</strong><br>文化・人権</p>",社会三年 科目::地理 優先::A 単元::G11 学年::中1
南アメリカの言語と植民地支配,"<p>ブラジルのポルトガル語や、多くの国のスペイン語には植民地支配の歴史が関わる。</p><p><strong>ポイント</strong><br>先住民の言語などもあり、全ての国を一律にしない。</p><p class=""related""><strong>関連語</strong><br>ポルトガル・スペイン</p>",社会三年 科目::地理 優先::A 単元::G11 学年::中1
アンデス高地の農業,"<p>標高による気温の違いを利用し、じゃがいも栽培や家畜飼育などが営まれる。</p><p><strong>ポイント</strong><br>低緯度でも高地は涼しい。</p><p class=""related""><strong>関連語</strong><br>標高・リャマ</p>",社会三年 科目::地理 優先::A 単元::G11 学年::中1
スラム,"<p>都市で、住宅や上下水道などの整備が十分でない居住地区。</p><p><strong>ポイント</strong><br>住民を一様に決め付けず、都市化と社会基盤の課題として考える。</p><p class=""related""><strong>関連語</strong><br>都市化・住宅</p>",社会三年 科目::地理 優先::A 単元::G11 学年::中1
森林が減ると気候に影響する理由,"<p>森林が蓄える炭素や吸収する二酸化炭素に変化が生じ、伐採・焼却などで温室効果ガスも排出されるため。</p><p><strong>ポイント</strong><br>森林の役割を「酸素を作る」だけで終わらせない。</p><p class=""related""><strong>関連語</strong><br>炭素・温室効果ガス</p>",社会三年 科目::地理 優先::A 単元::G11 学年::中1
開発と保全を考える観点,"<p>収入や雇用だけでなく、環境、地域住民、将来の世代への影響を比較する。</p><p><strong>ポイント</strong><br>利点と負担が、誰に生じるかを確かめる。</p><p class=""related""><strong>関連語</strong><br>持続可能性・生物多様性</p>",社会三年 科目::地理 優先::A 単元::G11 学年::中1
ブラジル高原,"<p>ブラジルの中部から東部などに広がる高原。</p><p><strong>ポイント</strong><br>アマゾンの低地や熱帯雨林と区別して土地利用を見る。</p><p class=""related""><strong>関連語</strong><br>南アメリカ・地形</p>",社会三年 科目::地理 優先::S 単元::G11 学年::中1
セラード,"<p>ブラジル中部などの、草原や低木・樹木が分布する地域。</p><p><strong>ポイント</strong><br>農業開発には土壌改良や栽培技術も関わった。</p><p class=""related""><strong>関連語</strong><br>大豆・土地利用</p>",社会三年 科目::地理 優先::S 単元::G11 学年::中1
土壌改良と農業開発,"<p>土の性質を改善し、作物を育てやすい条件を整えること。</p><p><strong>ポイント</strong><br>気候が適していても、土の条件や技術が必要な場合がある。</p><p class=""related""><strong>関連語</strong><br>セラード・農業技術</p>",社会三年 科目::地理 優先::A 単元::G11 学年::中1
大豆と<ruby>飼料<rp>（</rp><rt>しりょう</rt><rp>）</rp></ruby>,"<p>大豆は食用・油の原料に加え、加工後の大豆かすなどが家畜の<ruby>飼料<rp>（</rp><rt>しりょう</rt><rp>）</rp></ruby>にも使われる。</p><p><strong>ポイント</strong><br>畑作と他国の畜産が貿易で結び付く。</p><p class=""related""><strong>関連語</strong><br>国際分業・畜産</p>",社会三年 科目::地理 優先::S 単元::G11 学年::中1
さとうきび,"<p>茎に糖分を蓄える、温暖な地域で栽培される作物。</p><p><strong>ポイント</strong><br>砂糖やバイオエタノールの原料になる。</p><p class=""related""><strong>関連語</strong><br>ブラジル・商品作物</p>",社会三年 科目::地理 優先::S 単元::G11 学年::中1
バイオエタノール,"<p>植物などの原料から発酵などで作るエタノールで、燃料としても利用される。</p><p><strong>ポイント</strong><br>農地・水・食料生産との関係も考える。</p><p class=""related""><strong>関連語</strong><br>さとうきび・エネルギー</p>",社会三年 科目::地理 優先::A 単元::G11 学年::中1
ラプラタ川,"<p>南アメリカ南東部の大西洋へ注ぐ河川・河口域の呼び名。</p><p><strong>ポイント</strong><br>流域の農牧業と港湾を結ぶ位置に注目する。</p><p class=""related""><strong>関連語</strong><br>パンパ・アルゼンチン</p>",社会三年 科目::地理 優先::S 単元::G11 学年::中1
リャマとアルパカ,"<p>南アメリカの高地で飼育され、毛や荷運びなどに利用されてきた家畜。</p><p><strong>ポイント</strong><br>全て同じ用途ではなく、高地の暮らしと結び付ける。</p><p class=""related""><strong>関連語</strong><br>アンデス・牧畜</p>",社会三年 科目::地理 優先::S 単元::G11 学年::中1
道路開発と森林利用,"<p>道路によって輸送が便利になると、その周辺の農地・牧場などの開発も進みうる関係。</p><p><strong>ポイント</strong><br>道路自体の面積だけで環境への影響を測らない。</p><p class=""related""><strong>関連語</strong><br>アマゾン・土地利用</p>",社会三年 科目::地理 優先::A 単元::G11 学年::中1
生産性向上と森林保全,"<p>既存農地の改善は開発圧力を減らす可能性があるが、市場や土地利用規制にも結果が左右される。</p><p><strong>ポイント</strong><br>収穫量が増えれば自動的に伐採が減るとは限らない。</p><p class=""related""><strong>関連語</strong><br>農業・持続可能性</p>",社会三年 科目::地理 優先::A 単元::G11 学年::中1
オーストラリアの人口分布,"<p>内陸の乾燥地域は人口が少なく、東部・南東部などの沿岸に人口が集まる。</p><p><strong>ポイント</strong><br>水・交通・産業など複数の条件で説明する。</p><p class=""related""><strong>関連語</strong><br>乾燥・沿岸部</p>",社会三年 科目::地理 優先::S 単元::G12 学年::中1
キャンベラ,"<p>オーストラリアの首都。</p><p><strong>ポイント</strong><br>大都市シドニーやメルボルンと区別する。</p><p class=""related""><strong>関連語</strong><br>首都・オーストラリア</p>",社会三年 科目::地理 優先::S 単元::G12 学年::中1
オーストラリアの農牧業,"<p>広い土地を利用した羊・牛の飼育や、小麦栽培など。</p><p><strong>ポイント</strong><br>降水量に合った土地利用が重要。</p><p class=""related""><strong>関連語</strong><br>適地適作・牧畜</p>",社会三年 科目::地理 優先::S 単元::G12 学年::中1
オーストラリアの鉱産資源,"<p>鉄鉱石や石炭などが重要な資源。</p><p><strong>ポイント</strong><br>アジアの工業と輸出で結び付く。</p><p class=""related""><strong>関連語</strong><br>鉄鉱石・石炭・貿易</p>",社会三年 科目::地理 優先::S 単元::G12 学年::中1
ニュージーランド,"<p>オーストラリアの南東に位置する島国。<ruby>酪農<rp>（</rp><rt>らくのう</rt><rp>）</rp></ruby>・羊の飼育などが盛ん。</p><p><strong>ポイント</strong><br>首都はウェリントン。</p><p class=""related""><strong>関連語</strong><br>オセアニア・酪農</p>",社会三年 科目::地理 優先::S 単元::G12 学年::中1
アボリジナルの人々,"<p>オーストラリアの先住民の人々。多様な言語・文化・共同体をもつ。</p><p><strong>ポイント</strong><br>単一の生活様式としてまとめない。</p><p class=""related""><strong>関連語</strong><br>先住民・文化</p>",社会三年 科目::地理 優先::A 単元::G12 学年::中1
マオリ,"<p>ニュージーランドの先住民。</p><p><strong>ポイント</strong><br>オーストラリアの先住民との混同を避ける。</p><p class=""related""><strong>関連語</strong><br>先住民・ニュージーランド</p>",社会三年 科目::地理 優先::S 単元::G12 学年::中1
白豪主義,"<p>オーストラリアでかつて行われた、主に非ヨーロッパ系移民を制限する政策。</p><p><strong>ポイント</strong><br>現在の多文化主義とは区別する。</p><p class=""related""><strong>関連語</strong><br>移民・差別</p>",社会三年 科目::地理 優先::A 単元::G12 学年::中1
多文化主義,"<p>異なる文化をもつ人々の存在や権利を尊重し、共に暮らすことを目指す考え方。</p><p><strong>ポイント</strong><br>全員を同じ文化に変えるという意味ではない。</p><p class=""related""><strong>関連語</strong><br>移民・文化・人権</p>",社会三年 科目::地理 優先::S 単元::G12 学年::中1
環礁,"<p>サンゴ礁が輪のように連なってできた地形。</p><p><strong>ポイント</strong><br>低い土地では高潮や海面上昇、淡水確保が課題になる。</p><p class=""related""><strong>関連語</strong><br>太平洋・サンゴ礁</p>",社会三年 科目::地理 優先::S 単元::G12 学年::中1
太平洋の島々と海面上昇,"<p>低い島では、浸水や海岸侵食、地下水への塩水の混入などが問題になる。</p><p><strong>ポイント</strong><br>全ての島が低い環礁ではない。</p><p class=""related""><strong>関連語</strong><br>気候変動・水資源</p>",社会三年 科目::地理 優先::A 単元::G12 学年::中1
オセアニアとアジアの結び付き,"<p>資源・農産物の貿易や、人の移動などを通じて結び付きが強まってきた。</p><p><strong>ポイント</strong><br>歴史的なイギリスとの関係だけで現在を説明しない。</p><p class=""related""><strong>関連語</strong><br>貿易・移民</p>",社会三年 科目::地理 優先::A 単元::G12 学年::中1
グレートバリアリーフ,"<p>オーストラリア北東岸沖に広がる大規模なサンゴ礁。</p><p><strong>ポイント</strong><br>観光と生態系の保全が関わる。</p><p class=""related""><strong>関連語</strong><br>サンゴ礁・海洋環境</p>",社会三年 科目::地理 優先::S 単元::G12 学年::中1
南北半球の季節差を生かす貿易,"<p>収穫時期がずれることを利用し、果物などを季節の異なる市場へ輸出すること。</p><p><strong>ポイント</strong><br>日本の冬に南半球で夏の作物が収穫される例。</p><p class=""related""><strong>関連語</strong><br>南半球・農産物</p>",社会三年 科目::地理 優先::A 単元::G12 学年::中1
グレートディバイディング山脈,"<p>オーストラリア東部に連なる山脈。</p><p><strong>ポイント</strong><br>海からの風と地形による降水の地域差を考える。</p><p class=""related""><strong>関連語</strong><br>東部沿岸・内陸</p>",社会三年 科目::地理 優先::S 単元::G12 学年::中1
グレートアーテジアン盆地,"<p>オーストラリア内陸の、大きな地下水の広がりをもつ盆地。</p><p><strong>ポイント</strong><br>乾燥地域での水利用と、その持続性を考える例。</p><p class=""related""><strong>関連語</strong><br>地下水・牧畜</p>",社会三年 科目::地理 優先::S 単元::G12 学年::中1
掘抜き井戸,"<p>地中へ深く掘って地下水を利用する井戸。</p><p><strong>ポイント</strong><br>利用できる水の量や質は地域によって異なる。</p><p class=""related""><strong>関連語</strong><br>地下水・乾燥地域</p>",社会三年 科目::地理 優先::S 単元::G12 学年::中1
羊毛,"<p>羊から刈り取る毛で、衣類などの繊維原料となるもの。</p><p><strong>ポイント</strong><br>牧畜と繊維工業、貿易を結び付ける。</p><p class=""related""><strong>関連語</strong><br>オーストラリア・羊</p>",社会三年 科目::地理 優先::S 単元::G12 学年::中1
放牧と草地の回復,"<p>草地の成長・回復に見合う頭数や利用期間で家畜を飼うことが、継続的な利用に関わる。</p><p><strong>ポイント</strong><br>面積が広くても、乾燥などで利用可能な草の量は変わる。</p><p class=""related""><strong>関連語</strong><br>牧畜・土地管理</p>",社会三年 科目::地理 優先::A 単元::G12 学年::中1
ウェリントン,"<p>ニュージーランドの首都。</p><p><strong>ポイント</strong><br>オーストラリアのキャンベラと国を取り違えない。</p><p class=""related""><strong>関連語</strong><br>ニュージーランド・首都</p>",社会三年 科目::地理 優先::S 単元::G12 学年::中1
火山島,"<p>火山活動によって形成された島。</p><p><strong>ポイント</strong><br>太平洋の島が全て低い環礁であるわけではない。</p><p class=""related""><strong>関連語</strong><br>オセアニア・島の成り立ち</p>",社会三年 科目::地理 優先::S 単元::G12 学年::中1
島の標高と浸水の危険,"<p>低地の広さ、海岸の形、居住地などが、高潮や海面上昇の影響を左右する。</p><p><strong>ポイント</strong><br>島国という分類だけで同じ危険度と判断しない。</p><p class=""related""><strong>関連語</strong><br>環礁・防災</p>",社会三年 科目::地理 優先::A 単元::G12 学年::中1
サンゴの白化,"<p>高水温などのストレスでサンゴが白く見える状態になること。</p><p><strong>ポイント</strong><br>直ちに全てが死ぬという意味ではないが、影響が続くと被害が大きくなる。</p><p class=""related""><strong>関連語</strong><br>サンゴ礁・海洋環境</p>",社会三年 科目::地理 優先::S 単元::G12 学年::中1
観光と地域の受入れ条件,"<p>訪問者に必要な水・交通・ごみ処理などと、自然や住民生活を守る条件。</p><p><strong>ポイント</strong><br>観光収入の増加だけで事業を評価しない。</p><p class=""related""><strong>関連語</strong><br>島しょ地域・持続可能性</p>",社会三年 科目::地理 優先::A 単元::G12 学年::中1
日本列島,"<p>ユーラシア大陸東側に弧状に連なる、日本の島々。</p><p><strong>ポイント</strong><br>四つの大きな島だけでなく、多くの島を含む。</p><p class=""related""><strong>関連語</strong><br>北海道・本州・四国・九州</p>",社会三年 科目::地理 優先::S 単元::G13 学年::中2
領域,"<p>国の主権が及ぶ領土・領海・領空のまとまり。</p><p><strong>ポイント</strong><br>排他的経済水域の全体を領域に含めない。</p><p class=""related""><strong>関連語</strong><br>主権・領土・領海・領空</p>",社会三年 科目::地理 優先::S 単元::G13 学年::中2
領土,"<p>国の領域のうち、陸地の部分。</p><p><strong>ポイント</strong><br>島も領土に含まれる。</p><p class=""related""><strong>関連語</strong><br>領域・国境</p>",社会三年 科目::地理 優先::S 単元::G13 学年::中2
領海,"<p>基線から原則12海里までの、国の主権が及ぶ海域。</p><p><strong>ポイント</strong><br>日本には特定の海峡で幅を3海里としている部分もある。</p><p class=""related""><strong>関連語</strong><br>領域・基線</p>",社会三年 科目::地理 優先::S 単元::G13 学年::中2
領空,"<p>領土と領海の上の空。</p><p><strong>ポイント</strong><br>排他的経済水域の上空全てが領空になるわけではない。</p><p class=""related""><strong>関連語</strong><br>領土・領海</p>",社会三年 科目::地理 優先::S 単元::G13 学年::中2
排他的経済水域,"<p>基線から原則200海里までの、資源の探査・開発などについて沿岸国が権利をもつ海域。</p><p><strong>ポイント</strong><br>領海の外側に設定される。航行などの自由と区別する。</p><p class=""related""><strong>関連語</strong><br>EEZ・海洋資源</p>",社会三年 科目::地理 優先::S 単元::G13 学年::中2
海里,"<p>海上の距離などに使う単位。1海里は1,852メートル。</p><p><strong>ポイント</strong><br>12海里と200海里を混同しない。</p><p class=""related""><strong>関連語</strong><br>領海・排他的経済水域</p>",社会三年 科目::地理 優先::A 単元::G13 学年::中2
北方領土,"<p><ruby>択捉島<rp>（</rp><rt>えとろふとう</rt><rp>）</rp></ruby>・<ruby>国後島<rp>（</rp><rt>くなしりとう</rt><rp>）</rp></ruby>・<ruby>色丹島<rp>（</rp><rt>しこたんとう</rt><rp>）</rp></ruby>・<ruby>歯舞群島<rp>（</rp><rt>はぼまいぐんとう</rt><rp>）</rp></ruby>。日本政府が返還を求め、ロシアが実効支配している。</p><p><strong>ポイント</strong><br>日本政府の立場と実効支配の状況を分けて理解する。</p><p class=""related""><strong>関連語</strong><br>北海道・日露関係</p>",社会三年 科目::地理 優先::A 単元::G13 学年::中2
竹島,"<p>日本が島根県の一部として領有を主張し、韓国が独島と呼んで実効支配する島々。</p><p><strong>ポイント</strong><br>日本政府は日本固有の領土であるとの立場。</p><p class=""related""><strong>関連語</strong><br>日本海・日韓関係</p>",社会三年 科目::地理 優先::A 単元::G13 学年::中2
尖閣諸島,"<p>日本が沖縄県の一部として管理する島々。中国と台湾も領有を主張している。</p><p><strong>ポイント</strong><br>日本政府は解決すべき領有権の問題は存在しないとの立場。</p><p class=""related""><strong>関連語</strong><br>東シナ海・沖縄県</p>",社会三年 科目::地理 優先::A 単元::G13 学年::中2
県庁所在地,"<p>県の役所である県庁が置かれる都市。</p><p><strong>ポイント</strong><br>県名と異なる例もある。県の位置と組にして覚える。</p><p class=""related""><strong>関連語</strong><br>都道府県・地方自治</p>",社会三年 科目::地理 優先::S 単元::G13 学年::中2
日本海,"<p>日本列島とユーラシア大陸の間にある海。</p><p><strong>ポイント</strong><br>日本海側の冬の雪を考えるときにも重要。</p><p class=""related""><strong>関連語</strong><br>季節風・<ruby>対馬海流<rp>（</rp><rt>つしまかいりゅう</rt><rp>）</rp></ruby></p>",社会三年 科目::地理 優先::S 単元::G13 学年::中2
東シナ海,"<p>中国大陸と九州・南西諸島などの間に広がる海。</p><p><strong>ポイント</strong><br>日本海や太平洋との位置関係を確かめる。</p><p class=""related""><strong>関連語</strong><br>南西諸島・尖閣諸島</p>",社会三年 科目::地理 優先::S 単元::G13 学年::中2
地域区分,"<p>自然・行政・産業など、目的に応じて地域を分けること。</p><p><strong>ポイント</strong><br>地方の分け方は一通りとは限らない。</p><p class=""related""><strong>関連語</strong><br>都道府県・地方</p>",社会三年 科目::地理 優先::A 単元::G13 学年::中2
領海の基線,"<p>領海などの幅を測る出発点となる線。通常は海岸の低潮線を基本とする。</p><p><strong>ポイント</strong><br>条件を満たす場所では、地点を直線で結ぶ基線も用いられる。</p><p class=""related""><strong>関連語</strong><br>領海・海域</p>",社会三年 科目::地理 優先::S 単元::G13 学年::中2
低潮線,"<p>潮が引いたときの、陸地と水面の境界となる線。</p><p><strong>ポイント</strong><br>通常の領海の基線を考える基準。日常の海岸写真と同じとは限らない。</p><p class=""related""><strong>関連語</strong><br>潮汐・海岸</p>",社会三年 科目::地理 優先::A 単元::G13 学年::中2
接続水域,"<p>領海の外側で、基線から原則24海里までの水域。通関・出入国管理などに関する一定の権限が認められる。</p><p><strong>ポイント</strong><br>領海と同じ主権が全面的に及ぶ水域ではない。</p><p class=""related""><strong>関連語</strong><br>海域・国際法</p>",社会三年 科目::地理 優先::S 単元::G13 学年::中2
無害通航,"<p>沿岸国の平和・秩序・安全を害さず、外国船舶が領海を通過すること。</p><p><strong>ポイント</strong><br>領海では、沿岸国の主権と通航に関する国際法の規則を合わせて考える。</p><p class=""related""><strong>関連語</strong><br>領海・船舶</p>",社会三年 科目::地理 優先::A 単元::G13 学年::中2
主権と主権的権利の区別,"<p>領海などへの主権と、排他的経済水域の資源利用などに関する特定の権利の違い。</p><p><strong>ポイント</strong><br>EEZ全体を国の領域と同じに扱わない。</p><p class=""related""><strong>関連語</strong><br>海洋資源・国際法</p>",社会三年 科目::地理 優先::A 単元::G13 学年::中2
行政区画,"<p>国や地方公共団体が行政を行う範囲を区切ったもの。</p><p><strong>ポイント</strong><br>通勤や買い物で結ばれる範囲と一致するとは限らない。</p><p class=""related""><strong>関連語</strong><br>都道府県・市町村</p>",社会三年 科目::地理 優先::S 単元::G13 学年::中2
生活圏,"<p>通勤・通学、買い物などの日常の行動で結び付く地域の範囲。</p><p><strong>ポイント</strong><br>行政の境界を越えて広がる場合がある。</p><p class=""related""><strong>関連語</strong><br>交通・都市</p>",社会三年 科目::地理 優先::S 単元::G13 学年::中2
県名と県庁所在地の範囲,"<p>県は広い行政区域、県庁所在地はその中の行政機関が置かれる都市。</p><p><strong>ポイント</strong><br>同じ名前でも、人口や面積の対象を取り違えない。</p><p class=""related""><strong>関連語</strong><br>都道府県・統計</p>",社会三年 科目::地理 優先::A 単元::G13 学年::中2
地域区分の基準,"<p>自然、行政、産業など、何を基準に区切るかという条件。</p><p><strong>ポイント</strong><br>同じ地方名でも資料によって集計範囲が違う場合がある。</p><p class=""related""><strong>関連語</strong><br>地域比較・統計</p>",社会三年 科目::地理 優先::A 単元::G13 学年::中2
概略図と詳細図,"<p>概略図は大まかな位置関係、詳細図は細かな形状や情報を示すことを重視する。</p><p><strong>ポイント</strong><br>概略図で省略された島などを、存在しないと判断しない。</p><p class=""related""><strong>関連語</strong><br><ruby>縮尺<rp>（</rp><rt>しゅくしゃく</rt><rp>）</rp></ruby>・地図の目的</p>",社会三年 科目::地理 優先::A 単元::G13 学年::中2
<ruby>扇状地<rp>（</rp><rt>せんじょうち</rt><rp>）</rp></ruby>,"<p>川が山地から平地へ出る場所に、砂やれきが積もってできる扇形の地形。</p><p><strong>ポイント</strong><br>水はけがよい場所が多く、果樹園などに利用される。</p><p class=""related""><strong>関連語</strong><br><ruby>堆積<rp>（</rp><rt>たいせき</rt><rp>）</rp></ruby>・果樹栽培</p>",社会三年 科目::地理 優先::S 単元::G14 学年::中2
<ruby>三角州<rp>（</rp><rt>さんかくす</rt><rp>）</rp></ruby>,"<p>河口付近で流れが緩み、土砂が積もってできた低く平らな地形。</p><p><strong>ポイント</strong><br>水田や市街地に利用されるが、浸水への備えが重要。</p><p class=""related""><strong>関連語</strong><br>河口・<ruby>堆積<rp>（</rp><rt>たいせき</rt><rp>）</rp></ruby></p>",社会三年 科目::地理 優先::S 単元::G14 学年::中2
台地,"<p>周囲の低地より一段高い、比較的平らな土地。</p><p><strong>ポイント</strong><br>低地とは水の得やすさや災害の条件が異なる。</p><p class=""related""><strong>関連語</strong><br>土地利用・段丘</p>",社会三年 科目::地理 優先::S 単元::G14 学年::中2
盆地,"<p>周囲を山に囲まれた比較的平らな土地。</p><p><strong>ポイント</strong><br>内陸では気温の<ruby>日較差<rp>（</rp><rt>にちかくさ</rt><rp>）</rp></ruby>・<ruby>年較差<rp>（</rp><rt>ねんかくさ</rt><rp>）</rp></ruby>が大きくなりやすい。</p><p class=""related""><strong>関連語</strong><br>甲府盆地・内陸</p>",社会三年 科目::地理 優先::S 単元::G14 学年::中2
リアス海岸,"<p>谷に海水が入り込むなどしてできた、出入りの複雑な海岸。</p><p><strong>ポイント</strong><br>湾内の養殖と、津波の危険の両方に注目。</p><p class=""related""><strong>関連語</strong><br>三陸海岸・養殖</p>",社会三年 科目::地理 優先::S 単元::G14 学年::中2
日本アルプス,"<p><ruby>飛騨山脈<rp>（</rp><rt>ひださんみゃく</rt><rp>）</rp></ruby>・<ruby>木曽山脈<rp>（</rp><rt>きそさんみゃく</rt><rp>）</rp></ruby>・赤石山脈の総称。</p><p><strong>ポイント</strong><br>北・中央・南アルプスとも呼ばれる。</p><p class=""related""><strong>関連語</strong><br>中部地方・山脈</p>",社会三年 科目::地理 優先::S 単元::G14 学年::中2
<ruby>飛騨山脈<rp>（</rp><rt>ひださんみゃく</rt><rp>）</rp></ruby>,"<p>日本アルプスのうち、北アルプスと呼ばれる山脈。</p><p><strong>ポイント</strong><br>木曽・赤石と組で位置を確認する。</p><p class=""related""><strong>関連語</strong><br>日本アルプス・中部地方</p>",社会三年 科目::地理 優先::S 単元::G14 学年::中2
<ruby>木曽山脈<rp>（</rp><rt>きそさんみゃく</rt><rp>）</rp></ruby>,"<p>日本アルプスのうち、中央アルプスと呼ばれる山脈。</p><p><strong>ポイント</strong><br>赤石山脈との位置関係を地図で見る。</p><p class=""related""><strong>関連語</strong><br>日本アルプス・中部地方</p>",社会三年 科目::地理 優先::S 単元::G14 学年::中2
赤石山脈,"<p>日本アルプスのうち、南アルプスと呼ばれる山脈。</p><p><strong>ポイント</strong><br>飛騨・木曽と混同しない。</p><p class=""related""><strong>関連語</strong><br>日本アルプス・中部地方</p>",社会三年 科目::地理 優先::S 単元::G14 学年::中2
関東平野,"<p>東京周辺などに広がる、日本最大の平野。</p><p><strong>ポイント</strong><br>大都市だけでなく、農地も広がる。</p><p class=""related""><strong>関連語</strong><br>利根川・関東地方</p>",社会三年 科目::地理 優先::S 単元::G14 学年::中2
濃尾平野,"<p>岐阜県南部から愛知県西部に広がる平野。</p><p><strong>ポイント</strong><br>木曽三川や名古屋周辺の土地利用と結び付ける。</p><p class=""related""><strong>関連語</strong><br>中部地方・木曽川</p>",社会三年 科目::地理 優先::S 単元::G14 学年::中2
<ruby>筑紫平野<rp>（</rp><rt>つくしへいや</rt><rp>）</rp></ruby>,"<p>九州北部に広がる平野。筑後川などが流れ、稲作が盛ん。</p><p><strong>ポイント</strong><br>筑紫山地とは区別する。</p><p class=""related""><strong>関連語</strong><br>筑後川・九州地方</p>",社会三年 科目::地理 優先::S 単元::G14 学年::中2
信濃川,"<p>長野県から<ruby>新潟県<rp>（</rp><rt>にいがたけん</rt><rp>）</rp></ruby>へ流れ、日本海へ注ぐ日本最長の川。</p><p><strong>ポイント</strong><br>長野県側では千曲川と呼ばれる。</p><p class=""related""><strong>関連語</strong><br><ruby>越後平野<rp>（</rp><rt>えちごへいや</rt><rp>）</rp></ruby>・河川</p>",社会三年 科目::地理 優先::S 単元::G14 学年::中2
流域面積,"<p>一つの川とその支流へ水が集まる土地の面積。</p><p><strong>ポイント</strong><br>日本では利根川の流域面積が最大。川の長さとは別。</p><p class=""related""><strong>関連語</strong><br>利根川・流域</p>",社会三年 科目::地理 優先::A 単元::G14 学年::中2
<ruby>侵食<rp>（</rp><rt>しんしょく</rt><rp>）</rp></ruby>・運搬・<ruby>堆積<rp>（</rp><rt>たいせき</rt><rp>）</rp></ruby>,"<p>川などが土地を削り、土砂を運び、積もらせる働き。</p><p><strong>ポイント</strong><br>水量や流速が変わると、同じ場所での働き方も変わる。</p><p class=""related""><strong>関連語</strong><br>河川・地形形成</p>",社会三年 科目::地理 優先::S 単元::G14 学年::中2
蛇行,"<p>川が曲がりくねって流れること。</p><p><strong>ポイント</strong><br>一般に曲がりの外側では<ruby>侵食<rp>（</rp><rt>しんしょく</rt><rp>）</rp></ruby>、内側では<ruby>堆積<rp>（</rp><rt>たいせき</rt><rp>）</rp></ruby>が起こりやすい。</p><p class=""related""><strong>関連語</strong><br>河川・流路</p>",社会三年 科目::地理 優先::S 単元::G14 学年::中2
旧河道,"<p>川の流路が変わった後に残る、以前の川の跡。</p><p><strong>ポイント</strong><br>現在水面がなくても地形や地盤の条件へ影響する。</p><p class=""related""><strong>関連語</strong><br>土地の履歴・低地</p>",社会三年 科目::地理 優先::S 単元::G14 学年::中2
自然堤防,"<p>洪水などで河川近くに土砂が積もってできる、周囲よりやや高い地形。</p><p><strong>ポイント</strong><br>人工の堤防ではない。集落や畑に利用されることがある。</p><p class=""related""><strong>関連語</strong><br>低地・<ruby>堆積<rp>（</rp><rt>たいせき</rt><rp>）</rp></ruby></p>",社会三年 科目::地理 優先::S 単元::G14 学年::中2
後背湿地,"<p>自然堤防の背後などに広がる、低く水はけの悪い土地。</p><p><strong>ポイント</strong><br>水田などに利用されてきたが、排水施設により用途が変わる場合もある。</p><p class=""related""><strong>関連語</strong><br>低地・土地利用</p>",社会三年 科目::地理 優先::S 単元::G14 学年::中2
<ruby>河岸段丘<rp>（</rp><rt>かがんだんきゅう</rt><rp>）</rp></ruby>,"<p>河川沿いに階段状に見られる、以前の河床などが高い位置に残った地形。</p><p><strong>ポイント</strong><br>現在の川沿いの低地とは高さや用水条件が異なる。</p><p class=""related""><strong>関連語</strong><br><ruby>侵食<rp>（</rp><rt>しんしょく</rt><rp>）</rp></ruby>・隆起</p>",社会三年 科目::地理 優先::S 単元::G14 学年::中2
天井川,"<p>土砂の<ruby>堆積<rp>（</rp><rt>たいせき</rt><rp>）</rp></ruby>などによって、川床が周囲の土地より高くなった川。</p><p><strong>ポイント</strong><br>堤防や氾濫時の影響を考える必要がある。</p><p class=""related""><strong>関連語</strong><br>河床・洪水</p>",社会三年 科目::地理 優先::S 単元::G14 学年::中2
微地形,"<p>平野などにある小さな高低差や地形の違い。</p><p><strong>ポイント</strong><br>大まかには平地でも、浸水や水はけの条件が異なる。</p><p class=""related""><strong>関連語</strong><br>自然堤防・後背湿地</p>",社会三年 科目::地理 優先::A 単元::G14 学年::中2
河川改修,"<p>堤防・流路などを整え、洪水への対応や河川利用を図る工事。</p><p><strong>ポイント</strong><br>工事地点だけでなく上下流の水の流れも検討する。</p><p class=""related""><strong>関連語</strong><br>防災・土地利用</p>",社会三年 科目::地理 優先::A 単元::G14 学年::中2
地形と土地改良の区別,"<p>地形は土地の形や成り立ち、土地改良は排水や用水などを人が整えること。</p><p><strong>ポイント</strong><br>自然条件が同じでも、改良によって利用方法が変わる場合がある。</p><p class=""related""><strong>関連語</strong><br>農地・人間の工夫</p>",社会三年 科目::地理 優先::A 単元::G14 学年::中2
日本海側の気候,"<p>冬に雪や雨が多いという特徴をもつ。</p><p><strong>ポイント</strong><br>冬の季節風が日本海で水蒸気を取り込み、山地で上昇する。</p><p class=""related""><strong>関連語</strong><br>季節風・積雪</p>",社会三年 科目::地理 優先::S 単元::G15 学年::中2
太平洋側の気候,"<p>夏を中心に降水が多く、冬は比較的乾燥して晴れる日が多い。</p><p><strong>ポイント</strong><br>冬の風は日本海側で水分を落として山を越える。</p><p class=""related""><strong>関連語</strong><br>梅雨・台風</p>",社会三年 科目::地理 優先::S 単元::G15 学年::中2
瀬戸内の気候,"<p>周囲の山地の影響で、年間の降水量が比較的少ない気候。</p><p><strong>ポイント</strong><br>中国山地・四国山地との位置関係で説明する。</p><p class=""related""><strong>関連語</strong><br>ため池・雨陰</p>",社会三年 科目::地理 優先::S 単元::G15 学年::中2
中央高地の気候,"<p>内陸で<ruby>年較差<rp>（</rp><rt>ねんかくさ</rt><rp>）</rp></ruby>が大きく、盆地などでは降水量が比較的少ない気候。</p><p><strong>ポイント</strong><br>高地の標高による低温も考える。</p><p class=""related""><strong>関連語</strong><br>盆地・内陸性</p>",社会三年 科目::地理 優先::S 単元::G15 学年::中2
北海道の気候,"<p>冬が寒く、日本の他の多くの地域ほど梅雨が明瞭でない気候。</p><p><strong>ポイント</strong><br>「雨が全く降らない」という意味ではない。</p><p class=""related""><strong>関連語</strong><br>冷帯・積雪</p>",社会三年 科目::地理 優先::S 単元::G15 学年::中2
南西諸島の気候,"<p>冬も比較的温暖で、台風の影響を受ける気候。</p><p><strong>ポイント</strong><br><ruby>年較差<rp>（</rp><rt>ねんかくさ</rt><rp>）</rp></ruby>は北海道などより小さい。</p><p class=""related""><strong>関連語</strong><br>沖縄・台風</p>",社会三年 科目::地理 優先::S 単元::G15 学年::中2
梅雨,"<p>初夏ごろ、前線の影響で曇りや雨の日が多くなる時期。</p><p><strong>ポイント</strong><br>地域で時期や現れ方が違う。</p><p class=""related""><strong>関連語</strong><br>梅雨前線・降水</p>",社会三年 科目::地理 優先::S 単元::G15 学年::中2
台風,"<p>北西太平洋などにある、一定以上の強さの熱帯低気圧。</p><p><strong>ポイント</strong><br>強風・大雨・高潮などに注意が必要。</p><p class=""related""><strong>関連語</strong><br>自然災害・南西諸島</p>",社会三年 科目::地理 優先::S 単元::G15 学年::中2
<ruby>黒潮<rp>（</rp><rt>くろしお</rt><rp>）</rp></ruby>（日本海流）,"<p>日本の太平洋側を北東へ流れる暖流。</p><p><strong>ポイント</strong><br><ruby>親潮<rp>（</rp><rt>おやしお</rt><rp>）</rp></ruby>とは温度の性質や流れる方向が異なる。</p><p class=""related""><strong>関連語</strong><br>暖流・太平洋</p>",社会三年 科目::地理 優先::S 単元::G15 学年::中2
<ruby>親潮<rp>（</rp><rt>おやしお</rt><rp>）</rp></ruby>（千島海流）,"<p>北海道東方などから南へ流れる寒流。</p><p><strong>ポイント</strong><br><ruby>黒潮<rp>（</rp><rt>くろしお</rt><rp>）</rp></ruby>と出合う海域は漁場として重要。</p><p class=""related""><strong>関連語</strong><br>寒流・潮目</p>",社会三年 科目::地理 優先::S 単元::G15 学年::中2
<ruby>対馬海流<rp>（</rp><rt>つしまかいりゅう</rt><rp>）</rp></ruby>,"<p>対馬海峡から日本海へ入り、北へ流れる暖流。</p><p><strong>ポイント</strong><br>日本海側の気候にも影響する。</p><p class=""related""><strong>関連語</strong><br>暖流・日本海</p>",社会三年 科目::地理 優先::S 単元::G15 学年::中2
リマン海流,"<p>日本海北部の大陸沿岸を主に南へ流れる寒流。</p><p><strong>ポイント</strong><br><ruby>対馬海流<rp>（</rp><rt>つしまかいりゅう</rt><rp>）</rp></ruby>との位置関係を見る。</p><p class=""related""><strong>関連語</strong><br>寒流・日本海</p>",社会三年 科目::地理 優先::A 単元::G15 学年::中2
雨陰,"<p>山を越えた風下側で、降水が少なくなる現象や地域。</p><p><strong>ポイント</strong><br>瀬戸内などの少雨を説明する手がかり。</p><p class=""related""><strong>関連語</strong><br>山地・風向</p>",社会三年 科目::地理 優先::A 単元::G15 学年::中2
雪の利点と負担,"<p>除雪などの負担がある一方、雪解け水は農業用水や水力発電などを支える。</p><p><strong>ポイント</strong><br>自然環境の不利な面だけで地域を説明しない。</p><p class=""related""><strong>関連語</strong><br>積雪・水資源</p>",社会三年 科目::地理 優先::A 単元::G15 学年::中2
平年値,"<p>長期間の観測を平均し、その地域の気候や天候を比較する基準にする値。気象庁では30年間を基本とする。</p><p><strong>ポイント</strong><br>一年前の値や、一年だけの平均とは異なる。</p><p class=""related""><strong>関連語</strong><br>気候・観測期間</p>",社会三年 科目::地理 優先::S 単元::G15 学年::中2
平年差と前年との差,"<p>平年差は長期平均の基準との差、前年との差は前の年との比較。</p><p><strong>ポイント</strong><br>比較対象が違うため、増減の方向が一致するとは限らない。</p><p class=""related""><strong>関連語</strong><br>平年値・統計</p>",社会三年 科目::地理 優先::A 単元::G15 学年::中2
フェーン現象,"<p>山を越えて下りる風が乾燥した高温の風となり、風下の気温が上がる現象。</p><p><strong>ポイント</strong><br>風向と山地、空気の上昇・下降を結び付ける。</p><p class=""related""><strong>関連語</strong><br>山地・気温</p>",社会三年 科目::地理 優先::S 単元::G15 学年::中2
風上と風下,"<p>風が吹いて来る側と、吹いて行く側。</p><p><strong>ポイント</strong><br>山地による降水の違いを考える位置の基準。</p><p class=""related""><strong>関連語</strong><br>季節風・地形</p>",社会三年 科目::地理 優先::A 単元::G15 学年::中2
降雪量と積雪の深さ,"<p>降雪量は期間中に降った雪、積雪の深さはその時点で地面に積もる雪の厚さ。</p><p><strong>ポイント</strong><br>融雪や圧縮などにより、単純な累計と現在の深さは一致しない。</p><p class=""related""><strong>関連語</strong><br>冬の気候・雪</p>",社会三年 科目::地理 優先::S 単元::G15 学年::中2
日照時間,"<p>直射日光が地表を照らした時間。</p><p><strong>ポイント</strong><br>日の出から日没までの昼の長さとは異なる。</p><p class=""related""><strong>関連語</strong><br>雲・農業</p>",社会三年 科目::地理 優先::S 単元::G15 学年::中2
霧,"<p>地表付近に小さな水滴などが浮かび、見通しが悪くなる現象。</p><p><strong>ポイント</strong><br>海面や陸面の温度と空気の性質も発生へ関わる。</p><p class=""related""><strong>関連語</strong><br>冷涼・沿岸</p>",社会三年 科目::地理 優先::S 単元::G15 学年::中2
気候区分と地点の違い,"<p>広域の特徴でまとめた気候区分の中でも、標高・盆地・海岸などで観測値は違う。</p><p><strong>ポイント</strong><br>県や地方の代表値を全地点へそのまま当てはめない。</p><p class=""related""><strong>関連語</strong><br>地域差・観測</p>",社会三年 科目::地理 優先::A 単元::G15 学年::中2
少雨の気候と大雨の発生,"<p>年間を通じて雨が比較的少ない地域でも、梅雨や台風などで大雨が起こることはある。</p><p><strong>ポイント</strong><br>長期の傾向を、個々の災害がないことの保証にしない。</p><p class=""related""><strong>関連語</strong><br>気候・防災</p>",社会三年 科目::地理 優先::A 単元::G15 学年::中2
農業に必要な気象条件,"<p>気温、降水や用水、日照などが作物の生育に関わる。</p><p><strong>ポイント</strong><br>気温だけが適していても、他の条件が不足する場合がある。</p><p class=""related""><strong>関連語</strong><br>作物・地域</p>",社会三年 科目::地理 優先::A 単元::G15 学年::中2
自然増減,"<p>出生数から死亡数を引いた人口の増減。</p><p><strong>ポイント</strong><br>転入・転出による社会増減とは別。</p><p class=""related""><strong>関連語</strong><br>出生・死亡</p>",社会三年 科目::地理 優先::S 単元::G16 学年::中2
社会増減,"<p>転入者数から転出者数を引いた人口の増減。</p><p><strong>ポイント</strong><br>自然減でも、社会増が大きければ総人口は増える。</p><p class=""related""><strong>関連語</strong><br>転入・転出</p>",社会三年 科目::地理 優先::S 単元::G16 学年::中2
人口ピラミッド,"<p>人口を年齢別・男女別に表したグラフ。</p><p><strong>ポイント</strong><br>横軸が人数か割合かを確認する。</p><p class=""related""><strong>関連語</strong><br>年齢構成・高齢化</p>",社会三年 科目::地理 優先::S 単元::G16 学年::中2
少子高齢化,"<p>出生が少なくなる傾向と、高齢者の割合が高くなる傾向が進むこと。</p><p><strong>ポイント</strong><br>総人口が減ることと全く同じ意味ではない。</p><p class=""related""><strong>関連語</strong><br>出生率・高齢化率</p>",社会三年 科目::地理 優先::S 単元::G16 学年::中2
過密,"<p>狭い地域に人口や都市機能が過度に集中すること。</p><p><strong>ポイント</strong><br>交通混雑や住宅、災害時の対応などが課題。</p><p class=""related""><strong>関連語</strong><br>大都市・人口集中</p>",社会三年 科目::地理 優先::S 単元::G16 学年::中2
過疎,"<p>人口減少などによって、地域の生活機能の維持が難しくなる状態。</p><p><strong>ポイント</strong><br>単に面積が広く人口密度が低いこととは限らない。</p><p class=""related""><strong>関連語</strong><br>地域交通・医療</p>",社会三年 科目::地理 優先::S 単元::G16 学年::中2
昼間人口,"<p>通勤・通学による出入りなどを考慮した、昼間の人口。</p><p><strong>ポイント</strong><br>都心では周辺からの流入で夜間人口より多くなりやすい。</p><p class=""related""><strong>関連語</strong><br>夜間人口・通勤</p>",社会三年 科目::地理 優先::S 単元::G16 学年::中2
夜間人口,"<p>人々を普段住んでいる場所で数えた人口。</p><p><strong>ポイント</strong><br>昼間人口との比から通勤・通学の流れを考えられる。</p><p class=""related""><strong>関連語</strong><br>常住人口・郊外</p>",社会三年 科目::地理 優先::S 単元::G16 学年::中2
ドーナツ化現象,"<p>都心の人口が減り、周辺部の人口が増える現象。</p><p><strong>ポイント</strong><br>現在の全都市に一律に当てはまるわけではない。</p><p class=""related""><strong>関連語</strong><br>郊外化・都心回帰</p>",社会三年 科目::地理 優先::A 単元::G16 学年::中2
ヒートアイランド現象,"<p>人工物や排熱などの影響で、都市の気温が周辺より高くなる現象。</p><p><strong>ポイント</strong><br>地球全体の温暖化と区別しつつ、両方を考える。</p><p class=""related""><strong>関連語</strong><br>都市化・排熱</p>",社会三年 科目::地理 優先::S 単元::G16 学年::中2
プレート,"<p>地球表面を覆う、岩盤の大きなまとまり。</p><p><strong>ポイント</strong><br>境界付近では地震や火山活動が多い。</p><p class=""related""><strong>関連語</strong><br>地震・火山</p>",社会三年 科目::地理 優先::S 単元::G16 学年::中2
減災,"<p>災害が起こることを踏まえ、被害をできるだけ小さくする考え方。</p><p><strong>ポイント</strong><br>建物の対策、避難、情報共有などを組み合わせる。</p><p class=""related""><strong>関連語</strong><br>防災・避難</p>",社会三年 科目::地理 優先::S 単元::G16 学年::中2
自助・共助・公助,"<p>自分で備えること、地域などで助け合うこと、行政などによる支援。</p><p><strong>ポイント</strong><br>どれか一つだけに任せず組み合わせる。</p><p class=""related""><strong>関連語</strong><br>防災・地域社会</p>",社会三年 科目::地理 優先::S 単元::G16 学年::中2
災害リスクを地図で考える方法,"<p>地形や想定災害に、人口・建物・避難先などを重ねて考える。</p><p><strong>ポイント</strong><br>危険の大きさと、被害を受けやすい人・物の両方を見る。</p><p class=""related""><strong>関連語</strong><br>GIS・ハザードマップ</p>",社会三年 科目::地理 優先::A 単元::G16 学年::中2
年少人口,"<p>統計で15歳未満の人口を指す区分。</p><p><strong>ポイント</strong><br>出生の変化や学校などの需要を考える資料になる。</p><p class=""related""><strong>関連語</strong><br>人口構成・年齢</p>",社会三年 科目::地理 優先::S 単元::G16 学年::中2
生産年齢人口,"<p>統計で15〜64歳の人口を指す区分。</p><p><strong>ポイント</strong><br>実際に働いている人の数と同じではない。</p><p class=""related""><strong>関連語</strong><br>年齢構成・就業</p>",社会三年 科目::地理 優先::S 単元::G16 学年::中2
老年人口,"<p>統計で65歳以上の人口を指す区分。</p><p><strong>ポイント</strong><br>この年齢の全員が退職しているわけではない。</p><p class=""related""><strong>関連語</strong><br>高齢化・人口</p>",社会三年 科目::地理 優先::S 単元::G16 学年::中2
高齢化率,"<p>総人口に占める65歳以上の人口の割合。</p><p><strong>ポイント</strong><br>高齢者の人数と、総人口の変化の両方に左右される。</p><p class=""related""><strong>関連語</strong><br>老年人口・割合</p>",社会三年 科目::地理 優先::S 単元::G16 学年::中2
人口構成と就業状態,"<p>年齢ごとの人数と、仕事をしているかどうかは別の分類。</p><p><strong>ポイント</strong><br>生産年齢人口を就業者数として計算しない。</p><p class=""related""><strong>関連語</strong><br>統計・労働</p>",社会三年 科目::地理 優先::A 単元::G16 学年::中2
同じ世代の人口の変化,"<p>同じ時期に生まれた人々も、加齢に加えて死亡や移動で地域の人数が変わる。</p><p><strong>ポイント</strong><br>人口ピラミッドの年齢層を時間に沿って比較する。</p><p class=""related""><strong>関連語</strong><br>世代・転出入</p>",社会三年 科目::地理 優先::A 単元::G16 学年::中2
内水氾濫,"<p>降った雨を排水しきれず、市街地などに水がたまること。</p><p><strong>ポイント</strong><br>大きな川の氾濫がなくても浸水は起こりうる。</p><p class=""related""><strong>関連語</strong><br>排水・都市災害</p>",社会三年 科目::地理 優先::S 単元::G16 学年::中2
津波と高潮,"<p>津波は地震などに伴う海水の大きな動き、高潮は低気圧や強風などで海面が高まる現象。</p><p><strong>ポイント</strong><br>原因が違い、確認する防災情報も異なる。</p><p class=""related""><strong>関連語</strong><br>海岸・浸水</p>",社会三年 科目::地理 優先::S 単元::G16 学年::中2
耐震化,"<p>建物などの構造を改善し、地震の揺れによる損傷や倒壊を抑えること。</p><p><strong>ポイント</strong><br>浸水対策などとは対象とする被害が異なる。</p><p class=""related""><strong>関連語</strong><br>地震・建物</p>",社会三年 科目::地理 優先::S 単元::G16 学年::中2
行政サービスと利用人口,"<p>住民数だけでなく、通勤・通学や来訪によって利用する人の数もサービス需要へ関わる。</p><p><strong>ポイント</strong><br>昼間人口と夜間人口の違いを地域計画に使う。</p><p class=""related""><strong>関連語</strong><br>都市・地方自治</p>",社会三年 科目::地理 優先::A 単元::G16 学年::中2
近郊農業,"<p>都市に近いという利点を生かし、野菜などを消費地へ供給する農業。</p><p><strong>ポイント</strong><br>鮮度や輸送時間が重要な品目に向く。</p><p class=""related""><strong>関連語</strong><br>大都市・野菜</p>",社会三年 科目::地理 優先::S 単元::G17 学年::中2
<ruby>促成栽培<rp>（</rp><rt>そくせいさいばい</rt><rp>）</rp></ruby>,"<p>温暖な気候や温室などを利用し、通常より早い時期に出荷する栽培。</p><p><strong>ポイント</strong><br>高知・宮崎などの野菜栽培と結び付ける。</p><p class=""related""><strong>関連語</strong><br>温暖・施設園芸</p>",社会三年 科目::地理 優先::S 単元::G17 学年::中2
<ruby>抑制栽培<rp>（</rp><rt>よくせいさいばい</rt><rp>）</rp></ruby>,"<p>涼しい気候などを利用し、通常より出荷時期を遅らせる栽培。</p><p><strong>ポイント</strong><br>高原で夏に出荷する野菜などが例。</p><p class=""related""><strong>関連語</strong><br>高原野菜・冷涼</p>",社会三年 科目::地理 優先::S 単元::G17 学年::中2
施設園芸農業,"<p>温室やビニールハウスなどを使い、野菜・花などを栽培する農業。</p><p><strong>ポイント</strong><br>温度や水分などを調整できるが、設備や燃料の費用もかかる。</p><p class=""related""><strong>関連語</strong><br><ruby>促成栽培<rp>（</rp><rt>そくせいさいばい</rt><rp>）</rp></ruby>・園芸</p>",社会三年 科目::地理 優先::S 単元::G17 学年::中2
輸送園芸農業,"<p>自然条件などを生かして生産した野菜・花を、遠くの都市へ運ぶ農業。</p><p><strong>ポイント</strong><br>交通・冷蔵技術の発達が支える。</p><p class=""related""><strong>関連語</strong><br>高速道路・出荷時期</p>",社会三年 科目::地理 優先::A 単元::G17 学年::中2
沿岸漁業,"<p>海岸に近い海で行われる漁業。</p><p><strong>ポイント</strong><br>沖合・遠洋との違いは主に操業する海域。</p><p class=""related""><strong>関連語</strong><br>漁場・沿岸</p>",社会三年 科目::地理 優先::S 単元::G17 学年::中2
沖合漁業,"<p>沿岸より沖の海で、比較的大きな船などを用いて行う漁業。</p><p><strong>ポイント</strong><br>日本周辺の漁業を考える区分。</p><p class=""related""><strong>関連語</strong><br>沿岸漁業・遠洋漁業</p>",社会三年 科目::地理 優先::S 単元::G17 学年::中2
遠洋漁業,"<p>本国から遠く離れた海域で、長期間操業する漁業。</p><p><strong>ポイント</strong><br>各国の排他的経済水域や国際的な資源管理と関わる。</p><p class=""related""><strong>関連語</strong><br>まぐろ・EEZ</p>",社会三年 科目::地理 優先::S 単元::G17 学年::中2
養殖漁業,"<p>魚介類などを管理下で育て、収穫する漁業。</p><p><strong>ポイント</strong><br>海へ放流して育てる栽培漁業とは異なる。</p><p class=""related""><strong>関連語</strong><br>いけす・かき・のり</p>",社会三年 科目::地理 優先::S 単元::G17 学年::中2
栽培漁業,"<p><ruby>稚魚<rp>（</rp><rt>ちぎょ</rt><rp>）</rp></ruby>や<ruby>稚貝<rp>（</rp><rt>ちがい</rt><rp>）</rp></ruby>などを育てて放流し、自然の海で成長した後に<ruby>漁獲<rp>（</rp><rt>ぎょかく</rt><rp>）</rp></ruby>する取り組み。</p><p><strong>ポイント</strong><br>漁獲量や生息環境の管理も必要。</p><p class=""related""><strong>関連語</strong><br>放流・資源管理</p>",社会三年 科目::地理 優先::S 単元::G17 学年::中2
水産資源の管理,"<p>取りすぎを防ぐため、漁獲量・時期・大きさなどを調整すること。</p><p><strong>ポイント</strong><br>将来も漁業を続けるための取り組み。</p><p class=""related""><strong>関連語</strong><br>持続可能性・漁獲量</p>",社会三年 科目::地理 優先::A 単元::G17 学年::中2
森林の多面的な働き,"<p>木材の供給、水源の<ruby>涵養<rp>（</rp><rt>かんよう</rt><rp>）</rp></ruby>、土砂流出の抑制、生物の生息地などの働き。</p><p><strong>ポイント</strong><br>伐採と植林・管理のバランスが重要。</p><p class=""related""><strong>関連語</strong><br>林業・水資源</p>",社会三年 科目::地理 優先::S 単元::G17 学年::中2
食料自給率,"<p>国内で消費される食料を、国内生産でどれくらい賄うかを示す割合。</p><p><strong>ポイント</strong><br>カロリーベースと生産額ベース、年度を区別する。</p><p class=""related""><strong>関連語</strong><br>食料安全保障・輸入</p>",社会三年 科目::地理 優先::S 単元::G17 学年::中2
食料安全保障,"<p>人々が必要な食料を安定して得られるようにすること。</p><p><strong>ポイント</strong><br>国内生産、安定した輸入、備蓄、経済的な入手しやすさなどを考える。</p><p class=""related""><strong>関連語</strong><br>自給率・備蓄</p>",社会三年 科目::地理 優先::A 単元::G17 学年::中2
作付面積,"<p>特定の作物を栽培している土地の面積。</p><p><strong>ポイント</strong><br>総収穫量を考える際は、単位面積当たりの収量も必要。</p><p class=""related""><strong>関連語</strong><br>農業統計・収穫</p>",社会三年 科目::地理 優先::S 単元::G17 学年::中2
単位面積当たり収量,"<p>一定の農地面積から得られる収穫量。</p><p><strong>ポイント</strong><br>面積と掛け合わせて総収穫量を考える。</p><p class=""related""><strong>関連語</strong><br>作付面積・農業技術</p>",社会三年 科目::地理 優先::S 単元::G17 学年::中2
圃場整備,"<p>農地の区画や用排水路、農道などを整えること。</p><p><strong>ポイント</strong><br>機械で作業しやすくするなどの目的がある。</p><p class=""related""><strong>関連語</strong><br>農業・土地改良</p>",社会三年 科目::地理 優先::S 単元::G17 学年::中2
農地の集約,"<p>分散した農地の利用などをまとめ、作業や管理を効率化すること。</p><p><strong>ポイント</strong><br>面積だけでなく、農地同士の位置関係も作業費へ影響する。</p><p class=""related""><strong>関連語</strong><br>担い手・機械化</p>",社会三年 科目::地理 優先::A 単元::G17 学年::中2
地産地消,"<p>地域で生産した農林水産物などを、その地域で消費すること。</p><p><strong>ポイント</strong><br>地域外との流通を全てなくすという意味ではない。</p><p class=""related""><strong>関連語</strong><br>地域の食料・流通</p>",社会三年 科目::地理 優先::S 単元::G17 学年::中2
6次産業化,"<p>農林漁業の生産に加工・販売・サービスなどを一体的に結び付ける取り組み。</p><p><strong>ポイント</strong><br>収入の機会とともに、設備・知識・労働の負担も増える。</p><p class=""related""><strong>関連語</strong><br>生産・加工・販売</p>",社会三年 科目::地理 優先::S 単元::G17 学年::中2
人工林と天然林,"<p>人工林は人が植えるなどして造成した森林、天然林は主に自然の働きで成立した森林。</p><p><strong>ポイント</strong><br>どちらも木材や水、環境などと関係するが管理の条件は異なる。</p><p class=""related""><strong>関連語</strong><br>林業・森林</p>",社会三年 科目::地理 優先::S 単元::G17 学年::中2
間伐,"<p>木の成長に応じて一部を伐り、過密な森林の密度を調整すること。</p><p><strong>ポイント</strong><br>残る木や林床に光が届く条件を整える。</p><p class=""related""><strong>関連語</strong><br>人工林・森林管理</p>",社会三年 科目::地理 優先::S 単元::G17 学年::中2
水産資源量と漁獲量,"<p>資源量は海などに存在する対象資源の量、漁獲量は実際に捕った量。</p><p><strong>ポイント</strong><br>操業や規制の違いも漁獲量に影響するため、二つを同じにしない。</p><p class=""related""><strong>関連語</strong><br>漁業・資源管理</p>",社会三年 科目::地理 優先::A 単元::G17 学年::中2
養殖の生産条件,"<p>管理して育てる養殖でも、えさ、水質、病害対策などが必要。</p><p><strong>ポイント</strong><br>生産量を増やす場合には費用や周辺環境への負荷を検討する。</p><p class=""related""><strong>関連語</strong><br>養殖漁業・持続可能性</p>",社会三年 科目::地理 優先::A 単元::G17 学年::中2
工業立地,"<p>原料・市場・交通・労働力などの条件を考え、工場が位置すること。</p><p><strong>ポイント</strong><br>工業の種類によって重視する条件は異なる。</p><p class=""related""><strong>関連語</strong><br>臨海部・内陸部</p>",社会三年 科目::地理 優先::S 単元::G18 学年::中2
太平洋ベルト,"<p>関東から瀬戸内・北九州にかけて、都市や工業が帯状に集まる地域。</p><p><strong>ポイント</strong><br>一つの工業地帯だけを指す名称ではない。</p><p class=""related""><strong>関連語</strong><br>京浜・中京・阪神</p>",社会三年 科目::地理 優先::S 単元::G18 学年::中2
重化学工業,"<p>鉄鋼・機械・化学などの工業をまとめた呼び方。</p><p><strong>ポイント</strong><br>繊維や食品などの軽工業と対比する。</p><p class=""related""><strong>関連語</strong><br>鉄鋼業・機械工業</p>",社会三年 科目::地理 優先::S 単元::G18 学年::中2
軽工業,"<p>繊維・食品などの工業をまとめた呼び方。</p><p><strong>ポイント</strong><br>「製品の重さだけ」で分類するわけではない。</p><p class=""related""><strong>関連語</strong><br>繊維工業・食品工業</p>",社会三年 科目::地理 優先::S 単元::G18 学年::中2
加工組立型工業,"<p>部品や材料を加工・組み立てて製品にする工業。</p><p><strong>ポイント</strong><br>自動車・電気機械などが代表。部品企業とのつながりが重要。</p><p class=""related""><strong>関連語</strong><br>機械工業・分業</p>",社会三年 科目::地理 優先::S 単元::G18 学年::中2
コンビナート,"<p>原料やエネルギーなどで関連する工場が集まり、結び付いている工業施設群。</p><p><strong>ポイント</strong><br>石油化学などで見られ、パイプラインで結ぶ場合もある。</p><p class=""related""><strong>関連語</strong><br>石油化学・臨海部</p>",社会三年 科目::地理 優先::A 単元::G18 学年::中2
化石燃料,"<p>古い生物などに由来し、長い時間をかけてできた石油・石炭・天然ガスなど。</p><p><strong>ポイント</strong><br>使う速さに比べて再びできるまで非常に長い時間がかかる。</p><p class=""related""><strong>関連語</strong><br>火力発電・資源</p>",社会三年 科目::地理 優先::S 単元::G18 学年::中2
再生可能エネルギー,"<p>太陽光・風力・水力・地熱など、自然の働きによって継続的に得られるエネルギー。</p><p><strong>ポイント</strong><br>全てが天候に同じように左右されるわけではない。</p><p class=""related""><strong>関連語</strong><br>発電・持続可能性</p>",社会三年 科目::地理 優先::S 単元::G18 学年::中2
火力発電の特徴,"<p>燃料を使って発電し、出力を調整しやすい方式もあるが、燃料費や二酸化炭素排出が課題。</p><p><strong>ポイント</strong><br>火力にも種類があり、性能は一律ではない。</p><p class=""related""><strong>関連語</strong><br>化石燃料・安定供給</p>",社会三年 科目::地理 優先::A 単元::G18 学年::中2
太陽光・風力発電の特徴,"<p>利用時に燃料を燃やさないが、天候や時間帯で発電量が変わる。</p><p><strong>ポイント</strong><br>蓄電や送電、他の電源との組合せを考える。</p><p class=""related""><strong>関連語</strong><br>再生可能エネルギー・変動</p>",社会三年 科目::地理 優先::A 単元::G18 学年::中2
原子力発電の特徴,"<p>発電時の二酸化炭素排出が少ない一方、事故対策や放射性廃棄物の管理が課題。</p><p><strong>ポイント</strong><br>発電時だけでなく長期の費用・安全も考える。</p><p class=""related""><strong>関連語</strong><br>エネルギー・安全</p>",社会三年 科目::地理 優先::A 単元::G18 学年::中2
省エネルギー,"<p>必要な機能や生活を保ちながら、使うエネルギーを少なくすること。</p><p><strong>ポイント</strong><br>効率のよい機器や建物、使い方の改善など。</p><p class=""related""><strong>関連語</strong><br>効率・エネルギー消費</p>",社会三年 科目::地理 優先::S 単元::G18 学年::中2
エネルギーミックス,"<p>複数のエネルギー源や発電方法を組み合わせること。</p><p><strong>ポイント</strong><br>安全・安定供給・費用・環境などを比較する。</p><p class=""related""><strong>関連語</strong><br>発電・政策</p>",社会三年 科目::地理 優先::A 単元::G18 学年::中2
産業の空洞化,"<p>企業の海外移転などによって、国内の生産や雇用が縮小する現象。</p><p><strong>ポイント</strong><br>海外進出の全てが同じ影響をもつわけではない。</p><p class=""related""><strong>関連語</strong><br>多国籍企業・国際分業</p>",社会三年 科目::地理 優先::A 単元::G18 学年::中2
原料指向型の工業立地,"<p>原料の入手や大量輸送の便利さを重視する工場の立地。</p><p><strong>ポイント</strong><br>原料産地や原料を受け入れる港などが条件になる。</p><p class=""related""><strong>関連語</strong><br>鉄鋼・輸送費</p>",社会三年 科目::地理 優先::A 単元::G18 学年::中2
市場指向型の工業立地,"<p>商品を使う人や企業など、市場への近さを重視する立地。</p><p><strong>ポイント</strong><br>配送時間や細かな注文への対応などが利点になる。</p><p class=""related""><strong>関連語</strong><br>都市・食品工業</p>",社会三年 科目::地理 優先::A 単元::G18 学年::中2
加工貿易,"<p>外国から原料などを輸入し、加工した製品を輸出する貿易の形。</p><p><strong>ポイント</strong><br>国際分業では、輸出入する物や工程がさらに多様になる。</p><p class=""related""><strong>関連語</strong><br>工業・輸出入</p>",社会三年 科目::地理 優先::S 単元::G18 学年::中2
工場数と工業の生産規模,"<p>工場の数は事業所の多さを示すが、出荷額や従業者数と同じではない。</p><p><strong>ポイント</strong><br>工場の大きさや機械化によって一工場当たりの生産は異なる。</p><p class=""related""><strong>関連語</strong><br>工業統計・比較</p>",社会三年 科目::地理 優先::A 単元::G18 学年::中2
電力と電力量,"<p>電力はある時点の仕事をする能力、電力量はそれを時間について積み重ねた量。</p><p><strong>ポイント</strong><br>kWとkWhを同じ単位として比較しない。</p><p class=""related""><strong>関連語</strong><br>発電・単位</p>",社会三年 科目::地理 優先::S 単元::G18 学年::中2
設備容量と発電電力量,"<p>設備容量は発電設備の能力、発電電力量は一定期間に実際につくった電気の量。</p><p><strong>ポイント</strong><br>最大出力を一年中維持するとは限らない。</p><p class=""related""><strong>関連語</strong><br>電源構成・稼働</p>",社会三年 科目::地理 優先::S 単元::G18 学年::中2
送電網,"<p>発電所と消費地などを結び、電力を送る設備のネットワーク。</p><p><strong>ポイント</strong><br>発電所を増やす際も、電気を届けられる条件が必要。</p><p class=""related""><strong>関連語</strong><br>電力供給・地域</p>",社会三年 科目::地理 優先::S 単元::G18 学年::中2
揚水発電,"<p>電力を使って水を高所へくみ上げ、必要時に下へ流して発電する方式。</p><p><strong>ポイント</strong><br>エネルギーを時間をずらして利用する方法で、損失もある。</p><p class=""related""><strong>関連語</strong><br>蓄電・水力</p>",社会三年 科目::地理 優先::S 単元::G18 学年::中2
電力需要の時間調整,"<p>電気を使う時間帯をずらし、供給と需要のつり合いを取りやすくすること。</p><p><strong>ポイント</strong><br>同じ一日の使用量でも、集中する時刻によって必要な設備は違う。</p><p class=""related""><strong>関連語</strong><br>需要・安定供給</p>",社会三年 科目::地理 優先::A 単元::G18 学年::中2
エネルギー自給率,"<p>国内で使用するエネルギーを、国内の供給でどの程度賄うかを示す割合。</p><p><strong>ポイント</strong><br>国内で発電したことと、燃料まで国内産であることは別。</p><p class=""related""><strong>関連語</strong><br>輸入・資源</p>",社会三年 科目::地理 優先::S 単元::G18 学年::中2
第一次産業,"<p>農業・林業・水産業など、自然から生産物を得る産業。</p><p><strong>ポイント</strong><br>第二次・第三次産業と役割を分担する。</p><p class=""related""><strong>関連語</strong><br>農林水産業・産業構成</p>",社会三年 科目::地理 優先::S 単元::G19 学年::中2
第二次産業,"<p>鉱業・建設業・製造業などの産業。</p><p><strong>ポイント</strong><br>工業だけに限定しない。</p><p class=""related""><strong>関連語</strong><br>製造業・建設業</p>",社会三年 科目::地理 優先::S 単元::G19 学年::中2
第三次産業,"<p>商業・運輸・医療・情報通信など、第一次・第二次以外の産業。</p><p><strong>ポイント</strong><br>日本では就業者の大きな割合を占める。</p><p class=""related""><strong>関連語</strong><br>サービス・商業</p>",社会三年 科目::地理 優先::S 単元::G19 学年::中2
コンテナ輸送,"<p>共通規格の箱に貨物を入れ、船・鉄道・トラックなどで運ぶ方法。</p><p><strong>ポイント</strong><br>積み替えを効率よく行える。</p><p class=""related""><strong>関連語</strong><br>物流・港湾</p>",社会三年 科目::地理 優先::S 単元::G19 学年::中2
海上輸送の利点,"<p>大量の貨物を長距離へ、比較的低い費用で運びやすい。</p><p><strong>ポイント</strong><br>鉄鉱石や原油などの輸送に向く。</p><p class=""related""><strong>関連語</strong><br>船・原料輸入</p>",社会三年 科目::地理 優先::A 単元::G19 学年::中2
航空輸送に向く貨物,"<p>高価で軽い物や、短時間で届ける必要のある物。</p><p><strong>ポイント</strong><br>運賃が高くても速さの価値が大きい場合に利用する。</p><p class=""related""><strong>関連語</strong><br>電子部品・生鮮品</p>",社会三年 科目::地理 優先::A 単元::G19 学年::中2
物流,"<p>物を生産地から消費地へ運び、保管・仕分けなどを行う仕組み。</p><p><strong>ポイント</strong><br>輸送だけでなく倉庫なども含む。</p><p class=""related""><strong>関連語</strong><br>流通・コンテナ</p>",社会三年 科目::地理 優先::S 単元::G19 学年::中2
インターチェンジ,"<p>高速道路と一般道路などをつなぐ出入り口や接続施設。</p><p><strong>ポイント</strong><br>周辺に物流施設・工場が立地することがある。</p><p class=""related""><strong>関連語</strong><br>高速道路・内陸工業</p>",社会三年 科目::地理 優先::A 単元::G19 学年::中2
ストロー現象,"<p>交通の発達で、小都市の消費や人などが大都市へ吸い寄せられる現象。</p><p><strong>ポイント</strong><br>交通整備の効果は、地域によって利点にも課題にもなる。</p><p class=""related""><strong>関連語</strong><br>高速交通・地域経済</p>",社会三年 科目::地理 優先::A 単元::G19 学年::中2
貿易黒字,"<p>輸出額が輸入額を上回る状態。</p><p><strong>ポイント</strong><br>国内全ての企業が利益を得たという意味ではない。</p><p class=""related""><strong>関連語</strong><br>輸出・輸入</p>",社会三年 科目::地理 優先::S 単元::G19 学年::中2
貿易赤字,"<p>輸入額が輸出額を上回る状態。</p><p><strong>ポイント</strong><br>国の財政赤字とは別の指標。</p><p class=""related""><strong>関連語</strong><br>輸出・輸入・財政</p>",社会三年 科目::地理 優先::S 単元::G19 学年::中2
情報通信技術（ICT）,"<p>情報を処理し、やり取りするための技術。</p><p><strong>ポイント</strong><br>遠隔で働く・学ぶ仕組みなどを支える。</p><p class=""related""><strong>関連語</strong><br>通信網・情報化</p>",社会三年 科目::地理 優先::S 単元::G19 学年::中2
デジタルデバイド,"<p>情報通信を利用できる環境や能力の違いによって生じる格差。</p><p><strong>ポイント</strong><br>機器を持つかだけでなく、使えるかも重要。</p><p class=""related""><strong>関連語</strong><br>ICT・情報格差</p>",社会三年 科目::地理 優先::A 単元::G19 学年::中2
持続可能な観光,"<p>観光の利益を得ながら、住民の生活・文化・自然を将来へ守る観光。</p><p><strong>ポイント</strong><br>混雑やごみ、交通への負担も考える。</p><p class=""related""><strong>関連語</strong><br>地域振興・環境</p>",社会三年 科目::地理 優先::A 単元::G19 学年::中2
モーダルシフト,"<p>トラックなどによる貨物輸送を、鉄道や船舶などの輸送へ転換する取り組み。</p><p><strong>ポイント</strong><br>長距離部分と末端の集配を組み合わせるなどの条件を検討する。</p><p class=""related""><strong>関連語</strong><br>物流・環境</p>",社会三年 科目::地理 優先::S 単元::G19 学年::中2
トンキロ,"<p>貨物の重量と輸送距離を掛けて表す輸送量の単位。</p><p><strong>ポイント</strong><br>10トンを100km運ぶと1,000トンキロ。重さだけの比較とは違う。</p><p class=""related""><strong>関連語</strong><br>貨物・統計</p>",社会三年 科目::地理 優先::S 単元::G19 学年::中2
幹線輸送と集配,"<p>拠点間のまとまった輸送と、出発地・届け先に応じた細かな輸送。</p><p><strong>ポイント</strong><br>鉄道や船、トラックなどの役割を組み合わせる。</p><p class=""related""><strong>関連語</strong><br>物流・交通拠点</p>",社会三年 科目::地理 優先::A 単元::G19 学年::中2
卸売業,"<p>生産者などから商品を集め、小売業者などへ売る商業。</p><p><strong>ポイント</strong><br>消費者へ直接売る小売業とは主な相手が異なる。</p><p class=""related""><strong>関連語</strong><br>流通・商業</p>",社会三年 科目::地理 優先::S 単元::G19 学年::中2
小売業,"<p>商品を主に消費者へ販売する商業。</p><p><strong>ポイント</strong><br>店舗だけでなく、通信販売などの形もある。</p><p class=""related""><strong>関連語</strong><br>消費者・卸売業</p>",社会三年 科目::地理 優先::S 単元::G19 学年::中2
電子商取引,"<p>インターネットなどを通じて、商品やサービスの注文・売買を行う取引。</p><p><strong>ポイント</strong><br>形のある商品には保管や配送も必要。</p><p class=""related""><strong>関連語</strong><br>情報化・物流</p>",社会三年 科目::地理 優先::S 単元::G19 学年::中2
コールドチェーン,"<p>生産から販売まで、冷蔵・冷凍などの温度管理をつなぐ流通の仕組み。</p><p><strong>ポイント</strong><br>遠隔地への生鮮品供給を支えるが、設備・エネルギーも必要。</p><p class=""related""><strong>関連語</strong><br>食品・輸送</p>",社会三年 科目::地理 優先::S 単元::G19 学年::中2
距離と所要時間の違い,"<p>地理的な距離が同じでも、交通手段、便数、乗換えなどで所要時間は変わる。</p><p><strong>ポイント</strong><br>直線距離だけで地域の結び付きの強さを判断しない。</p><p class=""related""><strong>関連語</strong><br>交通網・都市</p>",社会三年 科目::地理 優先::A 単元::G19 学年::中2
積載率,"<p>運べる能力に対して、実際にどれだけ貨物を積んでいるかを表す割合。</p><p><strong>ポイント</strong><br>同じ便数でも空きが多い場合と満載の場合では効率が違う。</p><p class=""related""><strong>関連語</strong><br>物流・輸送効率</p>",社会三年 科目::地理 優先::A 単元::G19 学年::中2
代替交通と経路の確保,"<p>一つの道路や路線が使えないときに、別の方法で移動・輸送できる条件。</p><p><strong>ポイント</strong><br>最短経路だけでなく災害時の継続性を考える。</p><p class=""related""><strong>関連語</strong><br>防災・交通網</p>",社会三年 科目::地理 優先::A 単元::G19 学年::中2
阿蘇山,"<p>熊本県にある火山。大きなカルデラと、その内部の火山群で知られる。</p><p><strong>ポイント</strong><br>噴火への備えと、草原・観光などの利用を考える。</p><p class=""related""><strong>関連語</strong><br>火山・カルデラ</p>",社会三年 科目::地理 優先::S 単元::G20 学年::中2
カルデラ,"<p>大規模な噴火後の陥没などでできた、大きなくぼ地。</p><p><strong>ポイント</strong><br>単なる一つの小さな噴火口とは区別する。</p><p class=""related""><strong>関連語</strong><br>阿蘇山・火山</p>",社会三年 科目::地理 優先::S 単元::G20 学年::中2
桜島,"<p>鹿児島湾にある、活発な活動で知られる火山。</p><p><strong>ポイント</strong><br>降灰などへの備えと、地域の暮らしを結び付ける。</p><p class=""related""><strong>関連語</strong><br>鹿児島県・火山</p>",社会三年 科目::地理 優先::S 単元::G20 学年::中2
シラス台地,"<p>南九州に広がる、火山噴出物が積もってできた台地。</p><p><strong>ポイント</strong><br>水がしみ込みやすく、水田には用水などの工夫が必要。</p><p class=""related""><strong>関連語</strong><br>火砕流・畑作</p>",社会三年 科目::地理 優先::S 単元::G20 学年::中2
宮崎県の<ruby>促成栽培<rp>（</rp><rt>そくせいさいばい</rt><rp>）</rp></ruby>,"<p>温暖な気候や施設を利用し、きゅうり・ピーマンなどを早い時期に出荷する栽培。</p><p><strong>ポイント</strong><br>出荷時期をずらし、大都市へ供給する。</p><p class=""related""><strong>関連語</strong><br><ruby>促成栽培<rp>（</rp><rt>そくせいさいばい</rt><rp>）</rp></ruby>・輸送園芸</p>",社会三年 科目::地理 優先::A 単元::G20 学年::中2
南九州の畜産,"<p>鹿児島県・宮崎県などで盛んな、牛・豚・鶏などの飼育。</p><p><strong>ポイント</strong><br>土地利用、<ruby>飼料<rp>（</rp><rt>しりょう</rt><rp>）</rp></ruby>、加工・輸送の仕組みも関わる。</p><p class=""related""><strong>関連語</strong><br>畜産・シラス台地</p>",社会三年 科目::地理 優先::S 単元::G20 学年::中2
筑豊炭田,"<p>福岡県の、かつて石炭生産が盛んだった地域。</p><p><strong>ポイント</strong><br>北九州の工業発展の歴史と結び付ける。</p><p class=""related""><strong>関連語</strong><br>石炭・製鉄</p>",社会三年 科目::地理 優先::S 単元::G20 学年::中2
北九州工業地域,"<p>福岡県北部を中心に、製鉄などから発展した工業地域。</p><p><strong>ポイント</strong><br>資料や教科書では「北九州工業地帯」と呼ぶ場合もある。</p><p class=""related""><strong>関連語</strong><br>鉄鋼・港湾</p>",社会三年 科目::地理 優先::S 単元::G20 学年::中2
シリコンアイランド,"<p>半導体関連の工場が立地する九州の呼び名。</p><p><strong>ポイント</strong><br>シリコンバレーはアメリカ合衆国の地域名。</p><p class=""related""><strong>関連語</strong><br>半導体・九州</p>",社会三年 科目::地理 優先::A 単元::G20 学年::中2
福岡市,"<p>商業・行政・交通などの機能が集まる、九州の中心都市の一つ。</p><p><strong>ポイント</strong><br>北九州市と区別する。</p><p class=""related""><strong>関連語</strong><br>九州・アジアとの交流</p>",社会三年 科目::地理 優先::S 単元::G20 学年::中2
<ruby>那覇市<rp>（</rp><rt>なはし</rt><rp>）</rp></ruby>,"<p>沖縄県の県庁所在地。</p><p><strong>ポイント</strong><br>沖縄の交通・行政・商業の中心の一つ。</p><p class=""related""><strong>関連語</strong><br>沖縄県・県庁所在地</p>",社会三年 科目::地理 優先::S 単元::G20 学年::中2
琉球の文化,"<p>中国や日本、東南アジアなどとの交流を背景に形成された、沖縄の歴史的な文化。</p><p><strong>ポイント</strong><br>自然だけでなく、交流の歴史も観光や地域理解に関わる。</p><p class=""related""><strong>関連語</strong><br><ruby>琉球王国<rp>（</rp><rt>りゅうきゅうおうこく</rt><rp>）</rp></ruby>・交易</p>",社会三年 科目::地理 優先::A 単元::G20 学年::中2
沖縄の基地をめぐる課題,"<p>米軍施設の集中に伴う騒音・事故・土地利用など、住民生活に関わる課題。</p><p><strong>ポイント</strong><br>安全保障や雇用を含む複数の観点と、住民の権利を考える。</p><p class=""related""><strong>関連語</strong><br>沖縄県・安全保障</p>",社会三年 科目::地理 優先::A 単元::G20 学年::中2
火山の恵みと災害,"<p>温泉・地熱・観光などの恵みと、噴火・降灰などの危険の両方がある。</p><p><strong>ポイント</strong><br>自然条件を利点か欠点の一方だけで見ない。</p><p class=""related""><strong>関連語</strong><br>防災・地域産業</p>",社会三年 科目::地理 優先::A 単元::G20 学年::中2
筑後川,"<p>九州北部を流れ、有明海へ注ぐ川。</p><p><strong>ポイント</strong><br><ruby>筑紫平野<rp>（</rp><rt>つくしへいや</rt><rp>）</rp></ruby>の農業用水と、洪水への備えの両方に関わる。</p><p class=""related""><strong>関連語</strong><br>筑紫平野・水利用</p>",社会三年 科目::地理 優先::S 単元::G20 学年::中2
有明海,"<p>九州西部の内海で、干満の差が大きく干潟が見られる海。</p><p><strong>ポイント</strong><br>のり養殖や<ruby>干拓<rp>（</rp><rt>かんたく</rt><rp>）</rp></ruby>など、海岸の利用を考える。</p><p class=""related""><strong>関連語</strong><br>干潟・水産業</p>",社会三年 科目::地理 優先::S 単元::G20 学年::中2
干潟,"<p>潮の満ち引きによって、海面に現れたり沈んだりする平らな海岸の土地。</p><p><strong>ポイント</strong><br>生物のすみかや漁業、土地利用の変更と関係する。</p><p class=""related""><strong>関連語</strong><br>海岸・生態系</p>",社会三年 科目::地理 優先::S 単元::G20 学年::中2
<ruby>干拓<rp>（</rp><rt>かんたく</rt><rp>）</rp></ruby>,"<p>浅い海や湖などを堤防で囲み、水を排出して陸地にすること。</p><p><strong>ポイント</strong><br>水域を土砂で埋める埋立てとは方法が異なる。</p><p class=""related""><strong>関連語</strong><br>農地・海岸</p>",社会三年 科目::地理 優先::S 単元::G20 学年::中2
火山地域の地熱利用,"<p>地下の熱を発電や温泉などへ利用すること。</p><p><strong>ポイント</strong><br>地下条件、設備、自然環境や既存利用との調整が必要。</p><p class=""related""><strong>関連語</strong><br>九州・エネルギー</p>",社会三年 科目::地理 優先::A 単元::G20 学年::中2
南九州の畑作と用水,"<p>水がしみ込みやすい土地などで、作物に必要な水を確保しながら行う畑作。</p><p><strong>ポイント</strong><br>土壌だけでなく、用水・品種・輸送の工夫も生産を支える。</p><p class=""related""><strong>関連語</strong><br>シラス台地・農業</p>",社会三年 科目::地理 優先::A 単元::G20 学年::中2
北九州の公害対策,"<p>住民、企業、行政などが調査や設備改善・対策を行ってきた取り組み。</p><p><strong>ポイント</strong><br>工業生産の利益だけでなく、住民の健康や環境を重視する。</p><p class=""related""><strong>関連語</strong><br>工業化・環境</p>",社会三年 科目::地理 優先::A 単元::G20 学年::中2
有田の陶磁器,"<p>佐賀県有田周辺で発達した陶磁器の生産。</p><p><strong>ポイント</strong><br>原料や技術、職人、需要・交易のつながりで説明する。</p><p class=""related""><strong>関連語</strong><br>地場産業・窯業</p>",社会三年 科目::地理 優先::S 単元::G20 学年::中2
離島の交通と物流費,"<p>島へ物資や人を運ぶ際、船・航空便、天候、便数などが費用と安定性に関わる。</p><p><strong>ポイント</strong><br>地理的な距離だけで生活の便利さは決まらない。</p><p class=""related""><strong>関連語</strong><br>沖縄・交通</p>",社会三年 科目::地理 優先::A 単元::G20 学年::中2
観光客と住民の交通需要,"<p>観光の移動と、住民の通勤・通院・物資輸送では必要な時間や便が異なる。</p><p><strong>ポイント</strong><br>来訪者数だけで住民の移動条件を評価しない。</p><p class=""related""><strong>関連語</strong><br>離島・地域計画</p>",社会三年 科目::地理 優先::A 単元::G20 学年::中2
中国山地,"<p>中国地方の内陸を東西に連なる山地。</p><p><strong>ポイント</strong><br>日本海側の<ruby>山陰<rp>（</rp><rt>さんいん</rt><rp>）</rp></ruby>と瀬戸内側の山陽を考える基準。</p><p class=""related""><strong>関連語</strong><br>山陰・山陽</p>",社会三年 科目::地理 優先::S 単元::G21 学年::中2
<ruby>山陰<rp>（</rp><rt>さんいん</rt><rp>）</rp></ruby>,"<p>中国地方のうち、中国山地より主に北の日本海側の地域。</p><p><strong>ポイント</strong><br>冬の降水が多い特徴と結び付ける。</p><p class=""related""><strong>関連語</strong><br><ruby>鳥取県<rp>（</rp><rt>とっとりけん</rt><rp>）</rp></ruby>・島根県</p>",社会三年 科目::地理 優先::S 単元::G21 学年::中2
山陽,"<p>中国地方のうち、中国山地より主に南の瀬戸内側の地域。</p><p><strong>ポイント</strong><br>少雨の気候や沿岸の都市・工業に注目する。</p><p class=""related""><strong>関連語</strong><br>瀬戸内海・工業</p>",社会三年 科目::地理 優先::S 単元::G21 学年::中2
四国山地,"<p>四国の内陸を東西に連なる山地。</p><p><strong>ポイント</strong><br>北の瀬戸内側と南の太平洋側で降水の特徴が違う。</p><p class=""related""><strong>関連語</strong><br>季節風・雨陰</p>",社会三年 科目::地理 優先::S 単元::G21 学年::中2
<ruby>讃岐平野<rp>（</rp><rt>さぬきへいや</rt><rp>）</rp></ruby>,"<p>香川県に広がる平野。ため池などによる農業用水の確保が行われてきた。</p><p><strong>ポイント</strong><br>少雨と水の確保を結び付ける。</p><p class=""related""><strong>関連語</strong><br>香川県・ため池</p>",社会三年 科目::地理 優先::S 単元::G21 学年::中2
ため池,"<p>農業用水などを確保するため、水をためる池。</p><p><strong>ポイント</strong><br>香川県などの少雨地域の土地利用と関わる。</p><p class=""related""><strong>関連語</strong><br><ruby>灌漑<rp>（</rp><rt>かんがい</rt><rp>）</rp></ruby>・水資源</p>",社会三年 科目::地理 優先::S 単元::G21 学年::中2
<ruby>愛媛県<rp>（</rp><rt>えひめけん</rt><rp>）</rp></ruby>のみかん栽培,"<p>温暖な気候と、日当たり・水はけのよい斜面を利用する果樹栽培。</p><p><strong>ポイント</strong><br>県名だけでなく、斜面を使う理由も説明する。</p><p class=""related""><strong>関連語</strong><br>果樹園・瀬戸内</p>",社会三年 科目::地理 優先::A 単元::G21 学年::中2
高知県の<ruby>促成栽培<rp>（</rp><rt>そくせいさいばい</rt><rp>）</rp></ruby>,"<p>温暖な太平洋側の気候や施設を利用し、野菜を早い時期に出荷する栽培。</p><p><strong>ポイント</strong><br>宮崎県と共通する自然条件を比較する。</p><p class=""related""><strong>関連語</strong><br>なす・施設園芸</p>",社会三年 科目::地理 優先::A 単元::G21 学年::中2
瀬戸内工業地域,"<p>瀬戸内海沿岸に広がる、鉄鋼・石油化学・造船などの工業地域。</p><p><strong>ポイント</strong><br>港や臨海部の用地を利用して発達。</p><p class=""related""><strong>関連語</strong><br>臨海工業・コンビナート</p>",社会三年 科目::地理 優先::S 単元::G21 学年::中2
広島市,"<p>広島県の県庁所在地。周辺では自動車などの工業が発達。</p><p><strong>ポイント</strong><br>平和都市としての歴史も学ぶ。</p><p class=""related""><strong>関連語</strong><br>自動車工業・中国地方</p>",社会三年 科目::地理 優先::S 単元::G21 学年::中2
水島地区,"<p>岡山県倉敷市の、鉄鋼・石油化学などが集まる臨海工業地区。</p><p><strong>ポイント</strong><br>大量の原料を船で運ぶ利点がある。</p><p class=""related""><strong>関連語</strong><br>瀬戸内工業地域・港湾</p>",社会三年 科目::地理 優先::A 単元::G21 学年::中2
本州四国連絡橋,"<p>本州と四国を結ぶ橋や道路のまとまり。</p><p><strong>ポイント</strong><br>物流・観光の利点と、地域間競争などの変化を両方考える。</p><p class=""related""><strong>関連語</strong><br>交通・地域間交流</p>",社会三年 科目::地理 優先::S 単元::G21 学年::中2
中山間地域,"<p>平野の周辺から山間部にかけての、傾斜地などが多い地域。</p><p><strong>ポイント</strong><br>農業・森林の管理や生活サービスの維持が課題になる。</p><p class=""related""><strong>関連語</strong><br>過疎・土地利用</p>",社会三年 科目::地理 優先::A 単元::G21 学年::中2
瀬戸内海の島しょ部,"<p>瀬戸内海に点在する島々の地域。</p><p><strong>ポイント</strong><br>海上交通、観光、人口減少などの条件を調べる。</p><p class=""related""><strong>関連語</strong><br>島・地域交通</p>",社会三年 科目::地理 優先::A 単元::G21 学年::中2
吉野川,"<p>四国を流れる川で、流域の生活や香川用水などの広域の水利用を支える。</p><p><strong>ポイント</strong><br>水源と利用地域が県境を越えて結び付く。</p><p class=""related""><strong>関連語</strong><br>四国・水資源</p>",社会三年 科目::地理 優先::S 単元::G21 学年::中2
香川用水,"<p>吉野川の水を香川県へ導き、農業・生活・工業などに利用する用水の仕組み。</p><p><strong>ポイント</strong><br>少雨への対応に、県を越える水の利用が関わる。</p><p class=""related""><strong>関連語</strong><br>吉野川・<ruby>灌漑<rp>（</rp><rt>かんがい</rt><rp>）</rp></ruby></p>",社会三年 科目::地理 優先::S 単元::G21 学年::中2
早明浦ダム,"<p>高知県の吉野川上流にある、水資源の利用などに関わるダム。</p><p><strong>ポイント</strong><br>水が使われる場所はダムの所在地だけではない。</p><p class=""related""><strong>関連語</strong><br>香川用水・水源</p>",社会三年 科目::地理 優先::S 単元::G21 学年::中2
段々畑,"<p>斜面を階段状に整えた畑。</p><p><strong>ポイント</strong><br>土地を利用できる一方、機械化や管理の手間などの条件もある。</p><p class=""related""><strong>関連語</strong><br>果樹栽培・斜面</p>",社会三年 科目::地理 優先::S 単元::G21 学年::中2
広島湾,"<p>瀬戸内海西部の湾で、かき養殖などが行われる。</p><p><strong>ポイント</strong><br>波だけでなく、水質や餌となる生物なども生産を支える。</p><p class=""related""><strong>関連語</strong><br>養殖・瀬戸内海</p>",社会三年 科目::地理 優先::S 単元::G21 学年::中2
瀬戸大橋,"<p>岡山県側の児島と香川県側の坂出を結ぶ経路の橋群。道路と鉄道が通る。</p><p><strong>ポイント</strong><br>本州四国連絡橋の全てを指す名前ではない。</p><p class=""related""><strong>関連語</strong><br>交通・岡山・香川</p>",社会三年 科目::地理 優先::S 単元::G21 学年::中2
本州四国連絡橋の三経路,"<p>神戸・鳴門、児島・坂出、尾道・今治を結ぶ三つの経路。</p><p><strong>ポイント</strong><br>通る場所が違うため、交通の改善を受ける地域も異なる。</p><p class=""related""><strong>関連語</strong><br>橋・地域間交流</p>",社会三年 科目::地理 優先::A 単元::G21 学年::中2
造船業,"<p>船を建造・修理する工業。</p><p><strong>ポイント</strong><br>海への出入り、広い用地、関連する加工技術が立地へ関わる。</p><p class=""related""><strong>関連語</strong><br>瀬戸内・臨海工業</p>",社会三年 科目::地理 優先::S 単元::G21 学年::中2
水源地域と受水地域,"<p>水を確保する地域と、その水を利用する地域。</p><p><strong>ポイント</strong><br>県境を越える場合、上流・下流の協力が必要になる。</p><p class=""related""><strong>関連語</strong><br>水資源・地域連携</p>",社会三年 科目::地理 優先::A 単元::G21 学年::中2
山地から沿岸への環境のつながり,"<p>山や農地・都市から河川を通じて流れる水が、海の水質や生物にも影響すること。</p><p><strong>ポイント</strong><br>養殖を湾の中だけの条件で説明しない。</p><p class=""related""><strong>関連語</strong><br>流域・海洋環境</p>",社会三年 科目::地理 優先::A 単元::G21 学年::中2
京阪神大都市圏,"<p>京都・大阪・神戸を中心に、通勤や産業で結び付く大都市圏。</p><p><strong>ポイント</strong><br>一つの市ではなく、多数の自治体が連なる。</p><p class=""related""><strong>関連語</strong><br>都市圏・通勤</p>",社会三年 科目::地理 優先::S 単元::G22 学年::中2
阪神工業地帯,"<p>大阪・神戸周辺を中心に発達した工業地帯。</p><p><strong>ポイント</strong><br>機械・金属・化学など、多様な工業がある。</p><p class=""related""><strong>関連語</strong><br>大阪湾・中小工場</p>",社会三年 科目::地理 優先::S 単元::G22 学年::中2
大阪市,"<p>大阪府の府庁所在地。商業・業務などの機能が集まる大都市。</p><p><strong>ポイント</strong><br>府全体と市の範囲を区別する。</p><p class=""related""><strong>関連語</strong><br>京阪神・商業</p>",社会三年 科目::地理 優先::S 単元::G22 学年::中2
<ruby>神戸市<rp>（</rp><rt>こうべし</rt><rp>）</rp></ruby>,"<p>兵庫県の県庁所在地。港や工業を背景に発展した都市。</p><p><strong>ポイント</strong><br>六甲山地と海の間の土地利用にも注目する。</p><p class=""related""><strong>関連語</strong><br>神戸港・阪神</p>",社会三年 科目::地理 優先::S 単元::G22 学年::中2
<ruby>琵琶湖<rp>（</rp><rt>びわこ</rt><rp>）</rp></ruby>,"<p><ruby>滋賀県<rp>（</rp><rt>しがけん</rt><rp>）</rp></ruby>にある、日本最大の湖。</p><p><strong>ポイント</strong><br>淀川水系を通じ、京阪神の水源として重要。</p><p class=""related""><strong>関連語</strong><br>水資源・滋賀県</p>",社会三年 科目::地理 優先::S 単元::G22 学年::中2
淀川,"<p><ruby>琵琶湖<rp>（</rp><rt>びわこ</rt><rp>）</rp></ruby>から流れ出る水などを集め、大阪湾へ注ぐ川。</p><p><strong>ポイント</strong><br>上流と下流が水利用や水質で結び付く。</p><p class=""related""><strong>関連語</strong><br>琵琶湖・水系</p>",社会三年 科目::地理 優先::S 単元::G22 学年::中2
紀伊山地,"<p>紀伊半島に広がる山地。太平洋側では降水が多い。</p><p><strong>ポイント</strong><br>森林・林業・土砂災害への備えと関わる。</p><p class=""related""><strong>関連語</strong><br>季節風・林業</p>",社会三年 科目::地理 優先::A 単元::G22 学年::中2
<ruby>西陣織<rp>（</rp><rt>にしじんおり</rt><rp>）</rp></ruby>,"<p>京都で発達した伝統的な織物。</p><p><strong>ポイント</strong><br>高い技術の継承と、新しい需要への対応が重要。</p><p class=""related""><strong>関連語</strong><br>京都・伝統的産業</p>",社会三年 科目::地理 優先::S 単元::G22 学年::中2
<ruby>清水焼<rp>（</rp><rt>きよみずやき</rt><rp>）</rp></ruby>,"<p>京都の伝統的な陶磁器の一つ。</p><p><strong>ポイント</strong><br>地域の歴史・文化と産業の結び付きの例。</p><p class=""related""><strong>関連語</strong><br>陶磁器・京都</p>",社会三年 科目::地理 優先::S 単元::G22 学年::中2
吉野の林業,"<p>奈良県の吉野地域などで営まれてきた林業。</p><p><strong>ポイント</strong><br>森林を育てて木材を得る長期的な管理が必要。</p><p class=""related""><strong>関連語</strong><br>紀伊山地・森林</p>",社会三年 科目::地理 優先::A 単元::G22 学年::中2
志摩半島,"<p>三重県東部の半島。複雑な海岸と、真珠養殖などで知られる。</p><p><strong>ポイント</strong><br>静かな湾を利用する産業と結び付ける。</p><p class=""related""><strong>関連語</strong><br>リアス海岸・真珠</p>",社会三年 科目::地理 優先::A 単元::G22 学年::中2
和歌山県の果樹栽培,"<p>温暖な気候などを利用したみかん・梅などの栽培。</p><p><strong>ポイント</strong><br>産地の分布を地形や交通と関連付ける。</p><p class=""related""><strong>関連語</strong><br>園芸農業・紀伊半島</p>",社会三年 科目::地理 優先::A 単元::G22 学年::中2
伝統的産業,"<p>地域で長く受け継がれてきた技術などを生かす産業。</p><p><strong>ポイント</strong><br>昔と全く同じ物だけを作るとは限らない。</p><p class=""related""><strong>関連語</strong><br>職人・技術継承</p>",社会三年 科目::地理 優先::S 単元::G22 学年::中2
歴史的景観の保全,"<p>歴史的な建物や町並みを、周囲の環境とともに守ること。</p><p><strong>ポイント</strong><br>観光・住宅・交通などとの調整が必要。</p><p class=""related""><strong>関連語</strong><br>京都・奈良・地域計画</p>",社会三年 科目::地理 優先::A 単元::G22 学年::中2
大阪平野,"<p>大阪湾東部などに広がる平野。都市・工業・住宅地が発達する。</p><p><strong>ポイント</strong><br>海や河川、周囲の山地と土地利用を結び付ける。</p><p class=""related""><strong>関連語</strong><br>近畿・都市</p>",社会三年 科目::地理 優先::S 単元::G22 学年::中2
京都盆地,"<p>京都市などが位置する、周囲を山地に囲まれた盆地。</p><p><strong>ポイント</strong><br>海沿いの大阪とは地形・気候の条件が異なる。</p><p class=""related""><strong>関連語</strong><br>近畿・盆地</p>",社会三年 科目::地理 優先::S 単元::G22 学年::中2
奈良盆地,"<p>奈良県北西部に広がる盆地。古くから都市や農地が発達した。</p><p><strong>ポイント</strong><br>地形と歴史的な都市の分布を関連付ける。</p><p class=""related""><strong>関連語</strong><br>古都・地形</p>",社会三年 科目::地理 優先::S 単元::G22 学年::中2
<ruby>琵琶湖<rp>（</rp><rt>びわこ</rt><rp>）</rp></ruby>から大阪湾への水の流れ,"<p><ruby>琵琶湖<rp>（</rp><rt>びわこ</rt><rp>）</rp></ruby>から瀬田川・宇治川・淀川を経て、大阪湾へつながる流れ。</p><p><strong>ポイント</strong><br>水源と利用地域は一つの県内だけに限られない。</p><p class=""related""><strong>関連語</strong><br>水資源・流域</p>",社会三年 科目::地理 優先::A 単元::G22 学年::中2
富栄養化,"<p>湖や海などへ栄養塩類が過剰に入り、藻類の増殖などが起こる現象。</p><p><strong>ポイント</strong><br>流域の生活・産業からの排水などを考える。</p><p class=""related""><strong>関連語</strong><br>水質・環境</p>",社会三年 科目::地理 優先::S 単元::G22 学年::中2
関西国際空港,"<p>大阪湾の人工島にある、国際航空交通などの拠点。</p><p><strong>ポイント</strong><br>海外との便だけでなく、陸地側の交通との接続が必要。</p><p class=""related""><strong>関連語</strong><br>大阪湾・交通</p>",社会三年 科目::地理 優先::S 単元::G22 学年::中2
企業間分業,"<p>複数の企業が、部品製造や加工などの工程を分担すること。</p><p><strong>ポイント</strong><br>完成品の工場以外にも産業を支える技術がある。</p><p class=""related""><strong>関連語</strong><br>中小企業・工業</p>",社会三年 科目::地理 優先::A 単元::G22 学年::中2
中小工場と専門技術,"<p>工場の規模が小さくても、特定の加工などで専門的な技術を担う場合がある。</p><p><strong>ポイント</strong><br>規模の大小だけで技術や役割を判断しない。</p><p class=""related""><strong>関連語</strong><br>阪神・地場産業</p>",社会三年 科目::地理 優先::A 単元::G22 学年::中2
文化財の保存と修理,"<p>歴史的な建物などを維持するため、技術や材料・費用を確保して修理すること。</p><p><strong>ポイント</strong><br>単に使わずに放置することとは違う。</p><p class=""related""><strong>関連語</strong><br>伝統・景観</p>",社会三年 科目::地理 優先::A 単元::G22 学年::中2
観光の時間的な集中,"<p>観光客が特定の時間帯や季節へ集まり、交通や施設の混雑が大きくなること。</p><p><strong>ポイント</strong><br>年間の来訪者数だけでは、ピーク時の負担を捉えられない。</p><p class=""related""><strong>関連語</strong><br>京都・地域生活</p>",社会三年 科目::地理 優先::A 単元::G22 学年::中2
東海,"<p>中部地方のうち、主に太平洋側の地域。</p><p><strong>ポイント</strong><br>中京の工業や、比較的温暖な気候に注目する。</p><p class=""related""><strong>関連語</strong><br>愛知県・静岡県</p>",社会三年 科目::地理 優先::S 単元::G23 学年::中2
中央高地,"<p>中部地方の内陸の山地・高原・盆地を中心とする地域。</p><p><strong>ポイント</strong><br>標高と内陸性の両方が気候に関わる。</p><p class=""related""><strong>関連語</strong><br>長野県・山梨県</p>",社会三年 科目::地理 優先::S 単元::G23 学年::中2
北陸,"<p>中部地方のうち、主に日本海側の地域。</p><p><strong>ポイント</strong><br>冬の雪と水資源、稲作などを関連付ける。</p><p class=""related""><strong>関連語</strong><br><ruby>新潟県<rp>（</rp><rt>にいがたけん</rt><rp>）</rp></ruby>・富山県・石川県・福井県</p>",社会三年 科目::地理 優先::S 単元::G23 学年::中2
中京工業地帯,"<p>愛知県を中心に、輸送用機械などが発達した工業地帯。</p><p><strong>ポイント</strong><br>自動車の完成品工場と部品企業の分業が重要。</p><p class=""related""><strong>関連語</strong><br>豊田市・機械工業</p>",社会三年 科目::地理 優先::S 単元::G23 学年::中2
豊田市,"<p>愛知県の、自動車工業を中心に発展した都市。</p><p><strong>ポイント</strong><br>名古屋市とは別の市。</p><p class=""related""><strong>関連語</strong><br>中京工業地帯・部品</p>",社会三年 科目::地理 優先::S 単元::G23 学年::中2
東海工業地域,"<p>静岡県を中心とする、輸送用機械・楽器・製紙などが発達した工業地域。</p><p><strong>ポイント</strong><br>中京工業地帯と区別する。</p><p class=""related""><strong>関連語</strong><br>浜松市・富士市</p>",社会三年 科目::地理 優先::S 単元::G23 学年::中2
浜松市,"<p>静岡県西部の都市。輸送用機械や楽器などの工業で知られる。</p><p><strong>ポイント</strong><br>産業の発展には地域に蓄積された技術も関わる。</p><p class=""related""><strong>関連語</strong><br>東海工業地域・楽器</p>",社会三年 科目::地理 優先::A 単元::G23 学年::中2
富士市の製紙業,"<p>静岡県富士市周辺で発達した紙の製造。</p><p><strong>ポイント</strong><br>用水や交通などの立地条件を考える。</p><p class=""related""><strong>関連語</strong><br>製紙・工業用水</p>",社会三年 科目::地理 優先::A 単元::G23 学年::中2
甲府盆地,"<p>山梨県にある盆地。ぶどう・桃などの果樹栽培が盛ん。</p><p><strong>ポイント</strong><br><ruby>扇状地<rp>（</rp><rt>せんじょうち</rt><rp>）</rp></ruby>の水はけや気候と関連付ける。</p><p class=""related""><strong>関連語</strong><br>果樹・中央高地</p>",社会三年 科目::地理 優先::S 単元::G23 学年::中2
高原野菜,"<p>夏の涼しい高原などで栽培される、レタス・キャベツなどの野菜。</p><p><strong>ポイント</strong><br>低地の出荷が少ない時期に供給する利点がある。</p><p class=""related""><strong>関連語</strong><br><ruby>抑制栽培<rp>（</rp><rt>よくせいさいばい</rt><rp>）</rp></ruby>・長野県</p>",社会三年 科目::地理 優先::S 単元::G23 学年::中2
精密機械工業,"<p>高い精度を必要とする機器などを作る工業。</p><p><strong>ポイント</strong><br>長野県などの内陸にも発達。人材や技術が重要。</p><p class=""related""><strong>関連語</strong><br>内陸工業・技術</p>",社会三年 科目::地理 優先::A 単元::G23 学年::中2
<ruby>越後平野<rp>（</rp><rt>えちごへいや</rt><rp>）</rp></ruby>,"<p><ruby>新潟県<rp>（</rp><rt>にいがたけん</rt><rp>）</rp></ruby>に広がり、信濃川などが流れる平野。稲作が盛ん。</p><p><strong>ポイント</strong><br>水や土地改良と農業の関係を考える。</p><p class=""related""><strong>関連語</strong><br>信濃川・水田</p>",社会三年 科目::地理 優先::S 単元::G23 学年::中2
<ruby>鯖江市<rp>（</rp><rt>さばえし</rt><rp>）</rp></ruby>の眼鏡産業,"<p>福井県鯖江市周辺に集まる、眼鏡関連の製造業。</p><p><strong>ポイント</strong><br>企業間の分業と技術の集積の例。</p><p class=""related""><strong>関連語</strong><br>地場産業・加工技術</p>",社会三年 科目::地理 優先::A 単元::G23 学年::中2
地場産業,"<p>地域に蓄積された技術や原料などを生かし、企業が集まって営む産業。</p><p><strong>ポイント</strong><br>伝統だけでなく新しい技術を取り入れる場合もある。</p><p class=""related""><strong>関連語</strong><br>産地・中小企業</p>",社会三年 科目::地理 優先::A 単元::G23 学年::中2
木曽三川,"<p>木曽川・長良川・揖斐川の総称。</p><p><strong>ポイント</strong><br>濃尾平野の水利用や治水の歴史と結び付ける。</p><p class=""related""><strong>関連語</strong><br>河川・中部地方</p>",社会三年 科目::地理 優先::S 単元::G23 学年::中2
輪中,"<p>集落や農地を洪水から守るため、周囲を堤防で囲んだ地域やそのまとまり。</p><p><strong>ポイント</strong><br>堤防の内側の排水も必要になる。</p><p class=""related""><strong>関連語</strong><br>濃尾平野・治水</p>",社会三年 科目::地理 優先::S 単元::G23 学年::中2
工業用水と農業用水,"<p>工場の生産や冷却などに使う水と、作物の栽培などに使う水。</p><p><strong>ポイント</strong><br>水源を共有する場合、用途間の調整が必要。</p><p class=""related""><strong>関連語</strong><br>都市・水資源</p>",社会三年 科目::地理 優先::A 単元::G23 学年::中2
部品供給の集中と生産停止,"<p>特定の工場に重要部品を頼ると、その供給停止が完成品の生産へ波及しうること。</p><p><strong>ポイント</strong><br>分業の効率と安定性を同時に検討する。</p><p class=""related""><strong>関連語</strong><br>自動車工業・供給網</p>",社会三年 科目::地理 優先::A 単元::G23 学年::中2
窯業,"<p>粘土などの原料を高温で処理し、陶磁器などをつくる工業。</p><p><strong>ポイント</strong><br>原料と焼成技術、需要との関係を見る。</p><p class=""related""><strong>関連語</strong><br>瀬戸・常滑</p>",社会三年 科目::地理 優先::S 単元::G23 学年::中2
瀬戸・常滑の陶磁器,"<p>愛知県の瀬戸や常滑で発達してきた陶磁器の生産。</p><p><strong>ポイント</strong><br>技術の蓄積と、製品や需要の変化を関連付ける。</p><p class=""related""><strong>関連語</strong><br>窯業・地場産業</p>",社会三年 科目::地理 優先::S 単元::G23 学年::中2
富山平野,"<p>富山県の日本海側に広がる平野。河川や<ruby>扇状地<rp>（</rp><rt>せんじょうち</rt><rp>）</rp></ruby>の水が土地利用へ関わる。</p><p><strong>ポイント</strong><br>稲作や集落の分布を地形と組み合わせて読む。</p><p class=""related""><strong>関連語</strong><br>北陸・河川</p>",社会三年 科目::地理 優先::S 単元::G23 学年::中2
散村,"<p>家が農地などの間に離れて分布する集落の形。</p><p><strong>ポイント</strong><br>まとまって家が集まる集村と位置の分布が異なる。</p><p class=""related""><strong>関連語</strong><br>富山平野・農村</p>",社会三年 科目::地理 優先::S 単元::G23 学年::中2
集村,"<p>家が一か所などへまとまって集まる集落の形。</p><p><strong>ポイント</strong><br>家々から農地・施設への距離を散村と比較できる。</p><p class=""related""><strong>関連語</strong><br>集落・土地利用</p>",社会三年 科目::地理 優先::S 単元::G23 学年::中2
季節をまたぐ雪解け水の利用,"<p>冬に積もった雪が春などに解け、農業や発電などの水を供給すること。</p><p><strong>ポイント</strong><br>冬の負担と後の季節の水利用を両方見る。</p><p class=""related""><strong>関連語</strong><br>北陸・水資源</p>",社会三年 科目::地理 優先::A 単元::G23 学年::中2
首都機能,"<p>国会や中央省庁など、国の政治・行政を担う機能。</p><p><strong>ポイント</strong><br>東京には経済・情報などの機能も集中している。</p><p class=""related""><strong>関連語</strong><br>東京・中央省庁</p>",社会三年 科目::地理 優先::S 単元::G24 学年::中2
東京一極集中,"<p>人口や企業・行政などの機能が、東京圏へ集中すること。</p><p><strong>ポイント</strong><br>便利さと、災害や混雑のリスクの両方を考える。</p><p class=""related""><strong>関連語</strong><br>首都機能・過密</p>",社会三年 科目::地理 優先::S 単元::G24 学年::中2
京浜工業地帯,"<p>東京・川崎・横浜などを中心に発達した工業地帯。</p><p><strong>ポイント</strong><br>機械や化学など多様な工業があり、大市場や港と結び付く。</p><p class=""related""><strong>関連語</strong><br>東京湾・工業</p>",社会三年 科目::地理 優先::S 単元::G24 学年::中2
京葉工業地域,"<p>千葉県の東京湾沿岸を中心とする、鉄鋼・石油化学などの工業地域。</p><p><strong>ポイント</strong><br>京浜と東京湾の反対側に位置する。</p><p class=""related""><strong>関連語</strong><br>臨海部・コンビナート</p>",社会三年 科目::地理 優先::S 単元::G24 学年::中2
北関東工業地域,"<p>群馬・栃木・<ruby>茨城<rp>（</rp><rt>いばらき</rt><rp>）</rp></ruby>などで、機械・食品などが発達した工業地域。</p><p><strong>ポイント</strong><br>高速道路沿いなどの内陸立地に注目する。</p><p class=""related""><strong>関連語</strong><br>インターチェンジ・内陸工業</p>",社会三年 科目::地理 優先::S 単元::G24 学年::中2
横浜市,"<p>神奈川県の県庁所在地。港や商業・工業を背景に発達した大都市。</p><p><strong>ポイント</strong><br>東京都内の市ではない。</p><p class=""related""><strong>関連語</strong><br>横浜港・京浜</p>",社会三年 科目::地理 優先::S 単元::G24 学年::中2
関東ローム,"<p>関東の台地などを覆う、火山灰などに由来する土層。</p><p><strong>ポイント</strong><br>地形や水の条件とともに土地利用へ影響する。</p><p class=""related""><strong>関連語</strong><br>台地・火山灰</p>",社会三年 科目::地理 優先::A 単元::G24 学年::中2
<ruby>嬬恋村<rp>（</rp><rt>つまごいむら</rt><rp>）</rp></ruby>のキャベツ栽培,"<p><ruby>群馬県<rp>（</rp><rt>ぐんまけん</rt><rp>）</rp></ruby>の高地で、夏の涼しさを利用するキャベツ栽培。</p><p><strong>ポイント</strong><br>高原野菜・<ruby>抑制栽培<rp>（</rp><rt>よくせいさいばい</rt><rp>）</rp></ruby>の例。</p><p class=""related""><strong>関連語</strong><br>高地・輸送園芸</p>",社会三年 科目::地理 優先::S 単元::G24 学年::中2
成田空港,"<p>千葉県にある、国際航空交通・貨物輸送の拠点の一つ。</p><p><strong>ポイント</strong><br>東京の都心にある空港ではない。</p><p class=""related""><strong>関連語</strong><br>航空輸送・貿易</p>",社会三年 科目::地理 優先::S 単元::G24 学年::中2
関東の近郊農業,"<p>大消費地の東京圏へ、新鮮な野菜などを供給する農業。</p><p><strong>ポイント</strong><br>都市との近さは、輸送や販売の利点になる。</p><p class=""related""><strong>関連語</strong><br>千葉県・<ruby>茨城県<rp>（</rp><rt>いばらきけん</rt><rp>）</rp></ruby></p>",社会三年 科目::地理 優先::A 単元::G24 学年::中2
都市圏の役割分担,"<p>中心都市の業務機能、周辺の住宅・工業・農業などが、交通で結び付くこと。</p><p><strong>ポイント</strong><br>一つの市だけで生活が完結するとは限らない。</p><p class=""related""><strong>関連語</strong><br>通勤圏・物流</p>",社会三年 科目::地理 優先::A 単元::G24 学年::中2
都市の機能分散,"<p>一か所へ集中した機能を、複数の地域へ分けること。</p><p><strong>ポイント</strong><br>災害時の影響を抑える利点などと、費用・利便性を比較する。</p><p class=""related""><strong>関連語</strong><br>東京一極集中・防災</p>",社会三年 科目::地理 優先::A 単元::G24 学年::中2
東京湾の埋立地,"<p>海を埋め立てて造られた土地。港・工場・物流施設などに利用される。</p><p><strong>ポイント</strong><br>低い土地の浸水や地震時の液状化などにも注意が必要。</p><p class=""related""><strong>関連語</strong><br>臨海工業・土地利用</p>",社会三年 科目::地理 優先::A 単元::G24 学年::中2
液状化,"<p>地下水を多く含む砂地盤が、地震の揺れで液体のような状態になる現象。</p><p><strong>ポイント</strong><br>埋立地などでも、地盤条件に応じた対策が重要。</p><p class=""related""><strong>関連語</strong><br>地震・地盤</p>",社会三年 科目::地理 優先::A 単元::G24 学年::中2
武蔵野台地,"<p>東京都西部から<ruby>埼玉県<rp>（</rp><rt>さいたまけん</rt><rp>）</rp></ruby>の一部などへ広がる台地。</p><p><strong>ポイント</strong><br>関東平野の中にも、低地とは違う高さの土地がある。</p><p class=""related""><strong>関連語</strong><br>関東ローム・土地利用</p>",社会三年 科目::地理 優先::S 単元::G24 学年::中2
下総台地,"<p>千葉県北部などに広がる台地。</p><p><strong>ポイント</strong><br>農地や住宅地の分布を、高さや水の条件と結び付ける。</p><p class=""related""><strong>関連語</strong><br>関東平野・地形</p>",社会三年 科目::地理 優先::S 単元::G24 学年::中2
荒川,"<p>関東地方を流れ、東京湾へ注ぐ河川。</p><p><strong>ポイント</strong><br>流域の都市・低地の利用と洪水対策を関連付ける。</p><p class=""related""><strong>関連語</strong><br>関東平野・治水</p>",社会三年 科目::地理 優先::S 単元::G24 学年::中2
都心と郊外,"<p>都心は業務・商業などの中心部、郊外は都市の周辺部。</p><p><strong>ポイント</strong><br>通勤などで結び付くが、用途や人口構成には地域差がある。</p><p class=""related""><strong>関連語</strong><br>都市圏・交通</p>",社会三年 科目::地理 優先::S 単元::G24 学年::中2
ベッドタウン,"<p>住宅地として発達し、他の都市へ通勤する住民が多い都市を指す呼び方。</p><p><strong>ポイント</strong><br>その都市に仕事や商業が全くないという意味ではない。</p><p class=""related""><strong>関連語</strong><br>郊外・通勤</p>",社会三年 科目::地理 優先::S 単元::G24 学年::中2
通勤流動,"<p>どこに住む人が、どこへ仕事のために移動するかという人の流れ。</p><p><strong>ポイント</strong><br>都市人口の総数だけでは移動の方向や人数は分からない。</p><p class=""related""><strong>関連語</strong><br>昼間人口・交通計画</p>",社会三年 科目::地理 優先::A 単元::G24 学年::中2
筑波研究学園都市,"<p><ruby>茨城県<rp>（</rp><rt>いばらきけん</rt><rp>）</rp></ruby>つくば市などに、研究機関や大学などを集めて整備された都市。</p><p><strong>ポイント</strong><br>研究機能の集積と首都圏の機能配置を考える例。</p><p class=""related""><strong>関連語</strong><br>研究・地域計画</p>",社会三年 科目::地理 優先::S 単元::G24 学年::中2
機能分散と拠点間交通,"<p>機能を複数地域へ配置する際、それぞれを結ぶ交通・通信も必要になる関係。</p><p><strong>ポイント</strong><br>移転先の用地だけで利便性を判断しない。</p><p class=""related""><strong>関連語</strong><br>首都機能・研究</p>",社会三年 科目::地理 優先::A 単元::G24 学年::中2
高速道路と出入口の位置,"<p>道路の線に近いだけでなく、インターチェンジや接続道路への近さが利用を左右する。</p><p><strong>ポイント</strong><br>工場や倉庫の立地を詳しい交通図で判断する。</p><p class=""related""><strong>関連語</strong><br>物流・北関東</p>",社会三年 科目::地理 優先::A 単元::G24 学年::中2
大消費地の物資への依存,"<p>都市の生活が、周辺・国内各地・海外の生産と輸送によって支えられる関係。</p><p><strong>ポイント</strong><br>都市が被災しなくても供給経路の停止で影響を受けうる。</p><p class=""related""><strong>関連語</strong><br>首都圏・物流</p>",社会三年 科目::地理 優先::A 単元::G24 学年::中2
<ruby>奥羽山脈<rp>（</rp><rt>おううさんみゃく</rt><rp>）</rp></ruby>,"<p>東北地方の内陸を南北に連なる山脈。</p><p><strong>ポイント</strong><br>日本海側と太平洋側の気候の違いを考える基準。</p><p class=""related""><strong>関連語</strong><br>東北地方・山脈</p>",社会三年 科目::地理 優先::S 単元::G25 学年::中2
やませ,"<p>東北地方の太平洋側などへ夏に吹く、冷たく湿った東寄りの風。</p><p><strong>ポイント</strong><br>低温や日照不足による冷害につながることがある。</p><p class=""related""><strong>関連語</strong><br>冷害・太平洋側</p>",社会三年 科目::地理 優先::S 単元::G25 学年::中2
冷害,"<p>夏などの低温によって、農作物の生育や収穫に被害が出ること。</p><p><strong>ポイント</strong><br>東北ではやませへの対応や品種改良が重要。</p><p class=""related""><strong>関連語</strong><br>稲作・低温</p>",社会三年 科目::地理 優先::S 単元::G25 学年::中2
品種改良,"<p>作物などの性質を改良し、収量・品質・寒さへの強さなどを高めること。</p><p><strong>ポイント</strong><br>自然条件に対応する人々の工夫の一つ。</p><p class=""related""><strong>関連語</strong><br>農業技術・冷害</p>",社会三年 科目::地理 優先::S 単元::G25 学年::中2
庄内平野,"<p>山形県の日本海側に広がる、稲作が盛んな平野。</p><p><strong>ポイント</strong><br>最上川や水資源と関連付ける。</p><p class=""related""><strong>関連語</strong><br>水田・最上川</p>",社会三年 科目::地理 優先::S 単元::G25 学年::中2
仙台平野,"<p>宮城県の太平洋側に広がる平野。農業と都市機能が見られる。</p><p><strong>ポイント</strong><br>庄内平野とは海の側が異なる。</p><p class=""related""><strong>関連語</strong><br>宮城県・稲作</p>",社会三年 科目::地理 優先::S 単元::G25 学年::中2
津軽平野,"<p>青森県西部に広がる平野。稲作や周辺のりんご栽培が知られる。</p><p><strong>ポイント</strong><br>青森県内でも地域差がある。</p><p class=""related""><strong>関連語</strong><br>岩木川・果樹</p>",社会三年 科目::地理 優先::S 単元::G25 学年::中2
青森県のりんご栽培,"<p>比較的冷涼な気候などを利用した、代表的な果樹栽培。</p><p><strong>ポイント</strong><br>生産量の順位を答えるときは資料年を確認する。</p><p class=""related""><strong>関連語</strong><br>果樹・津軽</p>",社会三年 科目::地理 優先::A 単元::G25 学年::中2
山形県のさくらんぼ栽培,"<p>盆地などの自然条件と技術を利用して行う果樹栽培。</p><p><strong>ポイント</strong><br>県名と作物を、地形・気候にも結び付ける。</p><p class=""related""><strong>関連語</strong><br>果樹・盆地</p>",社会三年 科目::地理 優先::A 単元::G25 学年::中2
三陸海岸,"<p>東北の太平洋側にある海岸。南部を中心にリアス海岸が見られる。</p><p><strong>ポイント</strong><br>養殖に利用する湾と、津波への備えを考える。</p><p class=""related""><strong>関連語</strong><br>リアス海岸・養殖</p>",社会三年 科目::地理 優先::S 単元::G25 学年::中2
潮目,"<p>性質の異なる海水が接する境目。</p><p><strong>ポイント</strong><br>三陸沖では<ruby>黒潮<rp>（</rp><rt>くろしお</rt><rp>）</rp></ruby>と<ruby>親潮<rp>（</rp><rt>おやしお</rt><rp>）</rp></ruby>の影響が漁場の形成に関わる。</p><p class=""related""><strong>関連語</strong><br>海流・漁場</p>",社会三年 科目::地理 優先::A 単元::G25 学年::中2
仙台市,"<p>宮城県の県庁所在地。東北地方の行政・商業などの中心都市。</p><p><strong>ポイント</strong><br>仙台平野の位置と結び付ける。</p><p class=""related""><strong>関連語</strong><br>東北地方・都市</p>",社会三年 科目::地理 優先::S 単元::G25 学年::中2
東日本大震災,"<p>2011年3月11日の地震と津波などによる大災害。</p><p><strong>ポイント</strong><br>津波・原子力災害を含む多面的な影響と、防災・復興を学ぶ。</p><p class=""related""><strong>関連語</strong><br>地震・津波・減災</p>",社会三年 科目::地理 優先::S 単元::G25 学年::中2
津波への多重の備え,"<p>避難、土地利用、防潮施設、情報伝達などを組み合わせること。</p><p><strong>ポイント</strong><br>一つの施設だけで全ての津波を防げるとは限らない。</p><p class=""related""><strong>関連語</strong><br>減災・避難</p>",社会三年 科目::地理 優先::A 単元::G25 学年::中2
北上高地,"<p>東北地方の太平洋側北部に広がる高地。</p><p><strong>ポイント</strong><br><ruby>奥羽山脈<rp>（</rp><rt>おううさんみゃく</rt><rp>）</rp></ruby>や河川の位置と合わせ、東西の地形を読む。</p><p class=""related""><strong>関連語</strong><br>岩手県・東北</p>",社会三年 科目::地理 優先::S 単元::G25 学年::中2
阿武隈高地,"<p>東北地方南部の太平洋側などに広がる高地。</p><p><strong>ポイント</strong><br>東北の山地を<ruby>奥羽山脈<rp>（</rp><rt>おううさんみゃく</rt><rp>）</rp></ruby>だけに限定しない。</p><p class=""related""><strong>関連語</strong><br>福島県・地形</p>",社会三年 科目::地理 優先::S 単元::G25 学年::中2
北上川,"<p>岩手県から宮城県へ流れ、太平洋側へ注ぐ河川。</p><p><strong>ポイント</strong><br>流域の平地・農地・都市の位置を関連付ける。</p><p class=""related""><strong>関連語</strong><br>東北・河川</p>",社会三年 科目::地理 優先::S 単元::G25 学年::中2
最上川,"<p>山形県を流れ、日本海へ注ぐ河川。</p><p><strong>ポイント</strong><br>庄内平野などの水利用と位置を結び付ける。</p><p class=""related""><strong>関連語</strong><br>山形県・稲作</p>",社会三年 科目::地理 優先::S 単元::G25 学年::中2
冷害への栽培上の対応,"<p>品種改良、水の管理、作業時期の調整などにより、低温による被害を減らす工夫。</p><p><strong>ポイント</strong><br>自然条件だけで生産が決まるのではない。</p><p class=""related""><strong>関連語</strong><br>やませ・稲作</p>",社会三年 科目::地理 優先::A 単元::G25 学年::中2
選果,"<p>収穫した果実を大きさや品質などに応じて分ける作業。</p><p><strong>ポイント</strong><br>産地の出荷や販売を安定させる工程の一つ。</p><p class=""related""><strong>関連語</strong><br>果樹・流通</p>",社会三年 科目::地理 優先::S 単元::G25 学年::中2
産地の共同出荷,"<p>複数の生産者が施設などを共同で使い、商品をまとめて出荷すること。</p><p><strong>ポイント</strong><br>品質や量をそろえ、輸送・取引を行いやすくする場合がある。</p><p class=""related""><strong>関連語</strong><br>農業・市場</p>",社会三年 科目::地理 優先::A 単元::G25 学年::中2
漁港の機能,"<p>漁船の利用、水揚げ、保管、加工や出荷などを支える働き。</p><p><strong>ポイント</strong><br>漁業は海上の<ruby>漁獲<rp>（</rp><rt>ぎょかく</rt><rp>）</rp></ruby>だけで完結しない。</p><p class=""related""><strong>関連語</strong><br>水産業・物流</p>",社会三年 科目::地理 優先::S 単元::G25 学年::中2
復旧と復興,"<p>復旧は損なわれた機能などを戻すこと、復興は将来も見据えて生活や地域を立て直すこと。</p><p><strong>ポイント</strong><br>元の配置を戻すだけでは将来の課題に対応できない場合がある。</p><p class=""related""><strong>関連語</strong><br>災害・まちづくり</p>",社会三年 科目::地理 優先::A 単元::G25 学年::中2
高台移転と生活動線,"<p>住宅を高い場所へ移す際、仕事場や学校・商店までの移動も変わること。</p><p><strong>ポイント</strong><br>浸水対策と日常の生活条件を合わせて計画する。</p><p class=""related""><strong>関連語</strong><br>復興・交通</p>",社会三年 科目::地理 優先::A 単元::G25 学年::中2
<ruby>十勝平野<rp>（</rp><rt>とかちへいや</rt><rp>）</rp></ruby>,"<p>北海道東部の平野。大規模な畑作が盛ん。</p><p><strong>ポイント</strong><br>小麦・じゃがいも・てんさい・豆類などを組み合わせる。</p><p class=""related""><strong>関連語</strong><br>輪作・機械化</p>",社会三年 科目::地理 優先::S 単元::G26 学年::中2
輪作,"<p>同じ耕地で、年ごとなどに栽培する作物を順に替えること。</p><p><strong>ポイント</strong><br>病害や土壌養分の偏りを抑えるのに役立つ。</p><p class=""related""><strong>関連語</strong><br>畑作・連作</p>",社会三年 科目::地理 優先::S 単元::G26 学年::中2
てんさい,"<p>根に糖分を蓄え、砂糖の原料になる作物。</p><p><strong>ポイント</strong><br>冷涼な地域で育ち、さとうきびと対比できる。</p><p class=""related""><strong>関連語</strong><br>北海道・砂糖</p>",社会三年 科目::地理 優先::S 単元::G26 学年::中2
<ruby>根釧台地<rp>（</rp><rt>こんせんだいち</rt><rp>）</rp></ruby>,"<p>北海道東部の、根室・釧路にまたがる台地。<ruby>酪農<rp>（</rp><rt>らくのう</rt><rp>）</rp></ruby>が盛ん。</p><p><strong>ポイント</strong><br>冷涼で霧の多い気候などを牧草・乳牛の飼育に利用。</p><p class=""related""><strong>関連語</strong><br>酪農・冷涼</p>",社会三年 科目::地理 優先::S 単元::G26 学年::中2
<ruby>石狩平野<rp>（</rp><rt>いしかりへいや</rt><rp>）</rp></ruby>,"<p>北海道西部に広がる平野。札幌市周辺や稲作地域を含む。</p><p><strong>ポイント</strong><br>用排水や土壌・品種の改良が農業を支えた。</p><p class=""related""><strong>関連語</strong><br>石狩川・稲作</p>",社会三年 科目::地理 優先::S 単元::G26 学年::中2
泥炭地,"<p>植物が十分に分解されず積み重なった泥炭からなる土地。</p><p><strong>ポイント</strong><br>農地利用では排水や土壌の改良などが行われた。</p><p class=""related""><strong>関連語</strong><br>土地改良・湿地</p>",社会三年 科目::地理 優先::A 単元::G26 学年::中2
客土,"<p>農地へ別の場所の土を入れ、土壌の性質を改善すること。</p><p><strong>ポイント</strong><br>北海道の一部の土地改良でも利用された。</p><p class=""related""><strong>関連語</strong><br>泥炭地・農業技術</p>",社会三年 科目::地理 優先::A 単元::G26 学年::中2
<ruby>札幌市<rp>（</rp><rt>さっぽろし</rt><rp>）</rp></ruby>,"<p>北海道の道庁所在地。人口・行政・商業などの機能が集まる都市。</p><p><strong>ポイント</strong><br>北海道全体に人口が均等に分布しているわけではない。</p><p class=""related""><strong>関連語</strong><br>都市化・北海道</p>",社会三年 科目::地理 優先::S 単元::G26 学年::中2
オホーツク海,"<p>北海道の北東側に広がる海。冬の流氷などで知られる。</p><p><strong>ポイント</strong><br>漁業や観光と自然環境の関係を考える。</p><p class=""related""><strong>関連語</strong><br>流氷・漁業</p>",社会三年 科目::地理 優先::S 単元::G26 学年::中2
北海道の食品工業,"<p>農産物・畜産物・水産物などを加工する工業。</p><p><strong>ポイント</strong><br>原料を生産する第一次産業と結び付く。</p><p class=""related""><strong>関連語</strong><br>乳製品・水産加工</p>",社会三年 科目::地理 優先::A 単元::G26 学年::中2
アイヌの人々,"<p>北海道などに長く暮らしてきた先住民族の人々。独自の言語や文化をもつ。</p><p><strong>ポイント</strong><br>開拓の歴史では、土地・文化・権利への影響も学ぶ。</p><p class=""related""><strong>関連語</strong><br>先住民族・文化継承</p>",社会三年 科目::地理 優先::S 単元::G26 学年::中2
<ruby>屯田兵<rp>（</rp><rt>とんでんへい</rt><rp>）</rp></ruby>,"<p>明治時代に、北海道で開拓と防備を担った人々とその制度。</p><p><strong>ポイント</strong><br>開拓を、先住民族への影響と切り離さず考える。</p><p class=""related""><strong>関連語</strong><br>明治時代・北海道開拓</p>",社会三年 科目::地理 優先::A 単元::G26 学年::中2
北海道の観光と季節差,"<p>夏の自然や冬の雪などを利用する一方、季節で客数や仕事量が変わりやすい。</p><p><strong>ポイント</strong><br>自然保全と年間を通じた地域経済の両立が課題。</p><p class=""related""><strong>関連語</strong><br>観光・雇用</p>",社会三年 科目::地理 優先::A 単元::G26 学年::中2
北海道の農業地域の比較,"<p>十勝は大規模畑作、根釧は<ruby>酪農<rp>（</rp><rt>らくのう</rt><rp>）</rp></ruby>、石狩は稲作が代表的。</p><p><strong>ポイント</strong><br>同じ北海道でも気候・地形・土地改良の条件が違う。</p><p class=""related""><strong>関連語</strong><br>適地適作・土地利用</p>",社会三年 科目::地理 優先::A 単元::G26 学年::中2
連作,"<p>同じ耕地で、同じ作物を続けて栽培すること。</p><p><strong>ポイント</strong><br>作物や土の条件によって病気や養分の問題が起こる場合がある。</p><p class=""related""><strong>関連語</strong><br>輪作・畑作</p>",社会三年 科目::地理 優先::S 単元::G26 学年::中2
連作障害,"<p>同じ作物を続けて栽培することで、病害などにより生育が悪くなること。</p><p><strong>ポイント</strong><br>輪作などはこれを抑える方法の一つだが、作物や条件で効果が異なる。</p><p class=""related""><strong>関連語</strong><br>土壌・農業技術</p>",社会三年 科目::地理 優先::S 単元::G26 学年::中2
北海道の農地改良,"<p>排水・用水、土壌、品種や栽培方法などを整え、農業の条件を改善してきたこと。</p><p><strong>ポイント</strong><br>面積が広いことだけで農業の発達を説明しない。</p><p class=""related""><strong>関連語</strong><br>石狩・十勝・開発</p>",社会三年 科目::地理 優先::A 単元::G26 学年::中2
牧草地,"<p>家畜の<ruby>飼料<rp>（</rp><rt>しりょう</rt><rp>）</rp></ruby>となる草を育てたり、家畜に食べさせたりする土地。</p><p><strong>ポイント</strong><br>降水や気温、草の回復と飼育頭数の関係が重要。</p><p class=""related""><strong>関連語</strong><br><ruby>酪農<rp>（</rp><rt>らくのう</rt><rp>）</rp></ruby>・放牧</p>",社会三年 科目::地理 優先::S 単元::G26 学年::中2
集乳,"<p>複数の酪農家などから生乳を集め、加工場などへ運ぶこと。</p><p><strong>ポイント</strong><br>農場の生産と乳製品の加工・販売を結ぶ。</p><p class=""related""><strong>関連語</strong><br><ruby>酪農<rp>（</rp><rt>らくのう</rt><rp>）</rp></ruby>・物流</p>",社会三年 科目::地理 優先::S 単元::G26 学年::中2
乳製品を支える三つの産業,"<p><ruby>酪農<rp>（</rp><rt>らくのう</rt><rp>）</rp></ruby>で生乳をつくり、工場で加工し、輸送・販売で消費者へ届けるという関係。</p><p><strong>ポイント</strong><br>第一次・第二次・第三次産業は互いに独立していない。</p><p class=""related""><strong>関連語</strong><br>農業・工業・流通</p>",社会三年 科目::地理 優先::A 単元::G26 学年::中2
人口密度と公共交通の費用,"<p>住民が分散し距離が長い地域では、同じ人数の移動を支えるにも費用が大きくなりやすい。</p><p><strong>ポイント</strong><br>路線の利用者数だけでなく代替手段や距離も見る。</p><p class=""related""><strong>関連語</strong><br>北海道・地域交通</p>",社会三年 科目::地理 優先::A 単元::G26 学年::中2
季節別の需要と設備,"<p>農産物の出荷や観光などは季節によって需要が異なり、設備の利用度も変わる。</p><p><strong>ポイント</strong><br>年平均だけで繁忙期・閑散期の条件を判断しない。</p><p class=""related""><strong>関連語</strong><br>産業・費用</p>",社会三年 科目::地理 優先::A 単元::G26 学年::中2
釧路湿原,"<p>北海道東部に広がる湿原。水の流れや生物の生息に関わる自然。</p><p><strong>ポイント</strong><br>周辺の土地利用や流入する水も保全に影響する。</p><p class=""related""><strong>関連語</strong><br>湿地・自然保護</p>",社会三年 科目::地理 優先::S 単元::G26 学年::中2
開発の規模と住民の権利,"<p>農地や施設が増えた量と、そこで暮らす人々の権利・生活の変化は別の観点。</p><p><strong>ポイント</strong><br>開拓の歴史は先住民族の立場も含めて検討する。</p><p class=""related""><strong>関連語</strong><br>アイヌ・土地利用</p>",社会三年 科目::地理 優先::A 単元::G26 学年::中2
地域調査,"<p>地図・統計・観察・聞き取りなどを用い、地域の特徴や課題を調べること。</p><p><strong>ポイント</strong><br>場所・対象・問いを具体的にする。</p><p class=""related""><strong>関連語</strong><br>地理的な見方・調査</p>",社会三年 科目::地理 優先::S 単元::G27 学年::中2
仮説,"<p>調査や検証の前に立てる、暫定的な説明や予想。</p><p><strong>ポイント</strong><br>結果と違えば修正する。最初から正しい答えではない。</p><p class=""related""><strong>関連語</strong><br>検証・資料</p>",社会三年 科目::地理 優先::S 単元::G27 学年::中2
現地観察,"<p>実際の場所で、地形・土地利用・人の動きなどを確認すること。</p><p><strong>ポイント</strong><br>日時や条件を記録し、安全・プライバシーにも配慮する。</p><p class=""related""><strong>関連語</strong><br>フィールドワーク・記録</p>",社会三年 科目::地理 優先::A 単元::G27 学年::中2
聞き取り調査,"<p>人々の経験や意見を聞いて情報を集める方法。</p><p><strong>ポイント</strong><br>目的を説明し同意を得る。少数の意見を全体に一般化しない。</p><p class=""related""><strong>関連語</strong><br>インタビュー・立場</p>",社会三年 科目::地理 優先::A 単元::G27 学年::中2
出典,"<p>情報や資料をどこから得たかを示したもの。</p><p><strong>ポイント</strong><br>資料名・作成者・年などを記録する。</p><p class=""related""><strong>関連語</strong><br>根拠・引用</p>",社会三年 科目::地理 優先::S 単元::G27 学年::中2
調査対象の偏り,"<p>調べた人や場所が、全体を十分に代表していないこと。</p><p><strong>ポイント</strong><br>利用者だけを調べると、利用できない人が抜ける場合がある。</p><p class=""related""><strong>関連語</strong><br>標本・一般化</p>",社会三年 科目::地理 優先::A 単元::G27 学年::中2
比較条件をそろえる方法,"<p>地域の範囲、調査年、単位、分母などを確認する。</p><p><strong>ポイント</strong><br>違う条件の数値を、そのまま優劣や増減にしない。</p><p class=""related""><strong>関連語</strong><br>統計・比較</p>",社会三年 科目::地理 優先::A 単元::G27 学年::中2
複数資料の照合,"<p>地図・統計・聞き取りなどを比べ、一つの資料だけでは分からない点を確かめること。</p><p><strong>ポイント</strong><br>食い違いは隠さず、理由を調べる。</p><p class=""related""><strong>関連語</strong><br>資料批判・根拠</p>",社会三年 科目::地理 優先::A 単元::G27 学年::中2
評価基準,"<p>複数の案を比べるために用いる観点。</p><p><strong>ポイント</strong><br>費用・効果・公平性・環境・実行可能性などをそろえて比べる。</p><p class=""related""><strong>関連語</strong><br>比較・提案</p>",社会三年 科目::地理 優先::A 単元::G27 学年::中2
実行可能性,"<p>人員・費用・技術・制度などの条件から、その案を実施できるかどうか。</p><p><strong>ポイント</strong><br>理想的な効果だけで政策を選ばない。</p><p class=""related""><strong>関連語</strong><br>予算・人材</p>",社会三年 科目::地理 優先::A 単元::G27 学年::中2
持続可能性,"<p>環境や社会・経済を損なわず、将来にわたって続けられるかという性質。</p><p><strong>ポイント</strong><br>現在の便利さと、将来の負担を一緒に考える。</p><p class=""related""><strong>関連語</strong><br>SDGs・地域社会</p>",社会三年 科目::地理 優先::A 単元::G27 学年::中2
提案後の検証,"<p>実施前後のデータなどで効果や副作用を確かめ、必要に応じて見直すこと。</p><p><strong>ポイント</strong><br>目標や測る指標を先に決めておく。</p><p class=""related""><strong>関連語</strong><br>政策評価・改善</p>",社会三年 科目::地理 優先::A 単元::G27 学年::中2
母集団,"<p>調査で特徴を明らかにしたい対象の全体。</p><p><strong>ポイント</strong><br>住民全体を調べたいのに、来店者だけを調べる場合などは範囲が違う。</p><p class=""related""><strong>関連語</strong><br>調査・標本</p>",社会三年 科目::地理 優先::S 単元::G27 学年::中2
標本,"<p>母集団の一部として、実際に調査する対象。</p><p><strong>ポイント</strong><br>標本の選び方が偏ると、回答数が多くても全体を代表しない場合がある。</p><p class=""related""><strong>関連語</strong><br>統計・調査</p>",社会三年 科目::地理 優先::S 単元::G27 学年::中2
量的調査と質的調査,"<p>数値で分布や量を調べる方法と、経験や理由などを詳しく調べる方法。</p><p><strong>ポイント</strong><br>問いに応じて併用すると、一方だけでは見えない内容を補える。</p><p class=""related""><strong>関連語</strong><br>アンケート・聞き取り</p>",社会三年 科目::地理 優先::S 単元::G27 学年::中2
回収率,"<p>依頼・配布した調査などに対し、回答が得られた割合。</p><p><strong>ポイント</strong><br>高い回収率でも、対象の偏りや質問の問題がなくなるわけではない。</p><p class=""related""><strong>関連語</strong><br>標本調査・割合</p>",社会三年 科目::地理 優先::S 単元::G27 学年::中2
誘導的な質問,"<p>言い方に特定の評価などを含め、回答を一定方向へ導きやすい質問。</p><p><strong>ポイント</strong><br>賛否を尋ねる前に一方の利点だけを強調しない。</p><p class=""related""><strong>関連語</strong><br>調査の公正・質問文</p>",社会三年 科目::地理 優先::A 単元::G27 学年::中2
調査の比較条件,"<p>曜日・季節・地域の範囲など、比較でそろえる必要がある条件。</p><p><strong>ポイント</strong><br>条件の違いによる変化を政策の効果と混同しない。</p><p class=""related""><strong>関連語</strong><br>前後比較・資料</p>",社会三年 科目::地理 優先::A 単元::G27 学年::中2
前後比較と他の要因,"<p>実施前後の変化には、対策以外の出来事や天候などの影響も含まれる場合がある。</p><p><strong>ポイント</strong><br>改善後に増えたことだけで効果を断定しない。</p><p class=""related""><strong>関連語</strong><br>因果関係・検証</p>",社会三年 科目::地理 優先::A 単元::G27 学年::中2
目的に対応した指標,"<p>政策や調査で達成したい目的を、適切に確かめられる数値や観察項目。</p><p><strong>ポイント</strong><br>安全対策を来訪者数だけで評価するなどのずれを避ける。</p><p class=""related""><strong>関連語</strong><br>評価・政策</p>",社会三年 科目::地理 優先::A 単元::G27 学年::中2
個人を特定しにくい集計,"<p>属性の区分をまとめたり細かな情報を省いたりして、個人の識別を防ぐ工夫。</p><p><strong>ポイント</strong><br>氏名だけを消せば十分とは限らない。</p><p class=""related""><strong>関連語</strong><br>個人情報・調査倫理</p>",社会三年 科目::地理 優先::A 単元::G27 学年::中2
結果・解釈・提案の区別,"<p>観測した内容、その意味についての説明、今後の行動案を分けて示すこと。</p><p><strong>ポイント</strong><br>資料の事実と自分の判断の境界を明確にする。</p><p class=""related""><strong>関連語</strong><br>報告書・根拠</p>",社会三年 科目::地理 優先::A 単元::G27 学年::中2
旧石器時代,"<p>打製石器を使い、主に<ruby>狩猟・採集<rp>（</rp><rt>しゅりょう・さいしゅう</rt><rp>）</rp></ruby>などで暮らした時代。</p><p><strong>ポイント</strong><br>農耕の広がる時期とは区別する。</p><p class=""related""><strong>関連語</strong><br>打製石器・狩猟</p>",社会三年 科目::歴史 優先::S 単元::H01 学年::中1
打製石器,"<p>石を打ち欠いて形を整えた道具。</p><p><strong>ポイント</strong><br>磨いて作る磨製石器と比較する。</p><p class=""related""><strong>関連語</strong><br>旧石器時代・道具</p>",社会三年 科目::歴史 優先::S 単元::H01 学年::中1
磨製石器,"<p>石を磨いて、刃などを整えた道具。</p><p><strong>ポイント</strong><br>地域によって使われ始めた時期は違う。</p><p class=""related""><strong>関連語</strong><br>新石器時代・農耕</p>",社会三年 科目::歴史 優先::S 単元::H01 学年::中1
新石器時代,"<p>農耕・牧畜や磨製石器・土器などの利用が広がった時代。</p><p><strong>ポイント</strong><br>地域ごとに時期や生活の組合せは異なる。</p><p class=""related""><strong>関連語</strong><br>農耕・定住</p>",社会三年 科目::歴史 優先::S 単元::H01 学年::中1
<ruby>狩猟・採集<rp>（</rp><rt>しゅりょう・さいしゅう</rt><rp>）</rp></ruby>,"<p>野生の動物を捕らえたり、木の実などを集めたりして食料を得ること。</p><p><strong>ポイント</strong><br>農耕が始まった後も続いた。</p><p class=""related""><strong>関連語</strong><br>旧石器時代・縄文時代</p>",社会三年 科目::歴史 優先::S 単元::H01 学年::中1
定住,"<p>同じ場所に長く住むこと。</p><p><strong>ポイント</strong><br>食料の確保・貯蔵や集落の発達と関わる。</p><p class=""related""><strong>関連語</strong><br>集落・農耕</p>",社会三年 科目::歴史 優先::S 単元::H01 学年::中1
文明,"<p>都市・国家・文字などを伴って発達した、人間社会の複雑な仕組みや文化。</p><p><strong>ポイント</strong><br>全てが同じ順序や形で発達するわけではない。</p><p class=""related""><strong>関連語</strong><br>都市・文字・国家</p>",社会三年 科目::歴史 優先::S 単元::H01 学年::中1
メソポタミア文明,"<p>チグリス川・ユーフラテス川流域に発達した古代文明。</p><p><strong>ポイント</strong><br>くさび形文字、ハンムラビ法典などと結び付ける。</p><p class=""related""><strong>関連語</strong><br>西アジア・<ruby>灌漑<rp>（</rp><rt>かんがい</rt><rp>）</rp></ruby></p>",社会三年 科目::歴史 優先::S 単元::H01 学年::中1
エジプト文明,"<p>ナイル川流域に発達した古代文明。</p><p><strong>ポイント</strong><br>象形文字、太陽暦、ピラミッドなどが特徴。</p><p class=""related""><strong>関連語</strong><br>ナイル川・王</p>",社会三年 科目::歴史 優先::S 単元::H01 学年::中1
インダス文明,"<p>インダス川流域に発達した古代文明。</p><p><strong>ポイント</strong><br>モヘンジョダロなどの都市遺跡がある。</p><p class=""related""><strong>関連語</strong><br>南アジア・都市</p>",社会三年 科目::歴史 優先::S 単元::H01 学年::中1
中国文明,"<p>黄河・長江流域などで発達した古代文明。</p><p><strong>ポイント</strong><br><ruby>殷<rp>（</rp><rt>いん</rt><rp>）</rp></ruby>の<ruby>甲骨文字<rp>（</rp><rt>こうこつもじ</rt><rp>）</rp></ruby>や青銅器などを学ぶ。</p><p class=""related""><strong>関連語</strong><br>黄河・長江・殷</p>",社会三年 科目::歴史 優先::S 単元::H01 学年::中1
くさび形文字,"<p>メソポタミアで使われた、粘土板などに刻む文字。</p><p><strong>ポイント</strong><br>エジプトの象形文字や中国の<ruby>甲骨文字<rp>（</rp><rt>こうこつもじ</rt><rp>）</rp></ruby>と区別する。</p><p class=""related""><strong>関連語</strong><br>メソポタミア・記録</p>",社会三年 科目::歴史 優先::S 単元::H01 学年::中1
象形文字,"<p>物の形などをもとに表した文字。古代エジプトの文字が代表例。</p><p><strong>ポイント</strong><br>文字の成立と、政治・宗教・記録の関係を考える。</p><p class=""related""><strong>関連語</strong><br>エジプト・文字</p>",社会三年 科目::歴史 優先::S 単元::H01 学年::中1
<ruby>甲骨文字<rp>（</rp><rt>こうこつもじ</rt><rp>）</rp></ruby>,"<p><ruby>殷<rp>（</rp><rt>いん</rt><rp>）</rp></ruby>で亀の甲や動物の骨などに刻まれた文字。漢字のもとになった。</p><p><strong>ポイント</strong><br>占いの記録などに用いられた。</p><p class=""related""><strong>関連語</strong><br>殷・漢字</p>",社会三年 科目::歴史 優先::S 単元::H01 学年::中1
<ruby>殷<rp>（</rp><rt>いん</rt><rp>）</rp></ruby>,"<p>紀元前2千年紀に栄えた中国の王朝。<ruby>甲骨文字<rp>（</rp><rt>こうこつもじ</rt><rp>）</rp></ruby>や青銅器が知られる。</p><p><strong>ポイント</strong><br>後の<ruby>秦<rp>（</rp><rt>しん</rt><rp>）</rp></ruby>・<ruby>漢<rp>（</rp><rt>かん</rt><rp>）</rp></ruby>とは時代が違う。</p><p class=""related""><strong>関連語</strong><br>中国文明・甲骨文字</p>",社会三年 科目::歴史 優先::S 単元::H01 学年::中1
ハンムラビ法典,"<p>古代メソポタミアのバビロニアでまとめられた法典。</p><p><strong>ポイント</strong><br>身分による刑罰の違いがあり、現代の平等とは異なる。</p><p class=""related""><strong>関連語</strong><br>法律・身分</p>",社会三年 科目::歴史 優先::S 単元::H01 学年::中1
太陽暦と太陰暦,"<p>太陽暦は季節をもたらす太陽の年周運動、太陰暦は月の満ち欠けを基準にする暦。</p><p><strong>ポイント</strong><br>農業の時期や宗教行事などを決めるために暦が発達。</p><p class=""related""><strong>関連語</strong><br>エジプト・メソポタミア</p>",社会三年 科目::歴史 優先::A 単元::H01 学年::中1
農耕から社会の変化へのつながり,"<p>食料の生産・貯蔵が進み、定住や分業、富の差、支配の仕組みなどが発達した。</p><p><strong>ポイント</strong><br>農耕だけで全てが決まったわけではない。</p><p class=""related""><strong>関連語</strong><br>余剰・都市・国家</p>",社会三年 科目::歴史 優先::A 単元::H01 学年::中1
農耕と牧畜,"<p>作物を育てることと、家畜を飼育して食料などを得ること。</p><p><strong>ポイント</strong><br>自然の動植物を採る生活と、生産する生活の違いを考える。</p><p class=""related""><strong>関連語</strong><br>新石器時代・食料</p>",社会三年 科目::歴史 優先::S 単元::H01 学年::中1
余剰生産物,"<p>自分たちがすぐに使う量などを超えて、生産・貯蔵できる物。</p><p><strong>ポイント</strong><br>分業や取引、支配者による管理の成立に関わる。</p><p class=""related""><strong>関連語</strong><br>農耕・都市</p>",社会三年 科目::歴史 優先::S 単元::H01 学年::中1
分業,"<p>人や集団が異なる仕事や工程を分担すること。</p><p><strong>ポイント</strong><br>食料生産、道具製作、交易などが互いに結び付く。</p><p class=""related""><strong>関連語</strong><br>生産・社会</p>",社会三年 科目::歴史 優先::S 単元::H01 学年::中1
青銅器,"<p>銅にすずなどを混ぜた青銅で作る道具や器物。</p><p><strong>ポイント</strong><br>古代には武器・祭器などにも用いられた。</p><p class=""related""><strong>関連語</strong><br>金属器・文明</p>",社会三年 科目::歴史 優先::S 単元::H01 学年::中1
鉄器,"<p>鉄を材料に作った道具や武器など。</p><p><strong>ポイント</strong><br>農具の利用は開墾などにも関係するが、石器が直ちに全て消えたわけではない。</p><p class=""related""><strong>関連語</strong><br>技術・農業</p>",社会三年 科目::歴史 優先::S 単元::H01 学年::中1
都市文明,"<p>都市に政治・祭り・手工業などの機能が集まり、周辺の農村などと結び付いた文明。</p><p><strong>ポイント</strong><br>都市の建物だけでなく食料や資材の供給を考える。</p><p class=""related""><strong>関連語</strong><br>国家・分業</p>",社会三年 科目::歴史 優先::S 単元::H01 学年::中1
モヘンジョダロ,"<p>インダス文明の都市遺跡。道路や排水施設などの計画的な配置が見られる。</p><p><strong>ポイント</strong><br>遺構から分かることと、文字資料などで確認すべきことを区別する。</p><p class=""related""><strong>関連語</strong><br>インダス文明・都市</p>",社会三年 科目::歴史 優先::S 単元::H01 学年::中1
ピラミッド,"<p>古代エジプトで王の墓として造られた大きな建造物。</p><p><strong>ポイント</strong><br>権力、建築技術、資材や人手を集める仕組みを考える。</p><p class=""related""><strong>関連語</strong><br>エジプト文明・王</p>",社会三年 科目::歴史 優先::S 単元::H01 学年::中1
法典,"<p>法律や規則をまとまった形にしたもの。</p><p><strong>ポイント</strong><br>古代の法典には身分による扱いの違いもあった。</p><p class=""related""><strong>関連語</strong><br>ハンムラビ法典・秩序</p>",社会三年 科目::歴史 優先::S 単元::H01 学年::中1
文字と物資の管理,"<p>数量や受渡しを記録することで、税や取引、貯蔵の管理を行いやすくする関係。</p><p><strong>ポイント</strong><br>文字は文学だけでなく政治・経済にも使われる。</p><p class=""related""><strong>関連語</strong><br>古代国家・記録</p>",社会三年 科目::歴史 優先::A 単元::H01 学年::中1
国家と共同作業,"<p>大きな施設や用水の整備には、人手・物資を集め調整する組織が必要になる。</p><p><strong>ポイント</strong><br>施設の規模から、支配や協力の仕組みを考える。</p><p class=""related""><strong>関連語</strong><br>都市・<ruby>灌漑<rp>（</rp><rt>かんがい</rt><rp>）</rp></ruby></p>",社会三年 科目::歴史 優先::A 単元::H01 学年::中1
文明の地域差と成立の順序,"<p>農耕、都市、国家、文字などの発達は、地域によって時期や組合せが異なる。</p><p><strong>ポイント</strong><br>全世界が一斉に同じ段階へ進んだとは考えない。</p><p class=""related""><strong>関連語</strong><br>比較・古代</p>",社会三年 科目::歴史 優先::A 単元::H01 学年::中1
<ruby>秦<rp>（</rp><rt>しん</rt><rp>）</rp></ruby>,"<p><ruby>始皇帝<rp>（</rp><rt>しこうてい</rt><rp>）</rp></ruby>が紀元前221年に中国を統一した王朝。</p><p><strong>ポイント</strong><br>文字・<ruby>貨幣<rp>（</rp><rt>かへい</rt><rp>）</rp></ruby>・<ruby>度量衡<rp>（</rp><rt>どりょうこう</rt><rp>）</rp></ruby>をそろえ、統治を進めた。</p><p class=""related""><strong>関連語</strong><br>始皇帝・統一</p>",社会三年 科目::歴史 優先::S 単元::H02 学年::中1
<ruby>始皇帝<rp>（</rp><rt>しこうてい</rt><rp>）</rp></ruby>,"<p>中国を統一した<ruby>秦<rp>（</rp><rt>しん</rt><rp>）</rp></ruby>の王で、皇帝の称号を用いた人物。</p><p><strong>ポイント</strong><br>統一政策と、人民への負担の両方を見る。</p><p class=""related""><strong>関連語</strong><br>秦・万里の長城</p>",社会三年 科目::歴史 優先::S 単元::H02 学年::中1
<ruby>度量衡<rp>（</rp><rt>どりょうこう</rt><rp>）</rp></ruby>,"<p>長さ・容量・重さを測る単位や道具。</p><p><strong>ポイント</strong><br>統一すると、税や取引を共通の基準で扱いやすい。</p><p class=""related""><strong>関連語</strong><br><ruby>秦<rp>（</rp><rt>しん</rt><rp>）</rp></ruby>・統一政策</p>",社会三年 科目::歴史 優先::A 単元::H02 学年::中1
<ruby>漢<rp>（</rp><rt>かん</rt><rp>）</rp></ruby>,"<p><ruby>秦<rp>（</rp><rt>しん</rt><rp>）</rp></ruby>の後に中国を広く支配し、東西交流を進めた王朝。</p><p><strong>ポイント</strong><br>日本列島の小国との交流を示す記録もある。</p><p class=""related""><strong>関連語</strong><br>シルクロード・金印</p>",社会三年 科目::歴史 優先::S 単元::H02 学年::中1
シルクロード,"<p>中国と西方を結ぶ、絹などの交易で知られる交通路の総称。</p><p><strong>ポイント</strong><br>物だけでなく宗教や技術も伝わった。</p><p class=""related""><strong>関連語</strong><br><ruby>漢<rp>（</rp><rt>かん</rt><rp>）</rp></ruby>・仏教伝来</p>",社会三年 科目::歴史 優先::S 単元::H02 学年::中1
<ruby>孔子<rp>（</rp><rt>こうし</rt><rp>）</rp></ruby>,"<p>古代中国で、人の生き方や政治・秩序について説いた思想家。</p><p><strong>ポイント</strong><br>教えは<ruby>儒教<rp>（</rp><rt>じゅきょう</rt><rp>）</rp></ruby>として発展した。</p><p class=""related""><strong>関連語</strong><br>儒教・中国</p>",社会三年 科目::歴史 優先::S 単元::H02 学年::中1
<ruby>儒教<rp>（</rp><rt>じゅきょう</rt><rp>）</rp></ruby>,"<p><ruby>孔子<rp>（</rp><rt>こうし</rt><rp>）</rp></ruby>の教えをもとに、道徳や政治・社会の秩序を重んじる教え。</p><p><strong>ポイント</strong><br>中国や日本などの政治・教育に影響した。</p><p class=""related""><strong>関連語</strong><br>孔子・道徳</p>",社会三年 科目::歴史 優先::S 単元::H02 学年::中1
<ruby>隋<rp>（</rp><rt>ずい</rt><rp>）</rp></ruby>,"<p>6世紀末に中国を再統一した王朝。</p><p><strong>ポイント</strong><br>日本は<ruby>遣隋使<rp>（</rp><rt>けんずいし</rt><rp>）</rp></ruby>を送り、制度や文化を学んだ。</p><p class=""related""><strong>関連語</strong><br>遣隋使・中国</p>",社会三年 科目::歴史 優先::S 単元::H02 学年::中1
<ruby>唐<rp>（</rp><rt>とう</rt><rp>）</rp></ruby>,"<p>7世紀に成立し、東アジアに大きな影響を与えた中国の王朝。</p><p><strong>ポイント</strong><br>律令や都の仕組み、文化が日本へ伝わった。</p><p class=""related""><strong>関連語</strong><br><ruby>遣唐使<rp>（</rp><rt>けんとうし</rt><rp>）</rp></ruby>・律令</p>",社会三年 科目::歴史 優先::S 単元::H02 学年::中1
ポリス,"<p>古代ギリシャの都市国家。アテネやスパルタなどがあった。</p><p><strong>ポイント</strong><br>現代の国全体ではなく、都市を中心とする政治共同体。</p><p class=""related""><strong>関連語</strong><br>ギリシャ・アテネ</p>",社会三年 科目::歴史 優先::S 単元::H02 学年::中1
アテネの民主政,"<p>成年男子市民が政治に参加した、古代ギリシャの政治。</p><p><strong>ポイント</strong><br>女性・奴隷・外国人などは参加できず、現代とは異なる。</p><p class=""related""><strong>関連語</strong><br>ポリス・市民</p>",社会三年 科目::歴史 優先::S 単元::H02 学年::中1
ローマ帝国,"<p>皇帝を中心に、地中海周辺の広い地域を支配した国。</p><p><strong>ポイント</strong><br>道路・都市・法律が統治と交流を支えた。</p><p class=""related""><strong>関連語</strong><br>地中海・キリスト教</p>",社会三年 科目::歴史 優先::S 単元::H02 学年::中1
共和政,"<p>君主を置かず、公的な制度によって国を治める政治体制。</p><p><strong>ポイント</strong><br>共和政でも、全ての人が平等に参加できるとは限らない。</p><p class=""related""><strong>関連語</strong><br>ローマ・市民</p>",社会三年 科目::歴史 優先::A 単元::H02 学年::中1
<ruby>釈迦<rp>（</rp><rt>しゃか</rt><rp>）</rp></ruby>,"<p>古代インドで仏教を開いた人物。</p><p><strong>ポイント</strong><br>仏教の成立地と東アジアへの広がりを結び付ける。</p><p class=""related""><strong>関連語</strong><br>仏教・インド</p>",社会三年 科目::歴史 優先::S 単元::H02 学年::中1
イエス,"<p>キリスト教のもととなる教えを説いた人物。</p><p><strong>ポイント</strong><br>西アジアのローマ帝国領内で活動した。</p><p class=""related""><strong>関連語</strong><br>キリスト教・ローマ帝国</p>",社会三年 科目::歴史 優先::S 単元::H02 学年::中1
ムハンマド,"<p>7世紀にアラビア半島でイスラム教を開いた人物。</p><p><strong>ポイント</strong><br>仏教・キリスト教より後に成立した。</p><p class=""related""><strong>関連語</strong><br>イスラム教・アラビア半島</p>",社会三年 科目::歴史 優先::S 単元::H02 学年::中1
古代と現代の民主政治の違い,"<p>アテネの政治参加は成年男子市民に限られ、現代の普通選挙とは参加範囲が異なる。</p><p><strong>ポイント</strong><br>民主政という名称だけで同じ制度と判断しない。</p><p class=""related""><strong>関連語</strong><br>参政権・平等</p>",社会三年 科目::歴史 優先::A 単元::H02 学年::中1
統一国家と共通の基準,"<p>文字・<ruby>貨幣<rp>（</rp><rt>かへい</rt><rp>）</rp></ruby>・単位などをそろえると、命令・税・取引を広い地域で扱いやすくなる。</p><p><strong>ポイント</strong><br>統一の目的を具体的な仕組みから説明する。</p><p class=""related""><strong>関連語</strong><br><ruby>秦<rp>（</rp><rt>しん</rt><rp>）</rp></ruby>・<ruby>度量衡<rp>（</rp><rt>どりょうこう</rt><rp>）</rp></ruby></p>",社会三年 科目::歴史 優先::A 単元::H02 学年::中1
周,"<p><ruby>殷<rp>（</rp><rt>いん</rt><rp>）</rp></ruby>の後に栄えた中国の王朝。</p><p><strong>ポイント</strong><br><ruby>秦<rp>（</rp><rt>しん</rt><rp>）</rp></ruby>・<ruby>漢<rp>（</rp><rt>かん</rt><rp>）</rp></ruby>より前の中国の歴史の流れに位置付ける。</p><p class=""related""><strong>関連語</strong><br>中国古代・王朝</p>",社会三年 科目::歴史 優先::S 単元::H02 学年::中1
春秋・戦国時代,"<p>中国で多くの国が争い、思想や政治のあり方も論じられた時代。</p><p><strong>ポイント</strong><br><ruby>秦<rp>（</rp><rt>しん</rt><rp>）</rp></ruby>による統一より前。日本の戦国時代とは別。</p><p class=""related""><strong>関連語</strong><br>中国・<ruby>孔子<rp>（</rp><rt>こうし</rt><rp>）</rp></ruby></p>",社会三年 科目::歴史 優先::S 単元::H02 学年::中1
郡県制,"<p>地方に役人を置き、中央政府の支配のもとで治める制度。</p><p><strong>ポイント</strong><br><ruby>秦<rp>（</rp><rt>しん</rt><rp>）</rp></ruby>の統一政策と、地方を管理する方法を結び付ける。</p><p class=""related""><strong>関連語</strong><br>秦・中央集権</p>",社会三年 科目::歴史 優先::S 単元::H02 学年::中1
万里の長城,"<p>中国北方の防備などのために、時代を重ねて整備された城壁群。</p><p><strong>ポイント</strong><br>現在残る全ての部分が<ruby>秦<rp>（</rp><rt>しん</rt><rp>）</rp></ruby>の時代に造られたわけではない。</p><p class=""related""><strong>関連語</strong><br>防衛・中国</p>",社会三年 科目::歴史 優先::S 単元::H02 学年::中1
科挙,"<p>中国で試験によって官吏を選んだ制度。</p><p><strong>ポイント</strong><br>学ぶ機会や費用の差があり、全住民が同じ条件で受験したわけではない。</p><p class=""related""><strong>関連語</strong><br><ruby>隋<rp>（</rp><rt>ずい</rt><rp>）</rp></ruby>・<ruby>唐<rp>（</rp><rt>とう</rt><rp>）</rp></ruby>・官吏</p>",社会三年 科目::歴史 優先::S 単元::H02 学年::中1
官吏,"<p>国家などの行政を担う役人。</p><p><strong>ポイント</strong><br>選び方や担当する仕事は時代・制度で異なる。</p><p class=""related""><strong>関連語</strong><br>政治制度・行政</p>",社会三年 科目::歴史 優先::S 単元::H02 学年::中1
アレクサンドロス大王,"<p>ギリシャから西アジアなどへ勢力を広げ、文化の交流にも影響した王。</p><p><strong>ポイント</strong><br>遠征とヘレニズム文化の関係を考える。</p><p class=""related""><strong>関連語</strong><br>古代世界・征服</p>",社会三年 科目::歴史 優先::S 単元::H02 学年::中1
ヘレニズム文化,"<p>ギリシャの文化と西アジアなどの文化が交流して発達した文化。</p><p><strong>ポイント</strong><br>征服や人の移動、交易が文化の広がりに関わった。</p><p class=""related""><strong>関連語</strong><br>アレクサンドロス大王・交流</p>",社会三年 科目::歴史 優先::S 単元::H02 学年::中1
古代の市民と住民,"<p>政治に参加する資格をもつ市民と、都市で暮らす人全体は一致しない。</p><p><strong>ポイント</strong><br>アテネの民主政では参加できない住民もいた。</p><p class=""related""><strong>関連語</strong><br>民主政・身分</p>",社会三年 科目::歴史 優先::A 単元::H02 学年::中1
ローマ法,"<p>古代ローマで発達した法の体系。</p><p><strong>ポイント</strong><br>広い社会の権利・義務や秩序を扱う仕組みとして考える。</p><p class=""related""><strong>関連語</strong><br>ローマ帝国・法律</p>",社会三年 科目::歴史 優先::S 単元::H02 学年::中1
帝国を支える交通と行政,"<p>道路、税、役人、法などが、広い領域を結び管理する働きを担う。</p><p><strong>ポイント</strong><br>領土を獲得する軍事力だけでは統治の仕組みを説明できない。</p><p class=""related""><strong>関連語</strong><br>ローマ・中国</p>",社会三年 科目::歴史 優先::A 単元::H02 学年::中1
宗教の公認と国教化,"<p>公認は信仰を認めること、国教化は国家の宗教として位置付けること。</p><p><strong>ポイント</strong><br>ローマ帝国とキリスト教の関係は時期によって変わった。</p><p class=""related""><strong>関連語</strong><br>宗教・国家</p>",社会三年 科目::歴史 優先::A 単元::H02 学年::中1
岩宿遺跡,"<p><ruby>群馬県<rp>（</rp><rt>ぐんまけん</rt><rp>）</rp></ruby>にあり、日本の旧石器時代の研究で重要な石器が発見された遺跡。</p><p><strong>ポイント</strong><br>縄文土器の遺跡との混同を避ける。</p><p class=""related""><strong>関連語</strong><br>旧石器時代・相沢忠洋</p>",社会三年 科目::歴史 優先::S 単元::H03 学年::中1
縄文時代,"<p>縄文土器を使い、<ruby>狩猟・採集<rp>（</rp><rt>しゅりょう・さいしゅう</rt><rp>）</rp></ruby>・漁労などを中心に暮らした時代。</p><p><strong>ポイント</strong><br>植物の管理・栽培や定住集落も見られた。</p><p class=""related""><strong>関連語</strong><br>土器・貝塚</p>",社会三年 科目::歴史 優先::S 単元::H03 学年::中1
縄文土器,"<p>縄目の文様などで知られる、縄文時代の土器。</p><p><strong>ポイント</strong><br>煮炊きや貯蔵に利用され、全てが同じ形ではない。</p><p class=""related""><strong>関連語</strong><br>縄文時代・食生活</p>",社会三年 科目::歴史 優先::S 単元::H03 学年::中1
<ruby>竪穴住居<rp>（</rp><rt>たてあなじゅうきょ</rt><rp>）</rp></ruby>,"<p>地面を掘り下げ、柱と屋根を設けた住居。</p><p><strong>ポイント</strong><br>縄文時代だけに限られる建物ではない。</p><p class=""related""><strong>関連語</strong><br>集落・住居</p>",社会三年 科目::歴史 優先::S 単元::H03 学年::中1
貝塚,"<p>貝殻や動物の骨、道具などが積もった場所。</p><p><strong>ポイント</strong><br>食生活や環境、生活の様子を知る手がかり。</p><p class=""related""><strong>関連語</strong><br>縄文時代・考古資料</p>",社会三年 科目::歴史 優先::S 単元::H03 学年::中1
<ruby>土偶<rp>（</rp><rt>どぐう</rt><rp>）</rp></ruby>,"<p>主に縄文時代に作られた、人などの形の土製品。</p><p><strong>ポイント</strong><br>用途には解釈があり、信仰や祈りとの関係が考えられる。</p><p class=""related""><strong>関連語</strong><br>縄文時代・信仰</p>",社会三年 科目::歴史 優先::S 単元::H03 学年::中1
<ruby>三内丸山遺跡<rp>（</rp><rt>さんないまるやまいせき</rt><rp>）</rp></ruby>,"<p>青森県の、大規模な縄文集落の遺跡。</p><p><strong>ポイント</strong><br>縄文の定住や交流を考える資料。</p><p class=""related""><strong>関連語</strong><br>縄文時代・集落</p>",社会三年 科目::歴史 優先::S 単元::H03 学年::中1
<ruby>弥生時代<rp>（</rp><rt>やよいじだい</rt><rp>）</rp></ruby>,"<p>水田稲作や金属器の利用が広がり、小国が形成された時代。</p><p><strong>ポイント</strong><br>地域によって変化の時期は異なる。</p><p class=""related""><strong>関連語</strong><br>水田稲作・金属器</p>",社会三年 科目::歴史 優先::S 単元::H03 学年::中1
弥生土器,"<p><ruby>弥生時代<rp>（</rp><rt>やよいじだい</rt><rp>）</rp></ruby>に使われた、一般に縄文土器より薄手で簡素な形の土器。</p><p><strong>ポイント</strong><br>地域・用途による違いもある。</p><p class=""related""><strong>関連語</strong><br>弥生時代・煮炊き</p>",社会三年 科目::歴史 優先::S 単元::H03 学年::中1
高床倉庫,"<p>床を高くして、米などを湿気やねずみから守る倉庫。</p><p><strong>ポイント</strong><br>稲作と食料の貯蔵を結び付ける。</p><p class=""related""><strong>関連語</strong><br><ruby>弥生時代<rp>（</rp><rt>やよいじだい</rt><rp>）</rp></ruby>・米</p>",社会三年 科目::歴史 優先::S 単元::H03 学年::中1
<ruby>環濠集落<rp>（</rp><rt>かんごうしゅうらく</rt><rp>）</rp></ruby>,"<p>周囲を堀で囲んだ集落。<ruby>弥生時代<rp>（</rp><rt>やよいじだい</rt><rp>）</rp></ruby>の<ruby>吉野ヶ里遺跡<rp>（</rp><rt>よしのがりいせき</rt><rp>）</rp></ruby>などに見られる。</p><p><strong>ポイント</strong><br>防御や集落の区画などを考える手がかり。</p><p class=""related""><strong>関連語</strong><br>争い・弥生時代</p>",社会三年 科目::歴史 優先::S 単元::H03 学年::中1
<ruby>吉野ヶ里遺跡<rp>（</rp><rt>よしのがりいせき</rt><rp>）</rp></ruby>,"<p>佐賀県にある、<ruby>弥生時代<rp>（</rp><rt>やよいじだい</rt><rp>）</rp></ruby>の大規模な<ruby>環濠集落<rp>（</rp><rt>かんごうしゅうらく</rt><rp>）</rp></ruby>の遺跡。</p><p><strong>ポイント</strong><br>三内丸山は縄文、吉野ヶ里は弥生。</p><p class=""related""><strong>関連語</strong><br>環濠集落・弥生時代</p>",社会三年 科目::歴史 優先::S 単元::H03 学年::中1
奴国の金印,"<p><ruby>倭<rp>（</rp><rt>わ</rt><rp>）</rp></ruby>の奴国の王が後漢から授けられたとされる金印。57年の<ruby>遣使<rp>（</rp><rt>けんし</rt><rp>）</rp></ruby>の記録と結び付く。</p><p><strong>ポイント</strong><br>志賀島で発見された印の文字も資料になる。</p><p class=""related""><strong>関連語</strong><br>後漢・倭</p>",社会三年 科目::歴史 優先::S 単元::H03 学年::中1
<ruby>卑弥呼<rp>（</rp><rt>ひみこ</rt><rp>）</rp></ruby>,"<p>3世紀の<ruby>邪馬台国<rp>（</rp><rt>やまたいこく</rt><rp>）</rp></ruby>の女王。<ruby>魏<rp>（</rp><rt>ぎ</rt><rp>）</rp></ruby>へ使いを送ったと中国の史書に記される。</p><p><strong>ポイント</strong><br>所在地の論争と、史書に記されたことを区別する。</p><p class=""related""><strong>関連語</strong><br>邪馬台国・魏</p>",社会三年 科目::歴史 優先::S 単元::H03 学年::中1
古墳,"<p>土を高く盛り上げるなどして造った、有力者の墓。</p><p><strong>ポイント</strong><br>大きさや副葬品から権力や交流を考える。</p><p class=""related""><strong>関連語</strong><br>古墳時代・支配者</p>",社会三年 科目::歴史 優先::S 単元::H03 学年::中1
前方後円墳,"<p>円形の部分と方形の部分を組み合わせた形の古墳。</p><p><strong>ポイント</strong><br>分布からヤマト政権と各地の関係を考える。</p><p class=""related""><strong>関連語</strong><br>古墳・ヤマト政権</p>",社会三年 科目::歴史 優先::S 単元::H03 学年::中1
ヤマト政権,"<p>近畿を中心に有力豪族が結び付き、<ruby>大王<rp>（</rp><rt>おおきみ</rt><rp>）</rp></ruby>を中心に発達した政治勢力。</p><p><strong>ポイント</strong><br>列島の全域を最初から一様に支配したわけではない。</p><p class=""related""><strong>関連語</strong><br>大王・豪族</p>",社会三年 科目::歴史 優先::S 単元::H03 学年::中1
渡来人,"<p>朝鮮半島や中国などから日本列島へ移り住んだ人々。</p><p><strong>ポイント</strong><br><ruby>須恵器<rp>（</rp><rt>すえき</rt><rp>）</rp></ruby>・漢字・鉄器生産などの技術や文化を伝えた。</p><p class=""related""><strong>関連語</strong><br>交流・技術</p>",社会三年 科目::歴史 優先::S 単元::H03 学年::中1
石包丁,"<p><ruby>弥生時代<rp>（</rp><rt>やよいじだい</rt><rp>）</rp></ruby>などに、稲の穂を摘み取るために使われた石の道具。</p><p><strong>ポイント</strong><br>料理の包丁ではなく、収穫の工程に関わる。</p><p class=""related""><strong>関連語</strong><br>水田稲作・道具</p>",社会三年 科目::歴史 優先::S 単元::H03 学年::中1
<ruby>銅鐸<rp>（</rp><rt>どうたく</rt><rp>）</rp></ruby>,"<p><ruby>弥生時代<rp>（</rp><rt>やよいじだい</rt><rp>）</rp></ruby>の青銅器の一つで、祭りなどとの関係が考えられる器物。</p><p><strong>ポイント</strong><br>用途の細部には解釈があり、形と推定を分ける。</p><p class=""related""><strong>関連語</strong><br>祭器・弥生時代</p>",社会三年 科目::歴史 優先::S 単元::H03 学年::中1
銅鏡,"<p>青銅などで作った鏡。古代の権威や交流を考える資料となる。</p><p><strong>ポイント</strong><br>出土した場所や組合せから用途・関係を検討する。</p><p class=""related""><strong>関連語</strong><br>副葬品・交易</p>",社会三年 科目::歴史 優先::S 単元::H03 学年::中1
<ruby>登呂遺跡<rp>（</rp><rt>とろいせき</rt><rp>）</rp></ruby>,"<p>静岡県にある、<ruby>弥生時代<rp>（</rp><rt>やよいじだい</rt><rp>）</rp></ruby>の集落や水田などが確認された遺跡。</p><p><strong>ポイント</strong><br>住居・倉庫・水田を一緒に見て生活を理解する。</p><p class=""related""><strong>関連語</strong><br>稲作・集落</p>",社会三年 科目::歴史 優先::S 単元::H03 学年::中1
<ruby>魏志倭人伝<rp>（</rp><rt>ぎしわじんでん</rt><rp>）</rp></ruby>,"<p>中国の歴史書『三国志』の魏書にある、<ruby>倭<rp>（</rp><rt>わ</rt><rp>）</rp></ruby>の人々や<ruby>卑弥呼<rp>（</rp><rt>ひみこ</rt><rp>）</rp></ruby>などについての記述。</p><p><strong>ポイント</strong><br>文献の作成者の見方と、考古資料を照合して読む。</p><p class=""related""><strong>関連語</strong><br><ruby>邪馬台国<rp>（</rp><rt>やまたいこく</rt><rp>）</rp></ruby>・史料</p>",社会三年 科目::歴史 優先::S 単元::H03 学年::中1
<ruby>埴輪<rp>（</rp><rt>はにわ</rt><rp>）</rp></ruby>,"<p>古墳に並べられた、円筒や人・動物などをかたどる土製品。</p><p><strong>ポイント</strong><br>縄文時代の<ruby>土偶<rp>（</rp><rt>どぐう</rt><rp>）</rp></ruby>とは時代や使われた場所が異なる。</p><p class=""related""><strong>関連語</strong><br>古墳・儀礼</p>",社会三年 科目::歴史 優先::S 単元::H03 学年::中1
副葬品,"<p>死者とともに墓へ納められた品物。</p><p><strong>ポイント</strong><br>種類や量、産地などから権威や交流を考える。</p><p class=""related""><strong>関連語</strong><br>鏡・武器・装身具</p>",社会三年 科目::歴史 優先::S 単元::H03 学年::中1
<ruby>須恵器<rp>（</rp><rt>すえき</rt><rp>）</rp></ruby>,"<p>朝鮮半島から伝わった技術によって、高温の窯で焼かれた硬い土器。</p><p><strong>ポイント</strong><br>渡来人を通じた技術交流の例。</p><p class=""related""><strong>関連語</strong><br>古墳時代・窯</p>",社会三年 科目::歴史 優先::S 単元::H03 学年::中1
豪族,"<p>地域で土地や人々を支配し、力をもった有力者。</p><p><strong>ポイント</strong><br>ヤマト政権は有力豪族の結び付きから発達した。</p><p class=""related""><strong>関連語</strong><br><ruby>大王<rp>（</rp><rt>おおきみ</rt><rp>）</rp></ruby>・政治勢力</p>",社会三年 科目::歴史 優先::S 単元::H03 学年::中1
<ruby>大王<rp>（</rp><rt>おおきみ</rt><rp>）</rp></ruby>,"<p>ヤマト政権の中心となる支配者の称号。</p><p><strong>ポイント</strong><br>後の律令国家の制度が初めから完成していたわけではない。</p><p class=""related""><strong>関連語</strong><br>ヤマト政権・豪族</p>",社会三年 科目::歴史 優先::S 単元::H03 学年::中1
<ruby>土偶<rp>（</rp><rt>どぐう</rt><rp>）</rp></ruby>と<ruby>埴輪<rp>（</rp><rt>はにわ</rt><rp>）</rp></ruby>の比較,"<p><ruby>土偶<rp>（</rp><rt>どぐう</rt><rp>）</rp></ruby>は主に縄文時代の土製品、<ruby>埴輪<rp>（</rp><rt>はにわ</rt><rp>）</rp></ruby>は古墳に並べられた土製品。</p><p><strong>ポイント</strong><br>素材が同じでも時代・形・置かれた場所を区別する。</p><p class=""related""><strong>関連語</strong><br>考古資料・時代</p>",社会三年 科目::歴史 優先::A 単元::H03 学年::中1
文献と出土品の照合,"<p>記録の内容と、遺跡・遺物から得る情報を比較して歴史を検討すること。</p><p><strong>ポイント</strong><br>一種類の資料だけで分からない点を確かめる。</p><p class=""related""><strong>関連語</strong><br><ruby>邪馬台国<rp>（</rp><rt>やまたいこく</rt><rp>）</rp></ruby>・史料批判</p>",社会三年 科目::歴史 優先::A 単元::H03 学年::中1
仏教伝来,"<p>6世紀に、<ruby>百済<rp>（</rp><rt>くだら</rt><rp>）</rp></ruby>を通じて仏教が日本へ伝わったこと。</p><p><strong>ポイント</strong><br>538年説・552年説などがあり、教科書の表記も確認する。</p><p class=""related""><strong>関連語</strong><br>百済・<ruby>飛鳥文化<rp>（</rp><rt>あすかぶんか</rt><rp>）</rp></ruby></p>",社会三年 科目::歴史 優先::S 単元::H04 学年::中1
<ruby>推古天皇<rp>（</rp><rt>すいこてんのう</rt><rp>）</rp></ruby>,"<p>6世紀末から7世紀初めに在位した天皇。<ruby>厩戸王<rp>（</rp><rt>うまやとおう</rt><rp>）</rp></ruby>や<ruby>蘇我馬子<rp>（</rp><rt>そがのうまこ</rt><rp>）</rp></ruby>らが政治に関わった。</p><p><strong>ポイント</strong><br>飛鳥の政治改革の時期と結び付ける。</p><p class=""related""><strong>関連語</strong><br>厩戸王・<ruby>蘇我氏<rp>（</rp><rt>そがし</rt><rp>）</rp></ruby></p>",社会三年 科目::歴史 優先::S 単元::H04 学年::中1
<ruby>厩戸王<rp>（</rp><rt>うまやとおう</rt><rp>）</rp></ruby>（<ruby>聖徳太子<rp>（</rp><rt>しょうとくたいし</rt><rp>）</rp></ruby>）,"<p><ruby>推古天皇<rp>（</rp><rt>すいこてんのう</rt><rp>）</rp></ruby>のもとで政治に関わり、冠位十二階や十七条の憲法などと結び付けられる人物。</p><p><strong>ポイント</strong><br>伝記や政策の細部には研究上の議論もある。</p><p class=""related""><strong>関連語</strong><br>推古天皇・<ruby>遣隋使<rp>（</rp><rt>けんずいし</rt><rp>）</rp></ruby></p>",社会三年 科目::歴史 優先::S 単元::H04 学年::中1
冠位十二階,"<p>603年に定められた、役人の位を冠の色などで区別する制度。</p><p><strong>ポイント</strong><br>家柄だけでなく能力・功績を重視する方向を示す。</p><p class=""related""><strong>関連語</strong><br>役人・登用</p>",社会三年 科目::歴史 優先::S 単元::H04 学年::中1
十七条の憲法,"<p>604年に定められたとされる、役人の心構えなどを示すもの。</p><p><strong>ポイント</strong><br>現代の憲法と同じ制度だと考えない。</p><p class=""related""><strong>関連語</strong><br>和・天皇・仏教</p>",社会三年 科目::歴史 優先::S 単元::H04 学年::中1
小野妹子,"<p>607年に<ruby>遣隋使<rp>（</rp><rt>けんずいし</rt><rp>）</rp></ruby>として<ruby>隋<rp>（</rp><rt>ずい</rt><rp>）</rp></ruby>へ派遣された人物。</p><p><strong>ポイント</strong><br>名前の読みと<ruby>遣唐使<rp>（</rp><rt>けんとうし</rt><rp>）</rp></ruby>との違いを確認する。</p><p class=""related""><strong>関連語</strong><br>遣隋使・隋</p>",社会三年 科目::歴史 優先::S 単元::H04 学年::中1
<ruby>遣隋使<rp>（</rp><rt>けんずいし</rt><rp>）</rp></ruby>,"<p><ruby>隋<rp>（</rp><rt>ずい</rt><rp>）</rp></ruby>へ派遣された日本の使節。</p><p><strong>ポイント</strong><br>制度や文化を学び、外交関係を築こうとした。</p><p class=""related""><strong>関連語</strong><br>小野妹子・中国</p>",社会三年 科目::歴史 優先::S 単元::H04 学年::中1
<ruby>遣唐使<rp>（</rp><rt>けんとうし</rt><rp>）</rp></ruby>,"<p><ruby>唐<rp>（</rp><rt>とう</rt><rp>）</rp></ruby>へ派遣された日本の使節。制度・文化・技術などを学んだ。</p><p><strong>ポイント</strong><br>唐の国際的な文化が日本へ伝わる経路。</p><p class=""related""><strong>関連語</strong><br>唐・律令・<ruby>天平文化<rp>（</rp><rt>てんぴょうぶんか</rt><rp>）</rp></ruby></p>",社会三年 科目::歴史 優先::S 単元::H04 学年::中1
大化の改新,"<p>645年の政変に始まる、天皇中心の国家を目指した改革。</p><p><strong>ポイント</strong><br>全ての制度が645年に完成したわけではない。</p><p class=""related""><strong>関連語</strong><br><ruby>中大兄皇子<rp>（</rp><rt>なかのおおえのおうじ</rt><rp>）</rp></ruby>・<ruby>中臣鎌足<rp>（</rp><rt>なかとみのかまたり</rt><rp>）</rp></ruby></p>",社会三年 科目::歴史 優先::S 単元::H04 学年::中1
<ruby>中大兄皇子<rp>（</rp><rt>なかのおおえのおうじ</rt><rp>）</rp></ruby>,"<p><ruby>中臣鎌足<rp>（</rp><rt>なかとみのかまたり</rt><rp>）</rp></ruby>らと<ruby>蘇我氏<rp>（</rp><rt>そがし</rt><rp>）</rp></ruby>を倒した人物。後の<ruby>天智天皇<rp>（</rp><rt>てんじてんのう</rt><rp>）</rp></ruby>。</p><p><strong>ポイント</strong><br>大化の改新・<ruby>白村江の戦い<rp>（</rp><rt>はくすきのえのたたかい</rt><rp>）</rp></ruby>の時代と結び付ける。</p><p class=""related""><strong>関連語</strong><br>天智天皇・改革</p>",社会三年 科目::歴史 優先::S 単元::H04 学年::中1
<ruby>中臣鎌足<rp>（</rp><rt>なかとみのかまたり</rt><rp>）</rp></ruby>,"<p><ruby>中大兄皇子<rp>（</rp><rt>なかのおおえのおうじ</rt><rp>）</rp></ruby>とともに645年の政変を進めた人物。後に藤原姓を与えられた。</p><p><strong>ポイント</strong><br>平安時代の藤原氏の政治につながる。</p><p class=""related""><strong>関連語</strong><br>大化の改新・藤原氏</p>",社会三年 科目::歴史 優先::S 単元::H04 学年::中1
<ruby>公地公民<rp>（</rp><rt>こうちこうみん</rt><rp>）</rp></ruby>,"<p>土地と人々を国家の支配のもとに置こうとする考え方。</p><p><strong>ポイント</strong><br>制度の実現過程や例外があり、全てが一度に変わったわけではない。</p><p class=""related""><strong>関連語</strong><br>大化の改新・律令国家</p>",社会三年 科目::歴史 優先::S 単元::H04 学年::中1
<ruby>白村江の戦い<rp>（</rp><rt>はくすきのえのたたかい</rt><rp>）</rp></ruby>,"<p>663年、<ruby>百済<rp>（</rp><rt>くだら</rt><rp>）</rp></ruby>の復興を助けた<ruby>倭<rp>（</rp><rt>わ</rt><rp>）</rp></ruby>の軍が、<ruby>唐<rp>（</rp><rt>とう</rt><rp>）</rp></ruby>・<ruby>新羅<rp>（</rp><rt>しらぎ</rt><rp>）</rp></ruby>の連合軍に敗れた戦い。</p><p><strong>ポイント</strong><br>防衛と国家体制の整備を進める背景となった。</p><p class=""related""><strong>関連語</strong><br>唐・新羅・百済</p>",社会三年 科目::歴史 優先::S 単元::H04 学年::中1
<ruby>壬申の乱<rp>（</rp><rt>じんしんのらん</rt><rp>）</rp></ruby>,"<p>672年に起きた皇位継承をめぐる内乱。<ruby>大海人皇子<rp>（</rp><rt>おおあまのおうじ</rt><rp>）</rp></ruby>が勝ち、<ruby>天武天皇<rp>（</rp><rt>てんむてんのう</rt><rp>）</rp></ruby>となった。</p><p><strong>ポイント</strong><br>大化の改新より後。</p><p class=""related""><strong>関連語</strong><br>天武天皇・皇位</p>",社会三年 科目::歴史 優先::S 単元::H04 学年::中1
<ruby>天武天皇<rp>（</rp><rt>てんむてんのう</rt><rp>）</rp></ruby>,"<p><ruby>壬申の乱<rp>（</rp><rt>じんしんのらん</rt><rp>）</rp></ruby>に勝ち、天皇中心の国家づくりを進めた天皇。</p><p><strong>ポイント</strong><br><ruby>持統天皇<rp>（</rp><rt>じとうてんのう</rt><rp>）</rp></ruby>の時代へ制度整備が続く。</p><p class=""related""><strong>関連語</strong><br>律令国家・壬申の乱</p>",社会三年 科目::歴史 優先::S 単元::H04 学年::中1
<ruby>大宝律令<rp>（</rp><rt>たいほうりつりょう</rt><rp>）</rp></ruby>,"<p>701年に制定された、律と令からなる国家の基本法。</p><p><strong>ポイント</strong><br>奈良時代の始まり710年より前。</p><p class=""related""><strong>関連語</strong><br>律令国家・中央集権</p>",社会三年 科目::歴史 優先::S 単元::H04 学年::中1
律と令,"<p>律は刑罰、令は政治・行政などに関するきまり。</p><p><strong>ポイント</strong><br>合わせて律令と呼ぶ。</p><p class=""related""><strong>関連語</strong><br><ruby>大宝律令<rp>（</rp><rt>たいほうりつりょう</rt><rp>）</rp></ruby>・法律</p>",社会三年 科目::歴史 優先::S 単元::H04 学年::中1
<ruby>飛鳥文化<rp>（</rp><rt>あすかぶんか</rt><rp>）</rp></ruby>,"<p>7世紀前半を中心とする、仏教の影響が強い文化。</p><p><strong>ポイント</strong><br><ruby>法隆寺<rp>（</rp><rt>ほうりゅうじ</rt><rp>）</rp></ruby>などが代表。大陸・朝鮮半島との交流を背景にする。</p><p class=""related""><strong>関連語</strong><br>法隆寺・仏教</p>",社会三年 科目::歴史 優先::S 単元::H04 学年::中1
<ruby>蘇我氏<rp>（</rp><rt>そがし</rt><rp>）</rp></ruby>,"<p>飛鳥時代などに大きな政治力をもった豪族。</p><p><strong>ポイント</strong><br>天皇との関係、仏教の受容、645年の政変と結び付ける。</p><p class=""related""><strong>関連語</strong><br>豪族・飛鳥</p>",社会三年 科目::歴史 優先::S 単元::H04 学年::中1
<ruby>蘇我馬子<rp>（</rp><rt>そがのうまこ</rt><rp>）</rp></ruby>,"<p><ruby>推古天皇<rp>（</rp><rt>すいこてんのう</rt><rp>）</rp></ruby>の時代などに政治へ関わった<ruby>蘇我氏<rp>（</rp><rt>そがし</rt><rp>）</rp></ruby>の有力者。</p><p><strong>ポイント</strong><br><ruby>厩戸王<rp>（</rp><rt>うまやとおう</rt><rp>）</rp></ruby>だけで当時の政治が行われたわけではない。</p><p class=""related""><strong>関連語</strong><br>推古天皇・豪族</p>",社会三年 科目::歴史 優先::S 単元::H04 学年::中1
中央集権,"<p>中央政府へ権限を集め、地方にも統一的な方針を及ぼす仕組み。</p><p><strong>ポイント</strong><br>役人・記録・税・交通などによって具体化する。</p><p class=""related""><strong>関連語</strong><br>国家・行政</p>",社会三年 科目::歴史 優先::S 単元::H04 学年::中1
戸籍,"<p>人々を家などの単位で登録する記録。律令国家では土地・税・兵役の把握に利用された。</p><p><strong>ポイント</strong><br>現代の戸籍と目的・記載内容が全て同じという意味ではない。</p><p class=""related""><strong>関連語</strong><br>律令・人民支配</p>",社会三年 科目::歴史 優先::S 単元::H04 学年::中1
<ruby>百済<rp>（</rp><rt>くだら</rt><rp>）</rp></ruby>,"<p>古代の朝鮮半島にあった国の一つ。日本への仏教伝来や技術交流に関わった。</p><p><strong>ポイント</strong><br><ruby>白村江の戦い<rp>（</rp><rt>はくすきのえのたたかい</rt><rp>）</rp></ruby>では、その復興を日本側が助けた。</p><p class=""related""><strong>関連語</strong><br>朝鮮半島・飛鳥</p>",社会三年 科目::歴史 優先::S 単元::H04 学年::中1
<ruby>新羅<rp>（</rp><rt>しらぎ</rt><rp>）</rp></ruby>,"<p>古代の朝鮮半島にあった国の一つ。<ruby>唐<rp>（</rp><rt>とう</rt><rp>）</rp></ruby>と結び、半島の統一を進めた。</p><p><strong>ポイント</strong><br><ruby>百済<rp>（</rp><rt>くだら</rt><rp>）</rp></ruby>・唐・日本の関係を地図と年表で整理する。</p><p class=""related""><strong>関連語</strong><br>東アジア・外交</p>",社会三年 科目::歴史 優先::S 単元::H04 学年::中1
<ruby>天智天皇<rp>（</rp><rt>てんじてんのう</rt><rp>）</rp></ruby>,"<p><ruby>中大兄皇子<rp>（</rp><rt>なかのおおえのおうじ</rt><rp>）</rp></ruby>が即位した天皇。東アジアの緊張の中で国家の整備を進めた。</p><p><strong>ポイント</strong><br><ruby>天武天皇<rp>（</rp><rt>てんむてんのう</rt><rp>）</rp></ruby>とは別の人物。前後の政治を区別する。</p><p class=""related""><strong>関連語</strong><br>大化の改新・白村江</p>",社会三年 科目::歴史 優先::S 単元::H04 学年::中1
<ruby>持統天皇<rp>（</rp><rt>じとうてんのう</rt><rp>）</rp></ruby>,"<p><ruby>天武天皇<rp>（</rp><rt>てんむてんのう</rt><rp>）</rp></ruby>の後に国家体制の整備を進め、<ruby>藤原京<rp>（</rp><rt>ふじわらきょう</rt><rp>）</rp></ruby>へ都を移した天皇。</p><p><strong>ポイント</strong><br><ruby>大宝律令<rp>（</rp><rt>たいほうりつりょう</rt><rp>）</rp></ruby>の制定へつながる時代の政治を学ぶ。</p><p class=""related""><strong>関連語</strong><br>藤原京・律令国家</p>",社会三年 科目::歴史 優先::S 単元::H04 学年::中1
<ruby>藤原京<rp>（</rp><rt>ふじわらきょう</rt><rp>）</rp></ruby>,"<p>694年に都が移された、計画的な区画をもつ古代の都。</p><p><strong>ポイント</strong><br><ruby>大宝律令<rp>（</rp><rt>たいほうりつりょう</rt><rp>）</rp></ruby>は<ruby>藤原京<rp>（</rp><rt>ふじわらきょう</rt><rp>）</rp></ruby>の時代。平城京への遷都は710年。</p><p class=""related""><strong>関連語</strong><br><ruby>持統天皇<rp>（</rp><rt>じとうてんのう</rt><rp>）</rp></ruby>・都城</p>",社会三年 科目::歴史 優先::S 単元::H04 学年::中1
<ruby>水城<rp>（</rp><rt>みずき</rt><rp>）</rp></ruby>,"<p><ruby>白村江の戦い<rp>（</rp><rt>はくすきのえのたたかい</rt><rp>）</rp></ruby>の後、九州北部の防衛などのために築かれた堤防状の施設。</p><p><strong>ポイント</strong><br>治水のための一般的な堤防とは目的を区別する。</p><p class=""related""><strong>関連語</strong><br>大宰府・防衛</p>",社会三年 科目::歴史 優先::S 単元::H04 学年::中1
政治改革と制度の実施,"<p>方針や法令が決まることと、全国で実際に運用されることは異なる段階。</p><p><strong>ポイント</strong><br>645年に全ての律令制度が同時に完成したと考えない。</p><p class=""related""><strong>関連語</strong><br>大化の改新・国家</p>",社会三年 科目::歴史 優先::A 単元::H04 学年::中1
都城と行政の集中,"<p>宮・役所などを計画的に配置し、政治や行政の中心を整えること。</p><p><strong>ポイント</strong><br>都は建物だけでなく、税や人々を集める仕組みに支えられる。</p><p class=""related""><strong>関連語</strong><br><ruby>藤原京<rp>（</rp><rt>ふじわらきょう</rt><rp>）</rp></ruby>・律令</p>",社会三年 科目::歴史 優先::A 単元::H04 学年::中1
平城京,"<p>710年に都が移された、現在の奈良市にあった都。</p><p><strong>ポイント</strong><br>平安京への遷都794年と区別する。</p><p class=""related""><strong>関連語</strong><br>奈良時代・<ruby>唐<rp>（</rp><rt>とう</rt><rp>）</rp></ruby></p>",社会三年 科目::歴史 優先::S 単元::H05 学年::中1
国司,"<p>律令国家で、中央から地方の国へ派遣された役人。</p><p><strong>ポイント</strong><br>地元の有力者が多かった<ruby>郡司<rp>（</rp><rt>ぐんじ</rt><rp>）</rp></ruby>と区別する。</p><p class=""related""><strong>関連語</strong><br>地方支配・律令</p>",社会三年 科目::歴史 優先::S 単元::H05 学年::中1
<ruby>郡司<rp>（</rp><rt>ぐんじ</rt><rp>）</rp></ruby>,"<p>律令国家で、郡を治めた地方の役人。地元の有力者が任命された。</p><p><strong>ポイント</strong><br>国司より小さい地域を担当。</p><p class=""related""><strong>関連語</strong><br>国司・地方豪族</p>",社会三年 科目::歴史 優先::S 単元::H05 学年::中1
<ruby>班田収授法<rp>（</rp><rt>はんでんしゅうじゅのほう</rt><rp>）</rp></ruby>,"<p>戸籍などに基づき<ruby>口分田<rp>（</rp><rt>くぶんでん</rt><rp>）</rp></ruby>を与え、死後に返させる仕組み。</p><p><strong>ポイント</strong><br>土地の私有を広く認める制度ではない。</p><p class=""related""><strong>関連語</strong><br>口分田・戸籍</p>",社会三年 科目::歴史 優先::S 単元::H05 学年::中1
<ruby>口分田<rp>（</rp><rt>くぶんでん</rt><rp>）</rp></ruby>,"<p><ruby>班田収授法<rp>（</rp><rt>はんでんしゅうじゅのほう</rt><rp>）</rp></ruby>によって人々に与えられた田。</p><p><strong>ポイント</strong><br>自由に永久所有する私有地とは異なる。</p><p class=""related""><strong>関連語</strong><br>班田収授法・租</p>",社会三年 科目::歴史 優先::S 単元::H05 学年::中1
租,"<p>律令制度の税の一つで、田の収穫に応じて稲を納めるもの。</p><p><strong>ポイント</strong><br>庸・調と納める物や負担のかかり方を比較する。</p><p class=""related""><strong>関連語</strong><br><ruby>租庸調<rp>（</rp><rt>そようちょう</rt><rp>）</rp></ruby>・稲</p>",社会三年 科目::歴史 優先::S 単元::H05 学年::中1
庸,"<p>都での労働の代わりに、布などを納める税。</p><p><strong>ポイント</strong><br>主に成人男性に課された。</p><p class=""related""><strong>関連語</strong><br><ruby>租庸調<rp>（</rp><rt>そようちょう</rt><rp>）</rp></ruby>・労役</p>",社会三年 科目::歴史 優先::S 単元::H05 学年::中1
調,"<p>布や地方の特産物などを納める税。</p><p><strong>ポイント</strong><br>主に成人男性に課され、都へ運ぶ負担もあった。</p><p class=""related""><strong>関連語</strong><br><ruby>租庸調<rp>（</rp><rt>そようちょう</rt><rp>）</rp></ruby>・特産物</p>",社会三年 科目::歴史 優先::S 単元::H05 学年::中1
<ruby>防人<rp>（</rp><rt>さきもり</rt><rp>）</rp></ruby>,"<p>律令国家で、九州北部などの防衛を担った兵士。</p><p><strong>ポイント</strong><br>東国から来た人々も多く、家族と離れる負担があった。</p><p class=""related""><strong>関連語</strong><br>兵役・万葉集</p>",社会三年 科目::歴史 優先::S 単元::H05 学年::中1
<ruby>墾田永年私財法<rp>（</rp><rt>こんでんえいねんしざいほう</rt><rp>）</rp></ruby>,"<p>743年、新しく開墾した田の永久私有を認めた法。</p><p><strong>ポイント</strong><br>貴族や寺社などの土地拡大、<ruby>荘園<rp>（</rp><rt>しょうえん</rt><rp>）</rp></ruby>の発達につながった。</p><p class=""related""><strong>関連語</strong><br>開墾・荘園</p>",社会三年 科目::歴史 優先::S 単元::H05 学年::中1
<ruby>荘園<rp>（</rp><rt>しょうえん</rt><rp>）</rp></ruby>,"<p>貴族や寺社などが支配した私有地。時代とともに仕組みが変化した。</p><p><strong>ポイント</strong><br>初期の開墾地から、寄進を伴う広い土地支配へ発展。</p><p class=""related""><strong>関連語</strong><br>土地制度・貴族</p>",社会三年 科目::歴史 優先::S 単元::H05 学年::中1
<ruby>聖武天皇<rp>（</rp><rt>しょうむてんのう</rt><rp>）</rp></ruby>,"<p>奈良時代に、国分寺建立や<ruby>東大寺<rp>（</rp><rt>とうだいじ</rt><rp>）</rp></ruby>の大仏造立を進めた天皇。</p><p><strong>ポイント</strong><br>仏教によって国を安定させようとした。</p><p class=""related""><strong>関連語</strong><br><ruby>国分寺<rp>（</rp><rt>こくぶんじ</rt><rp>）</rp></ruby>・東大寺</p>",社会三年 科目::歴史 優先::S 単元::H05 学年::中1
<ruby>国分寺<rp>（</rp><rt>こくぶんじ</rt><rp>）</rp></ruby>・<ruby>国分尼寺<rp>（</rp><rt>こくぶんにじ</rt><rp>）</rp></ruby>,"<p><ruby>聖武天皇<rp>（</rp><rt>しょうむてんのう</rt><rp>）</rp></ruby>が各国に建てるよう命じた寺。</p><p><strong>ポイント</strong><br>仏教による国家の安定を目指した。</p><p class=""related""><strong>関連語</strong><br>聖武天皇・仏教</p>",社会三年 科目::歴史 優先::S 単元::H05 学年::中1
<ruby>鑑真<rp>（</rp><rt>がんじん</rt><rp>）</rp></ruby>,"<p><ruby>唐<rp>（</rp><rt>とう</rt><rp>）</rp></ruby>から来日し、仏教の戒律を伝えた僧。<ruby>唐招提寺<rp>（</rp><rt>とうしょうだいじ</rt><rp>）</rp></ruby>を開いた。</p><p><strong>ポイント</strong><br>大仏造立に協力した<ruby>行基<rp>（</rp><rt>ぎょうき</rt><rp>）</rp></ruby>と区別する。</p><p class=""related""><strong>関連語</strong><br>唐招提寺・渡来</p>",社会三年 科目::歴史 優先::S 単元::H05 学年::中1
<ruby>行基<rp>（</rp><rt>ぎょうき</rt><rp>）</rp></ruby>,"<p>民衆への布教や社会事業を行い、大仏造立にも協力した僧。</p><p><strong>ポイント</strong><br><ruby>鑑真<rp>（</rp><rt>がんじん</rt><rp>）</rp></ruby>と役割を取り違えない。</p><p class=""related""><strong>関連語</strong><br><ruby>東大寺<rp>（</rp><rt>とうだいじ</rt><rp>）</rp></ruby>・民衆</p>",社会三年 科目::歴史 優先::S 単元::H05 学年::中1
<ruby>天平文化<rp>（</rp><rt>てんぴょうぶんか</rt><rp>）</rp></ruby>,"<p>奈良時代に栄えた、仏教と<ruby>唐<rp>（</rp><rt>とう</rt><rp>）</rp></ruby>の影響が強い国際的な文化。</p><p><strong>ポイント</strong><br><ruby>正倉院<rp>（</rp><rt>しょうそういん</rt><rp>）</rp></ruby>の宝物などから東西交流を考える。</p><p class=""related""><strong>関連語</strong><br><ruby>東大寺<rp>（</rp><rt>とうだいじ</rt><rp>）</rp></ruby>・正倉院</p>",社会三年 科目::歴史 優先::S 単元::H05 学年::中1
古事記・日本書紀,"<p>奈良時代にまとめられた、日本の神話や歴史を記す書物。</p><p><strong>ポイント</strong><br>国家が自らの成り立ちを示すという目的にも注目する。</p><p class=""related""><strong>関連語</strong><br>国家・歴史書</p>",社会三年 科目::歴史 優先::S 単元::H05 学年::中1
万葉集,"<p>奈良時代までの歌を集めた歌集。さまざまな身分の人々の歌を含む。</p><p><strong>ポイント</strong><br><ruby>防人<rp>（</rp><rt>さきもり</rt><rp>）</rp></ruby>の歌などから暮らしや思いを考えられる。</p><p class=""related""><strong>関連語</strong><br>和歌・<ruby>天平文化<rp>（</rp><rt>てんぴょうぶんか</rt><rp>）</rp></ruby></p>",社会三年 科目::歴史 優先::S 単元::H05 学年::中1
<ruby>三世一身法<rp>（</rp><rt>さんぜいっしんのほう</rt><rp>）</rp></ruby>,"<p>723年、開墾の条件に応じて一定期間の私有を認めた法。</p><p><strong>ポイント</strong><br>743年の永久私有を認める法と、期間を比較する。</p><p class=""related""><strong>関連語</strong><br>開墾・土地制度</p>",社会三年 科目::歴史 優先::S 単元::H05 学年::中1
開墾に必要な資源,"<p>農具・人手・用水など、新しい田畑を利用可能にするための条件。</p><p><strong>ポイント</strong><br>資金や労働力を集められる有力者が大規模開墾を進めやすかった。</p><p class=""related""><strong>関連語</strong><br>寺社・<ruby>荘園<rp>（</rp><rt>しょうえん</rt><rp>）</rp></ruby></p>",社会三年 科目::歴史 優先::A 単元::H05 学年::中1
私有地と免税の区別,"<p>土地を私有できることと、国家への税を免れることは別の権利。</p><p><strong>ポイント</strong><br><ruby>墾田永年私財法<rp>（</rp><rt>こんでんえいねんしざいほう</rt><rp>）</rp></ruby>の開墾地がすべて直ちに無税になったとは考えない。</p><p class=""related""><strong>関連語</strong><br><ruby>荘園<rp>（</rp><rt>しょうえん</rt><rp>）</rp></ruby>・税制</p>",社会三年 科目::歴史 優先::A 単元::H05 学年::中1
労役,"<p>国家や領主などのために、建設・運搬などの労働を行う負担。</p><p><strong>ポイント</strong><br>物を納める税だけでなく、人が働く負担もあった。</p><p class=""related""><strong>関連語</strong><br>律令国家・人民</p>",社会三年 科目::歴史 優先::S 単元::H05 学年::中1
税の運搬負担,"<p>税を納めるため、物を指定の場所まで運ぶ労働や時間の負担。</p><p><strong>ポイント</strong><br>税の量が同じでも、距離や道の条件で実際の負担は違う。</p><p class=""related""><strong>関連語</strong><br>庸・調・交通</p>",社会三年 科目::歴史 優先::A 単元::H05 学年::中1
<ruby>木簡<rp>（</rp><rt>もっかん</rt><rp>）</rp></ruby>,"<p>文字を記すために使った木の札など。荷物の札や行政の記録にも用いられた。</p><p><strong>ポイント</strong><br>出土地と記載内容を合わせ、制度の実際を調べる。</p><p class=""related""><strong>関連語</strong><br>古代・文字資料</p>",社会三年 科目::歴史 優先::S 単元::H05 学年::中1
<ruby>和同開珎<rp>（</rp><rt>わどうかいちん</rt><rp>）</rp></ruby>,"<p>708年に発行された古代の<ruby>貨幣<rp>（</rp><rt>かへい</rt><rp>）</rp></ruby>。</p><p><strong>ポイント</strong><br><ruby>富本銭<rp>（</rp><rt>ふほんせん</rt><rp>）</rp></ruby>など先行する資料があり、日本最初と単純に断定しない。</p><p class=""related""><strong>関連語</strong><br>貨幣・律令国家</p>",社会三年 科目::歴史 優先::S 単元::H05 学年::中1
<ruby>富本銭<rp>（</rp><rt>ふほんせん</rt><rp>）</rp></ruby>,"<p><ruby>和同開珎<rp>（</rp><rt>わどうかいちん</rt><rp>）</rp></ruby>より前の時期に関わる古代の銭。</p><p><strong>ポイント</strong><br><ruby>貨幣<rp>（</rp><rt>かへい</rt><rp>）</rp></ruby>の始まりを考える際、出土資料などを確認する必要がある。</p><p class=""related""><strong>関連語</strong><br>古代・貨幣</p>",社会三年 科目::歴史 優先::S 単元::H05 学年::中1
風土記,"<p>地方の産物・地名・伝承などを記した古代の書物。</p><p><strong>ポイント</strong><br>中央の歴史書だけでは分からない地域の情報を含む。</p><p class=""related""><strong>関連語</strong><br>奈良時代・地方</p>",社会三年 科目::歴史 優先::S 単元::H05 学年::中1
<ruby>正倉院<rp>（</rp><rt>しょうそういん</rt><rp>）</rp></ruby>,"<p><ruby>東大寺<rp>（</rp><rt>とうだいじ</rt><rp>）</rp></ruby>に伝わる宝物などを収めてきた建物。</p><p><strong>ポイント</strong><br>宝物から工芸や信仰、広域の交流を考える。</p><p class=""related""><strong>関連語</strong><br><ruby>天平文化<rp>（</rp><rt>てんぴょうぶんか</rt><rp>）</rp></ruby>・資料</p>",社会三年 科目::歴史 優先::S 単元::H05 学年::中1
法令と運用の比較,"<p>制度の規定と、<ruby>木簡<rp>（</rp><rt>もっかん</rt><rp>）</rp></ruby>などが示す実際の仕事や負担を比べること。</p><p><strong>ポイント</strong><br>法が定められたことと、全地域で同じ運用が実現したことを分ける。</p><p class=""related""><strong>関連語</strong><br>史料・律令</p>",社会三年 科目::歴史 優先::A 単元::H05 学年::中1
都と地方の物資のつながり,"<p>地方から税や品物、人々が集まることで、都の政治や建設・生活が支えられる関係。</p><p><strong>ポイント</strong><br>都の建物だけで当時の経済を説明しない。</p><p class=""related""><strong>関連語</strong><br>平城京・地方支配</p>",社会三年 科目::歴史 優先::A 単元::H05 学年::中1
平安京,"<p>794年に<ruby>桓武天皇<rp>（</rp><rt>かんむてんのう</rt><rp>）</rp></ruby>が都を移した、現在の京都市にあった都。</p><p><strong>ポイント</strong><br>平城京710年と区別する。</p><p class=""related""><strong>関連語</strong><br>桓武天皇・京都</p>",社会三年 科目::歴史 優先::S 単元::H06 学年::中1
<ruby>桓武天皇<rp>（</rp><rt>かんむてんのう</rt><rp>）</rp></ruby>,"<p>平安京への遷都や、東北への支配拡大を進めた天皇。</p><p><strong>ポイント</strong><br>奈良から平安への変化の中心人物。</p><p class=""related""><strong>関連語</strong><br>平安京・<ruby>坂上田村麻呂<rp>（</rp><rt>さかのうえのたむらまろ</rt><rp>）</rp></ruby></p>",社会三年 科目::歴史 優先::S 単元::H06 学年::中1
<ruby>坂上田村麻呂<rp>（</rp><rt>さかのうえのたむらまろ</rt><rp>）</rp></ruby>,"<p><ruby>征夷大将軍<rp>（</rp><rt>せいいたいしょうぐん</rt><rp>）</rp></ruby>として、東北の<ruby>蝦夷<rp>（</rp><rt>えみし</rt><rp>）</rp></ruby>との戦いなどを指揮した人物。</p><p><strong>ポイント</strong><br>征夷大将軍は、後の武家政権より前からある役職。</p><p class=""related""><strong>関連語</strong><br><ruby>桓武天皇<rp>（</rp><rt>かんむてんのう</rt><rp>）</rp></ruby>・蝦夷</p>",社会三年 科目::歴史 優先::S 単元::H06 学年::中1
<ruby>摂政<rp>（</rp><rt>せっしょう</rt><rp>）</rp></ruby>,"<p>天皇が幼い場合などに、代わって政治を行う役職。</p><p><strong>ポイント</strong><br>成人した天皇を補佐する<ruby>関白<rp>（</rp><rt>かんぱく</rt><rp>）</rp></ruby>と対比する。</p><p class=""related""><strong>関連語</strong><br><ruby>摂関政治<rp>（</rp><rt>せっかんせいじ</rt><rp>）</rp></ruby>・藤原氏</p>",社会三年 科目::歴史 優先::S 単元::H06 学年::中1
<ruby>関白<rp>（</rp><rt>かんぱく</rt><rp>）</rp></ruby>,"<p>成人した天皇を補佐して政治を行う役職。</p><p><strong>ポイント</strong><br><ruby>摂政<rp>（</rp><rt>せっしょう</rt><rp>）</rp></ruby>と合わせて摂関という。</p><p class=""related""><strong>関連語</strong><br><ruby>摂関政治<rp>（</rp><rt>せっかんせいじ</rt><rp>）</rp></ruby>・藤原氏</p>",社会三年 科目::歴史 優先::S 単元::H06 学年::中1
<ruby>摂関政治<rp>（</rp><rt>せっかんせいじ</rt><rp>）</rp></ruby>,"<p>藤原氏が天皇の母方の親族となり、<ruby>摂政<rp>（</rp><rt>せっしょう</rt><rp>）</rp></ruby>・<ruby>関白<rp>（</rp><rt>かんぱく</rt><rp>）</rp></ruby>として実権を握った政治。</p><p><strong>ポイント</strong><br>婚姻関係と政治の力を結び付ける。</p><p class=""related""><strong>関連語</strong><br><ruby>藤原道長<rp>（</rp><rt>ふじわらのみちなが</rt><rp>）</rp></ruby>・<ruby>藤原頼通<rp>（</rp><rt>ふじわらのよりみち</rt><rp>）</rp></ruby></p>",社会三年 科目::歴史 優先::S 単元::H06 学年::中1
<ruby>藤原道長<rp>（</rp><rt>ふじわらのみちなが</rt><rp>）</rp></ruby>,"<p>娘を天皇の后にするなどして、藤原氏の権勢を強めた平安時代の貴族。</p><p><strong>ポイント</strong><br><ruby>摂関政治<rp>（</rp><rt>せっかんせいじ</rt><rp>）</rp></ruby>が栄えた時期の代表。</p><p class=""related""><strong>関連語</strong><br>摂関政治・<ruby>外戚<rp>（</rp><rt>がいせき</rt><rp>）</rp></ruby></p>",社会三年 科目::歴史 優先::S 単元::H06 学年::中1
<ruby>藤原頼通<rp>（</rp><rt>ふじわらのよりみち</rt><rp>）</rp></ruby>,"<p>道長の子で、<ruby>摂関政治<rp>（</rp><rt>せっかんせいじ</rt><rp>）</rp></ruby>の時代に力をもった貴族。<ruby>平等院鳳凰堂<rp>（</rp><rt>びょうどういんほうおうどう</rt><rp>）</rp></ruby>を造った。</p><p><strong>ポイント</strong><br>父の道長との関係を整理する。</p><p class=""related""><strong>関連語</strong><br>平等院・浄土信仰</p>",社会三年 科目::歴史 優先::S 単元::H06 学年::中1
院政,"<p>退位した天皇である上皇が、政治の実権を握る政治。</p><p><strong>ポイント</strong><br>1086年の<ruby>白河上皇<rp>（</rp><rt>しらかわじょうこう</rt><rp>）</rp></ruby>が基準。<ruby>摂関政治<rp>（</rp><rt>せっかんせいじ</rt><rp>）</rp></ruby>とは主導者が違う。</p><p class=""related""><strong>関連語</strong><br>白河上皇・武士</p>",社会三年 科目::歴史 優先::S 単元::H06 学年::中1
<ruby>白河上皇<rp>（</rp><rt>しらかわじょうこう</rt><rp>）</rp></ruby>,"<p>1086年に本格的な院政を始めた上皇。</p><p><strong>ポイント</strong><br>上皇は天皇を退位した人。</p><p class=""related""><strong>関連語</strong><br>院政・平安時代</p>",社会三年 科目::歴史 優先::S 単元::H06 学年::中1
<ruby>最澄<rp>（</rp><rt>さいちょう</rt><rp>）</rp></ruby>,"<p>平安初期に<ruby>天台宗<rp>（</rp><rt>てんだいしゅう</rt><rp>）</rp></ruby>を伝え、比叡山延暦寺を拠点とした僧。</p><p><strong>ポイント</strong><br><ruby>空海<rp>（</rp><rt>くうかい</rt><rp>）</rp></ruby>の<ruby>真言宗<rp>（</rp><rt>しんごんしゅう</rt><rp>）</rp></ruby>と対比する。</p><p class=""related""><strong>関連語</strong><br>天台宗・<ruby>延暦寺<rp>（</rp><rt>えんりゃくじ</rt><rp>）</rp></ruby></p>",社会三年 科目::歴史 優先::S 単元::H06 学年::中1
<ruby>空海<rp>（</rp><rt>くうかい</rt><rp>）</rp></ruby>,"<p>平安初期に<ruby>真言宗<rp>（</rp><rt>しんごんしゅう</rt><rp>）</rp></ruby>を伝え、高野山金剛峯寺を拠点とした僧。</p><p><strong>ポイント</strong><br><ruby>最澄<rp>（</rp><rt>さいちょう</rt><rp>）</rp></ruby>の<ruby>天台宗<rp>（</rp><rt>てんだいしゅう</rt><rp>）</rp></ruby>と対比する。</p><p class=""related""><strong>関連語</strong><br>真言宗・<ruby>高野山<rp>（</rp><rt>こうやさん</rt><rp>）</rp></ruby></p>",社会三年 科目::歴史 優先::S 単元::H06 学年::中1
<ruby>菅原道真<rp>（</rp><rt>すがわらのみちざね</rt><rp>）</rp></ruby>,"<p>894年に<ruby>遣唐使<rp>（</rp><rt>けんとうし</rt><rp>）</rp></ruby>の停止を提案した学者・政治家。</p><p><strong>ポイント</strong><br>使節の停止後も民間の交流は続いた。</p><p class=""related""><strong>関連語</strong><br>遣唐使・<ruby>唐<rp>（</rp><rt>とう</rt><rp>）</rp></ruby>の衰退</p>",社会三年 科目::歴史 優先::S 単元::H06 学年::中1
国風文化,"<p>日本の風土や生活に合う形で発達した、平安時代の文化。</p><p><strong>ポイント</strong><br>大陸文化を全て捨てたという意味ではない。</p><p class=""related""><strong>関連語</strong><br>かな文字・<ruby>大和絵<rp>（</rp><rt>やまとえ</rt><rp>）</rp></ruby></p>",社会三年 科目::歴史 優先::S 単元::H06 学年::中1
かな文字,"<p>漢字をもとに作られ、日本語を書き表しやすくした文字。</p><p><strong>ポイント</strong><br>和歌や物語などの発達と関わる。</p><p class=""related""><strong>関連語</strong><br>国風文化・文学</p>",社会三年 科目::歴史 優先::S 単元::H06 学年::中1
源氏物語,"<p><ruby>紫式部<rp>（</rp><rt>むらさきしきぶ</rt><rp>）</rp></ruby>が書いた、平安貴族の社会を描く物語。</p><p><strong>ポイント</strong><br><ruby>清少納言<rp>（</rp><rt>せいしょうなごん</rt><rp>）</rp></ruby>の<ruby>枕草子<rp>（</rp><rt>まくらのそうし</rt><rp>）</rp></ruby>と作者を混同しない。</p><p class=""related""><strong>関連語</strong><br>紫式部・国風文化</p>",社会三年 科目::歴史 優先::S 単元::H06 学年::中1
<ruby>枕草子<rp>（</rp><rt>まくらのそうし</rt><rp>）</rp></ruby>,"<p><ruby>清少納言<rp>（</rp><rt>せいしょうなごん</rt><rp>）</rp></ruby>が書いた、宮廷生活や感じたことなどを記す随筆。</p><p><strong>ポイント</strong><br>源氏物語は<ruby>紫式部<rp>（</rp><rt>むらさきしきぶ</rt><rp>）</rp></ruby>の物語。</p><p class=""related""><strong>関連語</strong><br>清少納言・随筆</p>",社会三年 科目::歴史 優先::S 単元::H06 学年::中1
浄土信仰,"<p><ruby>阿弥陀仏<rp>（</rp><rt>あみだぶつ</rt><rp>）</rp></ruby>にすがり、<ruby>極楽浄土<rp>（</rp><rt>ごくらくじょうど</rt><rp>）</rp></ruby>へ<ruby>往生<rp>（</rp><rt>おうじょう</rt><rp>）</rp></ruby>することを願う信仰。</p><p><strong>ポイント</strong><br><ruby>平等院鳳凰堂<rp>（</rp><rt>びょうどういんほうおうどう</rt><rp>）</rp></ruby>などの建築にも表れる。</p><p class=""related""><strong>関連語</strong><br>阿弥陀仏・平等院</p>",社会三年 科目::歴史 優先::S 単元::H06 学年::中1
<ruby>外戚<rp>（</rp><rt>がいせき</rt><rp>）</rp></ruby>,"<p>天皇などの母方の親族。</p><p><strong>ポイント</strong><br>藤原氏は婚姻関係を通じ、<ruby>外戚<rp>（</rp><rt>がいせき</rt><rp>）</rp></ruby>として政治力を強めた。</p><p class=""related""><strong>関連語</strong><br><ruby>摂関政治<rp>（</rp><rt>せっかんせいじ</rt><rp>）</rp></ruby>・藤原氏</p>",社会三年 科目::歴史 優先::S 単元::H06 学年::中1
上皇,"<p>天皇の位を退いた人の称号。</p><p><strong>ポイント</strong><br>上皇が政治の実権を握る仕組みが院政。</p><p class=""related""><strong>関連語</strong><br><ruby>白河上皇<rp>（</rp><rt>しらかわじょうこう</rt><rp>）</rp></ruby>・院政</p>",社会三年 科目::歴史 優先::S 単元::H06 学年::中1
寄進,"<p>土地や財物などを寺社や有力者へ差し出すこと。</p><p><strong>ポイント</strong><br>土地の保護を得るための寄進は<ruby>荘園<rp>（</rp><rt>しょうえん</rt><rp>）</rp></ruby>の発達に関わった。</p><p class=""related""><strong>関連語</strong><br>土地支配・荘園</p>",社会三年 科目::歴史 優先::S 単元::H06 学年::中1
<ruby>不輸の権<rp>（</rp><rt>ふゆのけん</rt><rp>）</rp></ruby>,"<p><ruby>荘園<rp>（</rp><rt>しょうえん</rt><rp>）</rp></ruby>などで、国家への税を免れる権利。</p><p><strong>ポイント</strong><br>土地の私有と免税は別で、全荘園が最初からもったわけではない。</p><p class=""related""><strong>関連語</strong><br>荘園・税</p>",社会三年 科目::歴史 優先::S 単元::H06 学年::中1
<ruby>不入の権<rp>（</rp><rt>ふにゅうのけん</rt><rp>）</rp></ruby>,"<p><ruby>荘園<rp>（</rp><rt>しょうえん</rt><rp>）</rp></ruby>などへの国司の立入りを制限する権利。</p><p><strong>ポイント</strong><br>税の免除を意味する<ruby>不輸の権<rp>（</rp><rt>ふゆのけん</rt><rp>）</rp></ruby>と区別する。</p><p class=""related""><strong>関連語</strong><br>荘園・地方支配</p>",社会三年 科目::歴史 優先::S 単元::H06 学年::中1
<ruby>受領<rp>（</rp><rt>ずりょう</rt><rp>）</rp></ruby>,"<p>平安時代などの国司で、現地の政治や税の徴収を実質的に担った者。</p><p><strong>ポイント</strong><br>中央の役職と、地方で実際に行う支配を結び付ける。</p><p class=""related""><strong>関連語</strong><br>国司・公領</p>",社会三年 科目::歴史 優先::S 単元::H06 学年::中1
古今和歌集,"<p>平安時代に勅命で編さんされた和歌集。<ruby>紀貫之<rp>（</rp><rt>きのつらゆき</rt><rp>）</rp></ruby>らが関わった。</p><p><strong>ポイント</strong><br>万葉集と成立時期を区別する。</p><p class=""related""><strong>関連語</strong><br>和歌・国風文化</p>",社会三年 科目::歴史 優先::S 単元::H06 学年::中1
<ruby>紀貫之<rp>（</rp><rt>きのつらゆき</rt><rp>）</rp></ruby>,"<p>『古今和歌集』の編さんや『土佐日記』で知られる平安時代の歌人。</p><p><strong>ポイント</strong><br>かなによる日本語の表現の広がりと関連付ける。</p><p class=""related""><strong>関連語</strong><br>和歌・日記</p>",社会三年 科目::歴史 優先::S 単元::H06 学年::中1
土佐日記,"<p><ruby>紀貫之<rp>（</rp><rt>きのつらゆき</rt><rp>）</rp></ruby>による、かなで書かれた日記文学。</p><p><strong>ポイント</strong><br>『<ruby>枕草子<rp>（</rp><rt>まくらのそうし</rt><rp>）</rp></ruby>』『源氏物語』と作者や作品の種類を比較する。</p><p class=""related""><strong>関連語</strong><br>国風文化・文学</p>",社会三年 科目::歴史 優先::S 単元::H06 学年::中1
<ruby>寝殿造<rp>（</rp><rt>しんでんづくり</rt><rp>）</rp></ruby>,"<p>寝殿を中心に庭や建物を配置する、平安貴族の住居の様式。</p><p><strong>ポイント</strong><br>後の<ruby>書院造<rp>（</rp><rt>しょいんづくり</rt><rp>）</rp></ruby>と時代・構造の違いを考える。</p><p class=""related""><strong>関連語</strong><br>貴族・建築</p>",社会三年 科目::歴史 優先::S 単元::H06 学年::中1
<ruby>大和絵<rp>（</rp><rt>やまとえ</rt><rp>）</rp></ruby>,"<p>日本の風景や物語などを題材とする絵画の流れ。</p><p><strong>ポイント</strong><br>大陸の影響が消えたという意味ではなく、題材や表現の展開として見る。</p><p class=""related""><strong>関連語</strong><br>国風文化・絵巻物</p>",社会三年 科目::歴史 優先::S 単元::H06 学年::中1
<ruby>平等院鳳凰堂<rp>（</rp><rt>びょうどういんほうおうどう</rt><rp>）</rp></ruby>,"<p><ruby>藤原頼通<rp>（</rp><rt>ふじわらのよりみち</rt><rp>）</rp></ruby>が造った、浄土信仰と結び付く建物。</p><p><strong>ポイント</strong><br>政治・富・信仰と建築の関係を示す例。</p><p class=""related""><strong>関連語</strong><br><ruby>阿弥陀仏<rp>（</rp><rt>あみだぶつ</rt><rp>）</rp></ruby>・宇治</p>",社会三年 科目::歴史 優先::S 単元::H06 学年::中1
武士,"<p>武力をもち、土地や支配を守ることを担った人々。</p><p><strong>ポイント</strong><br>地方の土地支配や、中央の争いへの参加を通じて力を伸ばした。</p><p class=""related""><strong>関連語</strong><br>武士団・土地</p>",社会三年 科目::歴史 優先::S 単元::H07 学年::中1
武士団,"<p>主従関係や血縁などによって結び付いた武士の集団。</p><p><strong>ポイント</strong><br>源氏・平氏などの大きな勢力につながった。</p><p class=""related""><strong>関連語</strong><br>源氏・平氏</p>",社会三年 科目::歴史 優先::S 単元::H07 学年::中1
<ruby>平清盛<rp>（</rp><rt>たいらのきよもり</rt><rp>）</rp></ruby>,"<p>平氏の勢力を伸ばし、1167年に太政大臣となった武士。</p><p><strong>ポイント</strong><br>日宋貿易にも力を入れた。</p><p class=""related""><strong>関連語</strong><br>平氏・日宋貿易</p>",社会三年 科目::歴史 優先::S 単元::H07 学年::中1
日宋貿易,"<p>平安末期から鎌倉時代などに行われた、日本と<ruby>宋<rp>（</rp><rt>そう</rt><rp>）</rp></ruby>の貿易。</p><p><strong>ポイント</strong><br>宋銭や陶磁器などが伝わり、貨幣経済にも関わった。</p><p class=""related""><strong>関連語</strong><br><ruby>平清盛<rp>（</rp><rt>たいらのきよもり</rt><rp>）</rp></ruby>・宋</p>",社会三年 科目::歴史 優先::S 単元::H07 学年::中1
<ruby>源頼朝<rp>（</rp><rt>みなもとのよりとも</rt><rp>）</rp></ruby>,"<p>東国の武士をまとめ、鎌倉を拠点に武家政権を築いた人物。</p><p><strong>ポイント</strong><br>1192年に<ruby>征夷大将軍<rp>（</rp><rt>せいいたいしょうぐん</rt><rp>）</rp></ruby>となった。</p><p class=""related""><strong>関連語</strong><br>鎌倉幕府・<ruby>御家人<rp>（</rp><rt>ごけにん</rt><rp>）</rp></ruby></p>",社会三年 科目::歴史 優先::S 単元::H07 学年::中1
鎌倉幕府,"<p><ruby>源頼朝<rp>（</rp><rt>みなもとのよりとも</rt><rp>）</rp></ruby>らが鎌倉に築いた武家政権。</p><p><strong>ポイント</strong><br>1185年の守護・地頭、1192年の将軍任命など、段階的な成立を捉える。</p><p class=""related""><strong>関連語</strong><br>将軍・<ruby>御家人<rp>（</rp><rt>ごけにん</rt><rp>）</rp></ruby></p>",社会三年 科目::歴史 優先::S 単元::H07 学年::中1
<ruby>御家人<rp>（</rp><rt>ごけにん</rt><rp>）</rp></ruby>,"<p>鎌倉幕府の将軍と主従関係を結んだ武士。</p><p><strong>ポイント</strong><br>全ての武士が必ず<ruby>御家人<rp>（</rp><rt>ごけにん</rt><rp>）</rp></ruby>だったわけではない。</p><p class=""related""><strong>関連語</strong><br>御恩・奉公</p>",社会三年 科目::歴史 優先::S 単元::H07 学年::中1
御恩,"<p>将軍が<ruby>御家人<rp>（</rp><rt>ごけにん</rt><rp>）</rp></ruby>の所領を保護したり、新たな所領を与えたりすること。</p><p><strong>ポイント</strong><br>御家人側の軍役などは奉公。</p><p class=""related""><strong>関連語</strong><br><ruby>本領安堵<rp>（</rp><rt>ほんりょうあんど</rt><rp>）</rp></ruby>・新恩給与</p>",社会三年 科目::歴史 優先::S 単元::H07 学年::中1
奉公,"<p><ruby>御家人<rp>（</rp><rt>ごけにん</rt><rp>）</rp></ruby>が将軍のために行う軍役や警備などの務め。</p><p><strong>ポイント</strong><br>御恩への見返りとして、主従関係を支えた。</p><p class=""related""><strong>関連語</strong><br>御恩・軍役</p>",社会三年 科目::歴史 優先::S 単元::H07 学年::中1
守護,"<p>国ごとに置かれ、軍事・警察などを担った幕府の役職。</p><p><strong>ポイント</strong><br><ruby>荘園<rp>（</rp><rt>しょうえん</rt><rp>）</rp></ruby>・公領ごとに置かれる地頭と区別する。</p><p class=""related""><strong>関連語</strong><br>国・武士</p>",社会三年 科目::歴史 優先::S 単元::H07 学年::中1
地頭,"<p><ruby>荘園<rp>（</rp><rt>しょうえん</rt><rp>）</rp></ruby>や公領に置かれ、年貢徴収や土地管理などを担った幕府の役職。</p><p><strong>ポイント</strong><br>土地の支配が荘園領主などと重なる場合もあった。</p><p class=""related""><strong>関連語</strong><br>年貢・荘園</p>",社会三年 科目::歴史 優先::S 単元::H07 学年::中1
<ruby>侍所<rp>（</rp><rt>さむらいどころ</rt><rp>）</rp></ruby>,"<p>鎌倉幕府で、<ruby>御家人<rp>（</rp><rt>ごけにん</rt><rp>）</rp></ruby>の統率や軍事・警察などを担った役所。</p><p><strong>ポイント</strong><br><ruby>政所<rp>（</rp><rt>まんどころ</rt><rp>）</rp></ruby>・<ruby>問注所<rp>（</rp><rt>もんちゅうじょ</rt><rp>）</rp></ruby>との役割を比較する。</p><p class=""related""><strong>関連語</strong><br>御家人・鎌倉幕府</p>",社会三年 科目::歴史 優先::S 単元::H07 学年::中1
<ruby>政所<rp>（</rp><rt>まんどころ</rt><rp>）</rp></ruby>,"<p>鎌倉幕府で、主に行政・財政を扱った役所。</p><p><strong>ポイント</strong><br>裁判事務の<ruby>問注所<rp>（</rp><rt>もんちゅうじょ</rt><rp>）</rp></ruby>とは役割が違う。</p><p class=""related""><strong>関連語</strong><br>行政・財政</p>",社会三年 科目::歴史 優先::S 単元::H07 学年::中1
<ruby>問注所<rp>（</rp><rt>もんちゅうじょ</rt><rp>）</rp></ruby>,"<p>鎌倉幕府で、主に訴訟の事務を扱った役所。</p><p><strong>ポイント</strong><br>武士の土地をめぐる争いなどの処理と関わる。</p><p class=""related""><strong>関連語</strong><br>裁判・所領</p>",社会三年 科目::歴史 優先::S 単元::H07 学年::中1
<ruby>執権<rp>（</rp><rt>しっけん</rt><rp>）</rp></ruby>,"<p>鎌倉幕府で将軍を補佐した役職。北条氏が就き、実権を握った。</p><p><strong>ポイント</strong><br>将軍と同じ役職ではない。</p><p class=""related""><strong>関連語</strong><br>北条氏・鎌倉幕府</p>",社会三年 科目::歴史 優先::S 単元::H07 学年::中1
<ruby>北条政子<rp>（</rp><rt>ほうじょうまさこ</rt><rp>）</rp></ruby>,"<p><ruby>源頼朝<rp>（</rp><rt>みなもとのよりとも</rt><rp>）</rp></ruby>の妻で、頼朝の死後も幕府政治に大きな影響をもった人物。</p><p><strong>ポイント</strong><br><ruby>承久の乱<rp>（</rp><rt>じょうきゅうのらん</rt><rp>）</rp></ruby>で<ruby>御家人<rp>（</rp><rt>ごけにん</rt><rp>）</rp></ruby>に結束を求めたことでも知られる。</p><p class=""related""><strong>関連語</strong><br>北条氏・御家人</p>",社会三年 科目::歴史 優先::S 単元::H07 学年::中1
<ruby>承久の乱<rp>（</rp><rt>じょうきゅうのらん</rt><rp>）</rp></ruby>,"<p>1221年、<ruby>後鳥羽上皇<rp>（</rp><rt>ごとばじょうこう</rt><rp>）</rp></ruby>が幕府打倒を目指し、幕府に敗れた戦い。</p><p><strong>ポイント</strong><br><ruby>六波羅探題<rp>（</rp><rt>ろくはらたんだい</rt><rp>）</rp></ruby>の設置や西国支配の強化につながった。</p><p class=""related""><strong>関連語</strong><br>朝廷・幕府</p>",社会三年 科目::歴史 優先::S 単元::H07 学年::中1
<ruby>御成敗式目<rp>（</rp><rt>ごせいばいしきもく</rt><rp>）</rp></ruby>,"<p>1232年、<ruby>北条泰時<rp>（</rp><rt>ほうじょうやすとき</rt><rp>）</rp></ruby>が定めた、武士の慣習に基づく裁判の基準。</p><p><strong>ポイント</strong><br>律令や現代の憲法と、対象・目的を区別する。</p><p class=""related""><strong>関連語</strong><br>北条泰時・武家法</p>",社会三年 科目::歴史 優先::S 単元::H07 学年::中1
保元の乱,"<p>1156年、皇位や貴族の対立に武士が関わって起こった争い。</p><p><strong>ポイント</strong><br>平治の乱とともに武士の政治的な進出を考える。</p><p class=""related""><strong>関連語</strong><br>平安末期・武士</p>",社会三年 科目::歴史 優先::S 単元::H07 学年::中1
平治の乱,"<p>1159年に起こった中央の争い。<ruby>平清盛<rp>（</rp><rt>たいらのきよもり</rt><rp>）</rp></ruby>の勢力が強まる過程に関わる。</p><p><strong>ポイント</strong><br>保元の乱より後、平氏政権の発展より前に位置付ける。</p><p class=""related""><strong>関連語</strong><br>平清盛・源氏</p>",社会三年 科目::歴史 優先::S 単元::H07 学年::中1
<ruby>壇ノ浦の戦い<rp>（</rp><rt>だんのうらのたたかい</rt><rp>）</rp></ruby>,"<p>1185年、平氏が滅亡へ至った源平の戦い。</p><p><strong>ポイント</strong><br>守護・地頭の設置、頼朝の将軍任命とは別の出来事。</p><p class=""related""><strong>関連語</strong><br>平氏・源氏</p>",社会三年 科目::歴史 優先::S 単元::H07 学年::中1
<ruby>本領安堵<rp>（</rp><rt>ほんりょうあんど</rt><rp>）</rp></ruby>,"<p>すでにもつ所領の支配を認め、保護すること。</p><p><strong>ポイント</strong><br>鎌倉幕府が<ruby>御家人<rp>（</rp><rt>ごけにん</rt><rp>）</rp></ruby>へ与える御恩の一つ。</p><p class=""related""><strong>関連語</strong><br>所領・御恩</p>",社会三年 科目::歴史 優先::S 単元::H07 学年::中1
新恩給与,"<p>功績などに応じて、新しい所領を与えること。</p><p><strong>ポイント</strong><br>すでにある所領を守る<ruby>本領安堵<rp>（</rp><rt>ほんりょうあんど</rt><rp>）</rp></ruby>と区別する。</p><p class=""related""><strong>関連語</strong><br>御恩・恩賞</p>",社会三年 科目::歴史 優先::S 単元::H07 学年::中1
所領,"<p>武士や寺社・貴族などが権利をもち、収入や支配の基盤とする土地。</p><p><strong>ポイント</strong><br>誰が耕し、誰がどの権利をもつかは同じとは限らない。</p><p class=""related""><strong>関連語</strong><br>土地・年貢</p>",社会三年 科目::歴史 優先::S 単元::H07 学年::中1
一所懸命,"<p>所領を大切な生活の基盤として守る武士の姿勢を示す言葉。</p><p><strong>ポイント</strong><br>軍役を支える収入も土地と結び付いていた。</p><p class=""related""><strong>関連語</strong><br>武士・所領</p>",社会三年 科目::歴史 優先::S 単元::H07 学年::中1
<ruby>北条義時<rp>（</rp><rt>ほうじょうよしとき</rt><rp>）</rp></ruby>,"<p>鎌倉幕府の<ruby>執権<rp>（</rp><rt>しっけん</rt><rp>）</rp></ruby>として実権を握り、<ruby>承久の乱<rp>（</rp><rt>じょうきゅうのらん</rt><rp>）</rp></ruby>の時代の政治を担った人物。</p><p><strong>ポイント</strong><br><ruby>御成敗式目<rp>（</rp><rt>ごせいばいしきもく</rt><rp>）</rp></ruby>を定めた<ruby>北条泰時<rp>（</rp><rt>ほうじょうやすとき</rt><rp>）</rp></ruby>とは区別する。</p><p class=""related""><strong>関連語</strong><br>執権・承久の乱</p>",社会三年 科目::歴史 優先::S 単元::H07 学年::中1
<ruby>北条泰時<rp>（</rp><rt>ほうじょうやすとき</rt><rp>）</rp></ruby>,"<p>1232年に<ruby>御成敗式目<rp>（</rp><rt>ごせいばいしきもく</rt><rp>）</rp></ruby>を定めた鎌倉幕府の<ruby>執権<rp>（</rp><rt>しっけん</rt><rp>）</rp></ruby>。</p><p><strong>ポイント</strong><br>裁判や<ruby>御家人<rp>（</rp><rt>ごけにん</rt><rp>）</rp></ruby>の権利・義務を整える政治と結び付ける。</p><p class=""related""><strong>関連語</strong><br>御成敗式目・武家法</p>",社会三年 科目::歴史 優先::S 単元::H07 学年::中1
<ruby>六波羅探題<rp>（</rp><rt>ろくはらたんだい</rt><rp>）</rp></ruby>,"<p>承久の乱後、京都に置かれた幕府の機関。朝廷の監視や西国の統制などを担った。</p><p><strong>ポイント</strong><br>鎌倉の役所と所在地・役割を区別する。</p><p class=""related""><strong>関連語</strong><br>京都・鎌倉幕府</p>",社会三年 科目::歴史 優先::S 単元::H07 学年::中1
所領の争いと文書,"<p>土地の支配や相続などをめぐる争いで、権利を示す文書が証拠となる関係。</p><p><strong>ポイント</strong><br>武士の社会にも裁判や記録の保存が重要だった。</p><p class=""related""><strong>関連語</strong><br><ruby>御成敗式目<rp>（</rp><rt>ごせいばいしきもく</rt><rp>）</rp></ruby>・証拠</p>",社会三年 科目::歴史 優先::A 単元::H07 学年::中1
写本,"<p>元の文書や書物を写して作ったもの。</p><p><strong>ポイント</strong><br>内容が定められた年と、現存する写本を作った年は異なる場合がある。</p><p class=""related""><strong>関連語</strong><br>史料・伝来</p>",社会三年 科目::歴史 優先::S 単元::H07 学年::中1
モンゴル帝国,"<p>チンギス・ハンらによって、13世紀にユーラシアへ勢力を広げた帝国。</p><p><strong>ポイント</strong><br>広域の支配と交通・交流に影響した。</p><p class=""related""><strong>関連語</strong><br>チンギス・ハン・元</p>",社会三年 科目::歴史 優先::S 単元::H08 学年::中1
フビライ・ハン,"<p>国号を元とし、中国支配を進め、日本へも服属を求めた君主。</p><p><strong>ポイント</strong><br>チンギス・ハンと世代・役割を区別する。</p><p class=""related""><strong>関連語</strong><br>元・<ruby>元寇<rp>（</rp><rt>げんこう</rt><rp>）</rp></ruby></p>",社会三年 科目::歴史 優先::S 単元::H08 学年::中1
<ruby>元寇<rp>（</rp><rt>げんこう</rt><rp>）</rp></ruby>,"<p>元と<ruby>高麗<rp>（</rp><rt>こうらい</rt><rp>）</rp></ruby>などの軍が、1274年と1281年に日本へ侵攻したこと。</p><p><strong>ポイント</strong><br><ruby>文永の役<rp>（</rp><rt>ぶんえいのえき</rt><rp>）</rp></ruby>と<ruby>弘安の役<rp>（</rp><rt>こうあんのえき</rt><rp>）</rp></ruby>。<ruby>御家人<rp>（</rp><rt>ごけにん</rt><rp>）</rp></ruby>の防衛と暴風雨などが関わる。</p><p class=""related""><strong>関連語</strong><br>元・鎌倉幕府</p>",社会三年 科目::歴史 優先::S 単元::H08 学年::中1
<ruby>文永の役<rp>（</rp><rt>ぶんえいのえき</rt><rp>）</rp></ruby>,"<p>1274年に起きた、最初の<ruby>元寇<rp>（</rp><rt>げんこう</rt><rp>）</rp></ruby>。</p><p><strong>ポイント</strong><br>1281年の<ruby>弘安の役<rp>（</rp><rt>こうあんのえき</rt><rp>）</rp></ruby>より前。</p><p class=""related""><strong>関連語</strong><br>元寇・博多湾</p>",社会三年 科目::歴史 優先::S 単元::H08 学年::中1
<ruby>弘安の役<rp>（</rp><rt>こうあんのえき</rt><rp>）</rp></ruby>,"<p>1281年に起きた、二度目の<ruby>元寇<rp>（</rp><rt>げんこう</rt><rp>）</rp></ruby>。</p><p><strong>ポイント</strong><br>石塁などの防備や、暴風雨の影響があった。</p><p class=""related""><strong>関連語</strong><br>元寇・防衛</p>",社会三年 科目::歴史 優先::S 単元::H08 学年::中1
元寇後の恩賞の問題,"<p>新しく得た土地が乏しく、幕府が<ruby>御家人<rp>（</rp><rt>ごけにん</rt><rp>）</rp></ruby>へ十分な所領を与えにくかったこと。</p><p><strong>ポイント</strong><br>恩賞が全くなかったと単純化しない。</p><p class=""related""><strong>関連語</strong><br>御恩・御家人の困窮</p>",社会三年 科目::歴史 優先::A 単元::H08 学年::中1
<ruby>永仁の徳政令<rp>（</rp><rt>えいにんのとくせいれい</rt><rp>）</rp></ruby>,"<p>1297年、困窮する<ruby>御家人<rp>（</rp><rt>ごけにん</rt><rp>）</rp></ruby>の所領を取り戻させるために出された法令。</p><p><strong>ポイント</strong><br>借金や土地売買の問題を根本的には解決できなかった。</p><p class=""related""><strong>関連語</strong><br>御家人・所領</p>",社会三年 科目::歴史 優先::S 単元::H08 学年::中1
<ruby>浄土宗<rp>（</rp><rt>じょうどしゅう</rt><rp>）</rp></ruby>,"<p><ruby>法然<rp>（</rp><rt>ほうねん</rt><rp>）</rp></ruby>が開き、<ruby>阿弥陀仏<rp>（</rp><rt>あみだぶつ</rt><rp>）</rp></ruby>を信じて念仏を唱えることを説いた宗派。</p><p><strong>ポイント</strong><br><ruby>親鸞<rp>（</rp><rt>しんらん</rt><rp>）</rp></ruby>の<ruby>浄土真宗<rp>（</rp><rt>じょうどしんしゅう</rt><rp>）</rp></ruby>と区別する。</p><p class=""related""><strong>関連語</strong><br>法然・念仏</p>",社会三年 科目::歴史 優先::S 単元::H08 学年::中1
<ruby>浄土真宗<rp>（</rp><rt>じょうどしんしゅう</rt><rp>）</rp></ruby>,"<p><ruby>親鸞<rp>（</rp><rt>しんらん</rt><rp>）</rp></ruby>の教えをもとに、<ruby>阿弥陀仏<rp>（</rp><rt>あみだぶつ</rt><rp>）</rp></ruby>の救いを信じることを重視する宗派。</p><p><strong>ポイント</strong><br><ruby>法然<rp>（</rp><rt>ほうねん</rt><rp>）</rp></ruby>から学んだ親鸞の教え。</p><p class=""related""><strong>関連語</strong><br>親鸞・念仏</p>",社会三年 科目::歴史 優先::S 単元::H08 学年::中1
時宗,"<p><ruby>一遍<rp>（</rp><rt>いっぺん</rt><rp>）</rp></ruby>が広めた宗派。各地を巡り、念仏や踊念仏などを広めた。</p><p><strong>ポイント</strong><br>「時代」の宗教という意味ではない。</p><p class=""related""><strong>関連語</strong><br>一遍・踊念仏</p>",社会三年 科目::歴史 優先::S 単元::H08 学年::中1
日蓮宗,"<p><ruby>日蓮<rp>（</rp><rt>にちれん</rt><rp>）</rp></ruby>の教えをもとに、<ruby>法華経<rp>（</rp><rt>ほけきょう</rt><rp>）</rp></ruby>を重んじ、<ruby>題目<rp>（</rp><rt>だいもく</rt><rp>）</rp></ruby>を唱える宗派。</p><p><strong>ポイント</strong><br>念仏と題目を混同しない。</p><p class=""related""><strong>関連語</strong><br>日蓮・法華経</p>",社会三年 科目::歴史 優先::S 単元::H08 学年::中1
<ruby>臨済宗<rp>（</rp><rt>りんざいしゅう</rt><rp>）</rp></ruby>,"<p><ruby>栄西<rp>（</rp><rt>えいさい</rt><rp>）</rp></ruby>が日本へ伝えた禅宗の一派。</p><p><strong>ポイント</strong><br><ruby>道元<rp>（</rp><rt>どうげん</rt><rp>）</rp></ruby>の<ruby>曹洞宗<rp>（</rp><rt>そうとうしゅう</rt><rp>）</rp></ruby>と対比する。</p><p class=""related""><strong>関連語</strong><br>栄西・禅宗</p>",社会三年 科目::歴史 優先::S 単元::H08 学年::中1
<ruby>曹洞宗<rp>（</rp><rt>そうとうしゅう</rt><rp>）</rp></ruby>,"<p><ruby>道元<rp>（</rp><rt>どうげん</rt><rp>）</rp></ruby>が日本へ伝え、座禅を重視した禅宗の一派。</p><p><strong>ポイント</strong><br><ruby>栄西<rp>（</rp><rt>えいさい</rt><rp>）</rp></ruby>の<ruby>臨済宗<rp>（</rp><rt>りんざいしゅう</rt><rp>）</rp></ruby>と対比する。</p><p class=""related""><strong>関連語</strong><br>道元・座禅</p>",社会三年 科目::歴史 優先::S 単元::H08 学年::中1
鎌倉文化,"<p>武士の気風や新しい仏教、民衆への広がりなどを特徴とする文化。</p><p><strong>ポイント</strong><br>力強い彫刻や軍記物語などが見られる。</p><p class=""related""><strong>関連語</strong><br><ruby>金剛力士像<rp>（</rp><rt>こんごうりきしぞう</rt><rp>）</rp></ruby>・平家物語</p>",社会三年 科目::歴史 優先::S 単元::H08 学年::中1
<ruby>金剛力士像<rp>（</rp><rt>こんごうりきしぞう</rt><rp>）</rp></ruby>,"<p>寺を守る仁王の像。東大寺南大門の像は<ruby>運慶<rp>（</rp><rt>うんけい</rt><rp>）</rp></ruby>・<ruby>快慶<rp>（</rp><rt>かいけい</rt><rp>）</rp></ruby>らの作として知られる。</p><p><strong>ポイント</strong><br>力強く写実的な鎌倉彫刻の代表。</p><p class=""related""><strong>関連語</strong><br>運慶・快慶</p>",社会三年 科目::歴史 優先::S 単元::H08 学年::中1
平家物語,"<p>平氏の栄華と滅亡などを描いた軍記物語。</p><p><strong>ポイント</strong><br>琵琶法師による語りでも広まった。</p><p class=""related""><strong>関連語</strong><br>琵琶法師・無常観</p>",社会三年 科目::歴史 優先::S 単元::H08 学年::中1
<ruby>後醍醐天皇<rp>（</rp><rt>ごだいごてんのう</rt><rp>）</rp></ruby>,"<p>鎌倉幕府の打倒を目指し、幕府滅亡後に<ruby>建武の新政<rp>（</rp><rt>けんむのしんせい</rt><rp>）</rp></ruby>を行った天皇。</p><p><strong>ポイント</strong><br><ruby>後鳥羽上皇<rp>（</rp><rt>ごとばじょうこう</rt><rp>）</rp></ruby>の<ruby>承久の乱<rp>（</rp><rt>じょうきゅうのらん</rt><rp>）</rp></ruby>とは時代が違う。</p><p class=""related""><strong>関連語</strong><br>建武の新政・1333年</p>",社会三年 科目::歴史 優先::S 単元::H08 学年::中1
<ruby>建武の新政<rp>（</rp><rt>けんむのしんせい</rt><rp>）</rp></ruby>,"<p>鎌倉幕府滅亡後、<ruby>後醍醐天皇<rp>（</rp><rt>ごだいごてんのう</rt><rp>）</rp></ruby>が行った天皇中心の政治。</p><p><strong>ポイント</strong><br>恩賞や政治の進め方に武士の不満が集まり、短期間で崩れた。</p><p class=""related""><strong>関連語</strong><br>後醍醐天皇・<ruby>足利尊氏<rp>（</rp><rt>あしかがたかうじ</rt><rp>）</rp></ruby></p>",社会三年 科目::歴史 優先::S 単元::H08 学年::中1
<ruby>北条時宗<rp>（</rp><rt>ほうじょうときむね</rt><rp>）</rp></ruby>,"<p><ruby>元寇<rp>（</rp><rt>げんこう</rt><rp>）</rp></ruby>の時期に鎌倉幕府の<ruby>執権<rp>（</rp><rt>しっけん</rt><rp>）</rp></ruby>を務めた人物。</p><p><strong>ポイント</strong><br>泰時の<ruby>御成敗式目<rp>（</rp><rt>ごせいばいしきもく</rt><rp>）</rp></ruby>、義時の<ruby>承久の乱<rp>（</rp><rt>じょうきゅうのらん</rt><rp>）</rp></ruby>と時期を比較する。</p><p class=""related""><strong>関連語</strong><br>元寇・執権</p>",社会三年 科目::歴史 優先::S 単元::H08 学年::中1
<ruby>蒙古襲来絵詞<rp>（</rp><rt>もうこしゅうらいえことば</rt><rp>）</rp></ruby>,"<p><ruby>元寇<rp>（</rp><rt>げんこう</rt><rp>）</rp></ruby>に参加した<ruby>竹崎季長<rp>（</rp><rt>たけざきすえなが</rt><rp>）</rp></ruby>を中心に戦いなどを描く絵巻。</p><p><strong>ポイント</strong><br>構成の目的や伝来上の問題を踏まえて読む視覚資料。</p><p class=""related""><strong>関連語</strong><br>元寇・絵巻物</p>",社会三年 科目::歴史 優先::S 単元::H08 学年::中1
<ruby>竹崎季長<rp>（</rp><rt>たけざきすえなが</rt><rp>）</rp></ruby>,"<p><ruby>元寇<rp>（</rp><rt>げんこう</rt><rp>）</rp></ruby>に出陣し、『<ruby>蒙古襲来絵詞<rp>（</rp><rt>もうこしゅうらいえことば</rt><rp>）</rp></ruby>』で知られる<ruby>御家人<rp>（</rp><rt>ごけにん</rt><rp>）</rp></ruby>。</p><p><strong>ポイント</strong><br><ruby>文永の役<rp>（</rp><rt>ぶんえいのえき</rt><rp>）</rp></ruby>の恩賞を得たことを示す資料があり、恩賞が皆無という単純化を避ける。</p><p class=""related""><strong>関連語</strong><br>絵詞・恩賞</p>",社会三年 科目::歴史 優先::S 単元::H08 学年::中1
分割相続と所領の細分化,"<p>土地を複数の子などへ分けて受け継ぐと、一人当たりの所領が小さくなる場合があること。</p><p><strong>ポイント</strong><br><ruby>御家人<rp>（</rp><rt>ごけにん</rt><rp>）</rp></ruby>の生活の変化を、戦争負担だけで説明しない。</p><p class=""related""><strong>関連語</strong><br>相続・所領</p>",社会三年 科目::歴史 優先::A 単元::H08 学年::中1
土地の売却と武士の困窮,"<p>生活費などを得るため所領を手放すと、将来の収入基盤も弱まる場合がある。</p><p><strong>ポイント</strong><br>徳政令の背景を土地と<ruby>貨幣<rp>（</rp><rt>かへい</rt><rp>）</rp></ruby>の関係から考える。</p><p class=""related""><strong>関連語</strong><br>借金・<ruby>御家人<rp>（</rp><rt>ごけにん</rt><rp>）</rp></ruby></p>",社会三年 科目::歴史 優先::A 単元::H08 学年::中1
戦闘後も続く防衛負担,"<p>軍が退いても、警備や施設管理などが続くこと。</p><p><strong>ポイント</strong><br>戦闘の終了と軍役の費用の終了は同じではない。</p><p class=""related""><strong>関連語</strong><br><ruby>元寇<rp>（</rp><rt>げんこう</rt><rp>）</rp></ruby>・防御施設</p>",社会三年 科目::歴史 優先::A 単元::H08 学年::中1
念仏,"<p><ruby>阿弥陀仏<rp>（</rp><rt>あみだぶつ</rt><rp>）</rp></ruby>の名を唱えるなど、阿弥陀仏への信仰に関わる実践。</p><p><strong>ポイント</strong><br><ruby>法然<rp>（</rp><rt>ほうねん</rt><rp>）</rp></ruby>・<ruby>親鸞<rp>（</rp><rt>しんらん</rt><rp>）</rp></ruby>・<ruby>一遍<rp>（</rp><rt>いっぺん</rt><rp>）</rp></ruby>の教えは、同じ阿弥陀信仰でも相違がある。</p><p class=""related""><strong>関連語</strong><br><ruby>浄土宗<rp>（</rp><rt>じょうどしゅう</rt><rp>）</rp></ruby>・<ruby>浄土真宗<rp>（</rp><rt>じょうどしんしゅう</rt><rp>）</rp></ruby>・時宗</p>",社会三年 科目::歴史 優先::S 単元::H08 学年::中1
<ruby>題目<rp>（</rp><rt>だいもく</rt><rp>）</rp></ruby>,"<p><ruby>法華経<rp>（</rp><rt>ほけきょう</rt><rp>）</rp></ruby>の名を唱える実践などに関わる言葉。</p><p><strong>ポイント</strong><br><ruby>日蓮<rp>（</rp><rt>にちれん</rt><rp>）</rp></ruby>の教えと結び付け、念仏と区別する。</p><p class=""related""><strong>関連語</strong><br>日蓮宗・法華経</p>",社会三年 科目::歴史 優先::S 単元::H08 学年::中1
座禅,"<p>姿勢を整えて座るなど、禅の教えで重視される実践。</p><p><strong>ポイント</strong><br><ruby>臨済宗<rp>（</rp><rt>りんざいしゅう</rt><rp>）</rp></ruby>・<ruby>曹洞宗<rp>（</rp><rt>そうとうしゅう</rt><rp>）</rp></ruby>などと結び付ける。</p><p class=""related""><strong>関連語</strong><br>禅宗・仏教</p>",社会三年 科目::歴史 優先::S 単元::H08 学年::中1
<ruby>新田義貞<rp>（</rp><rt>にったよしさだ</rt><rp>）</rp></ruby>,"<p>1333年に鎌倉を攻め、幕府の滅亡に関わった武士。</p><p><strong>ポイント</strong><br><ruby>足利尊氏<rp>（</rp><rt>あしかがたかうじ</rt><rp>）</rp></ruby>らの動きと合わせ、倒幕の過程を整理する。</p><p class=""related""><strong>関連語</strong><br>鎌倉幕府・倒幕</p>",社会三年 科目::歴史 優先::S 単元::H08 学年::中1
一般的な傾向と個別の恩賞,"<p>元寇後に恩賞が不十分だった傾向と、実際に恩賞を得た<ruby>御家人<rp>（</rp><rt>ごけにん</rt><rp>）</rp></ruby>がいた事実を区別すること。</p><p><strong>ポイント</strong><br>全員に一件もなかったと広げて説明しない。</p><p class=""related""><strong>関連語</strong><br>史料・<ruby>竹崎季長<rp>（</rp><rt>たけざきすえなが</rt><rp>）</rp></ruby></p>",社会三年 科目::歴史 優先::A 単元::H08 学年::中1
倒幕後の政治への期待,"<p>幕府を倒す点で協力した勢力も、恩賞や新しい政治のあり方では利害が異なること。</p><p><strong>ポイント</strong><br><ruby>建武の新政<rp>（</rp><rt>けんむのしんせい</rt><rp>）</rp></ruby>への武士の不満を理解する条件。</p><p class=""related""><strong>関連語</strong><br><ruby>後醍醐天皇<rp>（</rp><rt>ごだいごてんのう</rt><rp>）</rp></ruby>・武士</p>",社会三年 科目::歴史 優先::A 単元::H08 学年::中1
<ruby>足利尊氏<rp>（</rp><rt>あしかがたかうじ</rt><rp>）</rp></ruby>,"<p>鎌倉幕府を倒した後、<ruby>後醍醐天皇<rp>（</rp><rt>ごだいごてんのう</rt><rp>）</rp></ruby>と対立し、室町幕府を開いた武士。</p><p><strong>ポイント</strong><br>1338年に<ruby>征夷大将軍<rp>（</rp><rt>せいいたいしょうぐん</rt><rp>）</rp></ruby>となった。</p><p class=""related""><strong>関連語</strong><br>室町幕府・南北朝</p>",社会三年 科目::歴史 優先::S 単元::H09 学年::中1
室町幕府,"<p>足利氏が京都を拠点に築いた武家政権。</p><p><strong>ポイント</strong><br><ruby>管領<rp>（</rp><rt>かんれい</rt><rp>）</rp></ruby>や有力守護大名が政治に大きく関わる。</p><p class=""related""><strong>関連語</strong><br><ruby>足利尊氏<rp>（</rp><rt>あしかがたかうじ</rt><rp>）</rp></ruby>・京都</p>",社会三年 科目::歴史 優先::S 単元::H09 学年::中1
南北朝の動乱,"<p>京都の北朝と吉野の南朝が並び立ち、争った時代の動乱。</p><p><strong>ポイント</strong><br>1392年、<ruby>足利義満<rp>（</rp><rt>あしかがよしみつ</rt><rp>）</rp></ruby>の時代に統一された。</p><p class=""related""><strong>関連語</strong><br><ruby>後醍醐天皇<rp>（</rp><rt>ごだいごてんのう</rt><rp>）</rp></ruby>・足利義満</p>",社会三年 科目::歴史 優先::S 単元::H09 学年::中1
<ruby>管領<rp>（</rp><rt>かんれい</rt><rp>）</rp></ruby>,"<p>室町幕府で、将軍を補佐して政治を担った役職。</p><p><strong>ポイント</strong><br>鎌倉幕府の<ruby>執権<rp>（</rp><rt>しっけん</rt><rp>）</rp></ruby>と区別する。</p><p class=""related""><strong>関連語</strong><br>室町幕府・将軍</p>",社会三年 科目::歴史 優先::S 単元::H09 学年::中1
守護大名,"<p>南北朝・室町時代に、守護の権限を広げて領国内の支配を強めた大名。</p><p><strong>ポイント</strong><br>戦国大名への変化や違いも考える。</p><p class=""related""><strong>関連語</strong><br>守護・領国</p>",社会三年 科目::歴史 優先::S 単元::H09 学年::中1
<ruby>足利義満<rp>（</rp><rt>あしかがよしみつ</rt><rp>）</rp></ruby>,"<p>室町幕府の3代将軍。南北朝の統一や日明貿易を進めた。</p><p><strong>ポイント</strong><br>金閣・<ruby>北山文化<rp>（</rp><rt>きたやまぶんか</rt><rp>）</rp></ruby>とも結び付ける。</p><p class=""related""><strong>関連語</strong><br><ruby>勘合貿易<rp>（</rp><rt>かんごうぼうえき</rt><rp>）</rp></ruby>・北山文化</p>",社会三年 科目::歴史 優先::S 単元::H09 学年::中1
明,"<p>14世紀に元に代わって成立した中国の王朝。</p><p><strong>ポイント</strong><br>日本との<ruby>勘合貿易<rp>（</rp><rt>かんごうぼうえき</rt><rp>）</rp></ruby>や、琉球との関係を学ぶ。</p><p class=""related""><strong>関連語</strong><br>日明貿易・<ruby>朝貢<rp>（</rp><rt>ちょうこう</rt><rp>）</rp></ruby></p>",社会三年 科目::歴史 優先::S 単元::H09 学年::中1
<ruby>勘合貿易<rp>（</rp><rt>かんごうぼうえき</rt><rp>）</rp></ruby>,"<p>正式な貿易船を<ruby>倭寇<rp>（</rp><rt>わこう</rt><rp>）</rp></ruby>と区別する証明の勘合を使った、日本と明の貿易。</p><p><strong>ポイント</strong><br><ruby>足利義満<rp>（</rp><rt>あしかがよしみつ</rt><rp>）</rp></ruby>の時代に始まる。</p><p class=""related""><strong>関連語</strong><br>日明貿易・勘合</p>",社会三年 科目::歴史 優先::S 単元::H09 学年::中1
<ruby>倭寇<rp>（</rp><rt>わこう</rt><rp>）</rp></ruby>,"<p>中世の東アジアの海で活動した、海賊的な集団。</p><p><strong>ポイント</strong><br>時期によって構成が異なり、日本人だけとは限らない。</p><p class=""related""><strong>関連語</strong><br>明・海上交易</p>",社会三年 科目::歴史 優先::S 単元::H09 学年::中1
<ruby>朝貢<rp>（</rp><rt>ちょうこう</rt><rp>）</rp></ruby>,"<p>周辺国などが中国の皇帝へ使節や品物を送り、返礼や貿易などの関係を結ぶこと。</p><p><strong>ポイント</strong><br>当時の東アジアの外交の枠組みとして理解する。</p><p class=""related""><strong>関連語</strong><br>明・<ruby>冊封<rp>（</rp><rt>さくほう</rt><rp>）</rp></ruby></p>",社会三年 科目::歴史 優先::A 単元::H09 学年::中1
朝鮮王朝,"<p>14世紀末に成立した朝鮮半島の王朝。</p><p><strong>ポイント</strong><br><ruby>高麗<rp>（</rp><rt>こうらい</rt><rp>）</rp></ruby>に代わり、ハングルの創製などが行われた。</p><p class=""related""><strong>関連語</strong><br>朝鮮・ハングル</p>",社会三年 科目::歴史 優先::S 単元::H09 学年::中1
ハングル,"<p>15世紀の朝鮮王朝で作られた、朝鮮語を書き表す文字。</p><p><strong>ポイント</strong><br>漢字と同じ文字体系ではない。</p><p class=""related""><strong>関連語</strong><br><ruby>世宗<rp>（</rp><rt>せいそう</rt><rp>）</rp></ruby>・朝鮮王朝</p>",社会三年 科目::歴史 優先::S 単元::H09 学年::中1
<ruby>琉球王国<rp>（</rp><rt>りゅうきゅうおうこく</rt><rp>）</rp></ruby>,"<p>15世紀に沖縄の諸勢力が統一されて成立した王国。</p><p><strong>ポイント</strong><br>中国・日本・東南アジアを結ぶ交易で栄えた。</p><p class=""related""><strong>関連語</strong><br>中継貿易・首里</p>",社会三年 科目::歴史 優先::S 単元::H09 学年::中1
中継貿易,"<p>ある地域で得た商品を別の地域へ運び、取引を仲介する貿易。</p><p><strong>ポイント</strong><br><ruby>琉球王国<rp>（</rp><rt>りゅうきゅうおうこく</rt><rp>）</rp></ruby>は東アジアの海上交易で役割を担った。</p><p class=""related""><strong>関連語</strong><br>琉球王国・交易</p>",社会三年 科目::歴史 優先::S 単元::H09 学年::中1
<ruby>蝦夷地<rp>（</rp><rt>えぞち</rt><rp>）</rp></ruby>,"<p>歴史上、主に北海道などの北方地域を指した呼び名。</p><p><strong>ポイント</strong><br>アイヌの人々の暮らしや交易が営まれていた。</p><p class=""related""><strong>関連語</strong><br>アイヌ・和人</p>",社会三年 科目::歴史 優先::S 単元::H09 学年::中1
コシャマインの戦い,"<p>1457年に、蝦夷地南部でアイヌの人々と和人の間に起こった戦い。</p><p><strong>ポイント</strong><br>交易をめぐる対立などの背景を考える。</p><p class=""related""><strong>関連語</strong><br>アイヌ・<ruby>蝦夷地<rp>（</rp><rt>えぞち</rt><rp>）</rp></ruby></p>",社会三年 科目::歴史 優先::A 単元::H09 学年::中1
<ruby>応仁の乱<rp>（</rp><rt>おうにんのらん</rt><rp>）</rp></ruby>,"<p>1467年に始まり、将軍や守護家の後継問題などから長期化した争い。</p><p><strong>ポイント</strong><br>幕府の支配力の低下と戦国の動乱につながった。</p><p class=""related""><strong>関連語</strong><br><ruby>足利義政<rp>（</rp><rt>あしかがよしまさ</rt><rp>）</rp></ruby>・京都</p>",社会三年 科目::歴史 優先::S 単元::H09 学年::中1
<ruby>下剋上<rp>（</rp><rt>げこくじょう</rt><rp>）</rp></ruby>,"<p>下の身分・地位の者が、実力で上の者を倒して力を握ること。</p><p><strong>ポイント</strong><br>戦国大名の登場を説明する重要な動き。</p><p class=""related""><strong>関連語</strong><br>戦国時代・実力</p>",社会三年 科目::歴史 優先::S 単元::H09 学年::中1
戦国大名,"<p>戦国時代に、実力で領国を支配した大名。</p><p><strong>ポイント</strong><br>分国法や城下町の整備などで支配を強めた。</p><p class=""related""><strong>関連語</strong><br>領国・分国法</p>",社会三年 科目::歴史 優先::S 単元::H09 学年::中1
分国法,"<p>戦国大名が、自分の領国を治めるために定めた法。</p><p><strong>ポイント</strong><br>全国共通の法律ではない。</p><p class=""related""><strong>関連語</strong><br>戦国大名・領国支配</p>",社会三年 科目::歴史 優先::S 単元::H09 学年::中1
鎌倉府,"<p>室町幕府が関東支配のために鎌倉へ置いた機関。</p><p><strong>ポイント</strong><br>京都の幕府と地方の統治の関係を考える。</p><p class=""related""><strong>関連語</strong><br>室町幕府・関東</p>",社会三年 科目::歴史 優先::S 単元::H09 学年::中1
国人,"<p>中世に地域の土地へ根を張り、支配力をもった武士など。</p><p><strong>ポイント</strong><br>守護への従属や国人同士の結び付きが領国の政治に関わった。</p><p class=""related""><strong>関連語</strong><br>地方武士・一揆</p>",社会三年 科目::歴史 優先::S 単元::H09 学年::中1
領国,"<p>大名などが支配する地域。</p><p><strong>ポイント</strong><br>役職をもつだけでなく、その中の人や土地を実際に統制する力が必要。</p><p class=""related""><strong>関連語</strong><br>守護大名・戦国大名</p>",社会三年 科目::歴史 優先::S 単元::H09 学年::中1
守護の地位と実際の支配力,"<p>幕府から任じられる役職と、地方へ命令を及ぼす力は必ずしも一致しない。</p><p><strong>ポイント</strong><br><ruby>下剋上<rp>（</rp><rt>げこくじょう</rt><rp>）</rp></ruby>や戦国大名の成長を考える際に区別する。</p><p class=""related""><strong>関連語</strong><br>領国・武士</p>",社会三年 科目::歴史 優先::A 単元::H09 学年::中1
<ruby>冊封<rp>（</rp><rt>さくほう</rt><rp>）</rp></ruby>,"<p>中国の皇帝が、周辺地域の君主を認める外交上の仕組み。</p><p><strong>ポイント</strong><br>近代以降の主権国家間の制度と同じではない。</p><p class=""related""><strong>関連語</strong><br>東アジア・外交</p>",社会三年 科目::歴史 優先::S 単元::H09 学年::中1
勘合,"<p>日明貿易で、正式な貿易船であることを確かめるために用いた証明。</p><p><strong>ポイント</strong><br>船や品物だけでなく、取引の資格を管理する仕組み。</p><p class=""related""><strong>関連語</strong><br>日明貿易・<ruby>倭寇<rp>（</rp><rt>わこう</rt><rp>）</rp></ruby></p>",社会三年 科目::歴史 優先::S 単元::H09 学年::中1
宋銭と永楽通宝,"<p><ruby>宋<rp>（</rp><rt>そう</rt><rp>）</rp></ruby>でつくられた銭と、明の時代につくられた銭の代表。日本の取引にも使われた。</p><p><strong>ポイント</strong><br>国内で使う<ruby>貨幣<rp>（</rp><rt>かへい</rt><rp>）</rp></ruby>が全て国内製とは限らない。</p><p class=""related""><strong>関連語</strong><br>貿易・貨幣経済</p>",社会三年 科目::歴史 優先::S 単元::H09 学年::中1
<ruby>李成桂<rp>（</rp><rt>りせいけい</rt><rp>）</rp></ruby>,"<p>14世紀末に朝鮮王朝を開いた人物。</p><p><strong>ポイント</strong><br>元・明の変化と合わせて東アジアの時代を整理する。</p><p class=""related""><strong>関連語</strong><br>朝鮮王朝・東アジア</p>",社会三年 科目::歴史 優先::S 単元::H09 学年::中1
<ruby>世宗<rp>（</rp><rt>せいそう</rt><rp>）</rp></ruby>,"<p>ハングルの創製に関わった朝鮮王朝の王。</p><p><strong>ポイント</strong><br>朝鮮語という言語と、それを書き表す文字を区別する。</p><p class=""related""><strong>関連語</strong><br>ハングル・文化</p>",社会三年 科目::歴史 優先::S 単元::H09 学年::中1
<ruby>尚巴志<rp>（</rp><rt>しょうはし</rt><rp>）</rp></ruby>,"<p>1429年に琉球の三山統一を達成した王。</p><p><strong>ポイント</strong><br>王国の政治と中継貿易の発展を結び付ける。</p><p class=""related""><strong>関連語</strong><br><ruby>琉球王国<rp>（</rp><rt>りゅうきゅうおうこく</rt><rp>）</rp></ruby>・統一</p>",社会三年 科目::歴史 優先::S 単元::H09 学年::中1
首里城,"<p><ruby>琉球王国<rp>（</rp><rt>りゅうきゅうおうこく</rt><rp>）</rp></ruby>の政治・文化の中心となった城。</p><p><strong>ポイント</strong><br>港や中国・日本との交流を含む王国の仕組みの中で理解する。</p><p class=""related""><strong>関連語</strong><br>琉球・王国</p>",社会三年 科目::歴史 優先::S 単元::H09 学年::中1
中世の港町の役割,"<p>海上輸送、商品の保管・取引、運送や手工業などを結ぶ役割。</p><p><strong>ポイント</strong><br>交易は船の移動だけでは成立しない。</p><p class=""related""><strong>関連語</strong><br>商人・地域間交流</p>",社会三年 科目::歴史 優先::A 単元::H09 学年::中1
惣,"<p>中世の村で、農民らがつくった自治的な組織。</p><p><strong>ポイント</strong><br>用水・山野の管理や村の取り決めなどを行った。</p><p class=""related""><strong>関連語</strong><br>村・<ruby>寄合<rp>（</rp><rt>よりあい</rt><rp>）</rp></ruby></p>",社会三年 科目::歴史 優先::S 単元::H10 学年::中1
<ruby>寄合<rp>（</rp><rt>よりあい</rt><rp>）</rp></ruby>,"<p>村の人々などが集まり、共同の問題を話し合う会合。</p><p><strong>ポイント</strong><br>現代の完全な普通選挙と同じ仕組みとは限らない。</p><p class=""related""><strong>関連語</strong><br>惣・自治</p>",社会三年 科目::歴史 優先::S 単元::H10 学年::中1
土一揆,"<p>農民や都市の人々などが、徳政などの要求を掲げて起こした一揆。</p><p><strong>ポイント</strong><br>参加者や目的は事件によって違う。</p><p class=""related""><strong>関連語</strong><br>徳政・<ruby>正長の土一揆<rp>（</rp><rt>しょうちょうのつちいっき</rt><rp>）</rp></ruby></p>",社会三年 科目::歴史 優先::S 単元::H10 学年::中1
<ruby>正長の土一揆<rp>（</rp><rt>しょうちょうのつちいっき</rt><rp>）</rp></ruby>,"<p>1428年、借金の帳消しなどの徳政を求めて起こった一揆。</p><p><strong>ポイント</strong><br>鎌倉幕府の<ruby>永仁の徳政令<rp>（</rp><rt>えいにんのとくせいれい</rt><rp>）</rp></ruby>とは別の出来事。</p><p class=""related""><strong>関連語</strong><br>土一揆・借金</p>",社会三年 科目::歴史 優先::S 単元::H10 学年::中1
<ruby>山城国一揆<rp>（</rp><rt>やましろのくにいっき</rt><rp>）</rp></ruby>,"<p>1485年、国人や農民らが大名の軍勢を退かせ、自治を行った一揆。</p><p><strong>ポイント</strong><br>自治を求める動きの例。</p><p class=""related""><strong>関連語</strong><br>山城・国人</p>",社会三年 科目::歴史 優先::S 単元::H10 学年::中1
<ruby>一向一揆<rp>（</rp><rt>いっこういっき</rt><rp>）</rp></ruby>,"<p>一向宗の信徒らが中心となった一揆。加賀などで大きな勢力をもった。</p><p><strong>ポイント</strong><br>土一揆と参加者・結び付きの特徴を比較する。</p><p class=""related""><strong>関連語</strong><br><ruby>浄土真宗<rp>（</rp><rt>じょうどしんしゅう</rt><rp>）</rp></ruby>・加賀</p>",社会三年 科目::歴史 優先::S 単元::H10 学年::中1
座,"<p>中世の商工業者がつくり、寺社・貴族などの保護を受けた組織。</p><p><strong>ポイント</strong><br>営業上の特権などをもつ場合があった。</p><p class=""related""><strong>関連語</strong><br>商業・楽市楽座</p>",社会三年 科目::歴史 優先::S 単元::H10 学年::中1
土倉・酒屋,"<p>中世に金融業などを営み、幕府の課税対象にもなった業者。</p><p><strong>ポイント</strong><br>借金や徳政を求める一揆と関わる。</p><p class=""related""><strong>関連語</strong><br>金融・貨幣経済</p>",社会三年 科目::歴史 優先::S 単元::H10 学年::中1
<ruby>馬借<rp>（</rp><rt>ばしゃく</rt><rp>）</rp></ruby>,"<p>馬を使って物資を運んだ運送業者。</p><p><strong>ポイント</strong><br>荷物をどのように運ぶかが商業を支えた。</p><p class=""related""><strong>関連語</strong><br>交通・商業</p>",社会三年 科目::歴史 優先::S 単元::H10 学年::中1
<ruby>問丸<rp>（</rp><rt>といまる</rt><rp>）</rp></ruby>,"<p>港などで商品の保管・運送などを扱った業者。</p><p><strong>ポイント</strong><br>後の問屋につながる。</p><p class=""related""><strong>関連語</strong><br>流通・港</p>",社会三年 科目::歴史 優先::S 単元::H10 学年::中1
<ruby>北山文化<rp>（</rp><rt>きたやまぶんか</rt><rp>）</rp></ruby>,"<p><ruby>足利義満<rp>（</rp><rt>あしかがよしみつ</rt><rp>）</rp></ruby>の時代を中心とする、武家と公家の文化を合わせた文化。</p><p><strong>ポイント</strong><br>金閣が代表。<ruby>東山文化<rp>（</rp><rt>ひがしやまぶんか</rt><rp>）</rp></ruby>と時期を比較する。</p><p class=""related""><strong>関連語</strong><br>足利義満・金閣</p>",社会三年 科目::歴史 優先::S 単元::H10 学年::中1
金閣,"<p><ruby>足利義満<rp>（</rp><rt>あしかがよしみつ</rt><rp>）</rp></ruby>が京都の北山に造った建物。<ruby>北山文化<rp>（</rp><rt>きたやまぶんか</rt><rp>）</rp></ruby>の代表。</p><p><strong>ポイント</strong><br>銀閣は<ruby>足利義政<rp>（</rp><rt>あしかがよしまさ</rt><rp>）</rp></ruby>に関わる。</p><p class=""related""><strong>関連語</strong><br>北山文化・鹿苑寺</p>",社会三年 科目::歴史 優先::S 単元::H10 学年::中1
<ruby>東山文化<rp>（</rp><rt>ひがしやまぶんか</rt><rp>）</rp></ruby>,"<p><ruby>足利義政<rp>（</rp><rt>あしかがよしまさ</rt><rp>）</rp></ruby>の時代を中心とし、禅の影響や簡素な美などを特徴とする文化。</p><p><strong>ポイント</strong><br>銀閣・<ruby>書院造<rp>（</rp><rt>しょいんづくり</rt><rp>）</rp></ruby>・水墨画など。</p><p class=""related""><strong>関連語</strong><br>足利義政・銀閣</p>",社会三年 科目::歴史 優先::S 単元::H10 学年::中1
銀閣,"<p><ruby>足利義政<rp>（</rp><rt>あしかがよしまさ</rt><rp>）</rp></ruby>が京都の東山に造った建物。<ruby>東山文化<rp>（</rp><rt>ひがしやまぶんか</rt><rp>）</rp></ruby>の代表。</p><p><strong>ポイント</strong><br>実際には銀箔で覆われていない。</p><p class=""related""><strong>関連語</strong><br>東山文化・慈照寺</p>",社会三年 科目::歴史 優先::S 単元::H10 学年::中1
<ruby>書院造<rp>（</rp><rt>しょいんづくり</rt><rp>）</rp></ruby>,"<p>床の間や違い棚などを備える、武家の住まいから発達した建築様式。</p><p><strong>ポイント</strong><br>後の和室の形につながる。</p><p class=""related""><strong>関連語</strong><br><ruby>東山文化<rp>（</rp><rt>ひがしやまぶんか</rt><rp>）</rp></ruby>・住宅</p>",社会三年 科目::歴史 優先::S 単元::H10 学年::中1
能,"<p>歌や舞、演技による芸能。<ruby>観阿弥<rp>（</rp><rt>かんあみ</rt><rp>）</rp></ruby>・<ruby>世阿弥<rp>（</rp><rt>ぜあみ</rt><rp>）</rp></ruby>らが大成した。</p><p><strong>ポイント</strong><br>狂言とともに演じられるが、内容や表現は異なる。</p><p class=""related""><strong>関連語</strong><br>観阿弥・世阿弥</p>",社会三年 科目::歴史 優先::S 単元::H10 学年::中1
狂言,"<p>日常の出来事などを題材に、会話やしぐさで笑いを表す芸能。</p><p><strong>ポイント</strong><br>能と組み合わせて上演される。</p><p class=""related""><strong>関連語</strong><br>能・中世文化</p>",社会三年 科目::歴史 優先::S 単元::H10 学年::中1
<ruby>雪舟<rp>（</rp><rt>せっしゅう</rt><rp>）</rp></ruby>,"<p>室町時代に水墨画を大成した僧・画家。</p><p><strong>ポイント</strong><br>墨の濃淡などで表す技法を学ぶ。</p><p class=""related""><strong>関連語</strong><br>水墨画・<ruby>東山文化<rp>（</rp><rt>ひがしやまぶんか</rt><rp>）</rp></ruby></p>",社会三年 科目::歴史 優先::S 単元::H10 学年::中1
連歌,"<p>和歌の上の句・下の句を複数の人が詠み継ぐ文芸。</p><p><strong>ポイント</strong><br>人々の交流の中で発達した。</p><p class=""related""><strong>関連語</strong><br>和歌・中世文化</p>",社会三年 科目::歴史 優先::S 単元::H10 学年::中1
<ruby>方丈記<rp>（</rp><rt>ほうじょうき</rt><rp>）</rp></ruby>・<ruby>徒然草<rp>（</rp><rt>つれづれぐさ</rt><rp>）</rp></ruby>,"<p><ruby>方丈記<rp>（</rp><rt>ほうじょうき</rt><rp>）</rp></ruby>は<ruby>鴨長明<rp>（</rp><rt>かものちょうめい</rt><rp>）</rp></ruby>、<ruby>徒然草<rp>（</rp><rt>つれづれぐさ</rt><rp>）</rp></ruby>は<ruby>兼好法師<rp>（</rp><rt>けんこうほうし</rt><rp>）</rp></ruby>による中世の随筆。</p><p><strong>ポイント</strong><br>作品と作者を対にし、無常観や社会への見方を読む。</p><p class=""related""><strong>関連語</strong><br>随筆・中世</p>",社会三年 科目::歴史 優先::S 単元::H10 学年::中1
<ruby>枯山水<rp>（</rp><rt>かれさんすい</rt><rp>）</rp></ruby>,"<p>水を張らず、石や砂などで山や水の景色を表す庭園様式。</p><p><strong>ポイント</strong><br>禅宗寺院の庭園にも見られ、<ruby>龍安寺<rp>（</rp><rt>りょうあんじ</rt><rp>）</rp></ruby>の石庭などが代表例。</p><p class=""related""><strong>関連語</strong><br>室町文化・庭園・禅宗</p>",社会三年 科目::歴史 優先::S 単元::H10 学年::中1
<ruby>入会地<rp>（</rp><rt>いりあいち</rt><rp>）</rp></ruby>,"<p>村の人々などが共同で利用する山や草地など。</p><p><strong>ポイント</strong><br>薪や草の採取、利用時期や共同管理の取り決めが必要になる。</p><p class=""related""><strong>関連語</strong><br>惣・共同利用</p>",社会三年 科目::歴史 優先::S 単元::H10 学年::中1
<ruby>惣掟<rp>（</rp><rt>そうおきて</rt><rp>）</rp></ruby>,"<p>中世の惣などで定めた村のきまり。</p><p><strong>ポイント</strong><br>用水・山野・共同作業など、生活上の調整に関わる。</p><p class=""related""><strong>関連語</strong><br>自治・村</p>",社会三年 科目::歴史 優先::S 単元::H10 学年::中1
中世の自治と参加者,"<p>村や町が自ら運営する仕組みがあっても、全住民が同じ権利で参加したとは限らない。</p><p><strong>ポイント</strong><br>自治の有無と、参加できる人の範囲を別々に検討する。</p><p class=""related""><strong>関連語</strong><br>惣・身分</p>",社会三年 科目::歴史 優先::A 単元::H10 学年::中1
定期市,"<p>日を定めて繰り返し開かれる市場。</p><p><strong>ポイント</strong><br>周辺の村の生産と商品・<ruby>貨幣<rp>（</rp><rt>かへい</rt><rp>）</rp></ruby>の流通を結ぶ。</p><p class=""related""><strong>関連語</strong><br>商業・中世</p>",社会三年 科目::歴史 優先::S 単元::H10 学年::中1
堺,"<p>海上交易などで発展し、中世に商人による自治で知られた都市。</p><p><strong>ポイント</strong><br>周囲の武士や大名の勢力との関係もあった。</p><p class=""related""><strong>関連語</strong><br>港町・商業</p>",社会三年 科目::歴史 優先::S 単元::H10 学年::中1
<ruby>会合衆<rp>（</rp><rt>えごうしゅう</rt><rp>）</rp></ruby>,"<p>堺の自治に関わった有力商人の集まり。</p><p><strong>ポイント</strong><br>住民全員による現代と同じ政治制度と考えない。</p><p class=""related""><strong>関連語</strong><br>自治都市・堺</p>",社会三年 科目::歴史 優先::S 単元::H10 学年::中1
<ruby>足利義政<rp>（</rp><rt>あしかがよしまさ</rt><rp>）</rp></ruby>,"<p>室町幕府の8代将軍で、銀閣や<ruby>東山文化<rp>（</rp><rt>ひがしやまぶんか</rt><rp>）</rp></ruby>に関わる人物。</p><p><strong>ポイント</strong><br>金閣の<ruby>足利義満<rp>（</rp><rt>あしかがよしみつ</rt><rp>）</rp></ruby>と区別する。</p><p class=""related""><strong>関連語</strong><br>東山文化・室町</p>",社会三年 科目::歴史 優先::S 単元::H10 学年::中1
<ruby>観阿弥<rp>（</rp><rt>かんあみ</rt><rp>）</rp></ruby>,"<p>能の大成に関わった芸能者。<ruby>世阿弥<rp>（</rp><rt>ぜあみ</rt><rp>）</rp></ruby>の父。</p><p><strong>ポイント</strong><br>歌・舞・物語を組み合わせる能の発展と結び付ける。</p><p class=""related""><strong>関連語</strong><br>能・中世文化</p>",社会三年 科目::歴史 優先::S 単元::H10 学年::中1
<ruby>世阿弥<rp>（</rp><rt>ぜあみ</rt><rp>）</rp></ruby>,"<p><ruby>観阿弥<rp>（</rp><rt>かんあみ</rt><rp>）</rp></ruby>とともに能を大成し、芸能の理論も著した人物。</p><p><strong>ポイント</strong><br>能と狂言の表現の違いも確認する。</p><p class=""related""><strong>関連語</strong><br>能・室町文化</p>",社会三年 科目::歴史 優先::S 単元::H10 学年::中1
水墨画,"<p>墨の濃淡などで自然や人物などを表す絵画。</p><p><strong>ポイント</strong><br><ruby>雪舟<rp>（</rp><rt>せっしゅう</rt><rp>）</rp></ruby>や禅宗寺院、中国との交流と関連付ける。</p><p class=""related""><strong>関連語</strong><br>絵画・室町</p>",社会三年 科目::歴史 優先::S 単元::H10 学年::中1
<ruby>御伽草子<rp>（</rp><rt>おとぎぞうし</rt><rp>）</rp></ruby>,"<p>中世末から近世初めなどに広まった、短い物語の作品群。</p><p><strong>ポイント</strong><br>文学の題材や受け手が広がる動きを考える。</p><p class=""related""><strong>関連語</strong><br>物語・庶民</p>",社会三年 科目::歴史 優先::S 単元::H10 学年::中1
茶の湯,"<p>茶を点てて客を迎える作法や、道具・空間などを含む文化。</p><p><strong>ポイント</strong><br>室町から桃山などへ変化しながら受け継がれた。</p><p class=""related""><strong>関連語</strong><br>わび茶・文化</p>",社会三年 科目::歴史 優先::S 単元::H10 学年::中1
ルネサンス,"<p>古代ギリシャ・ローマの文化を学び直し、人間の能力や現世を重視した文化の動き。</p><p><strong>ポイント</strong><br>14世紀ごろのイタリアから広まった。</p><p class=""related""><strong>関連語</strong><br>人文主義・美術</p>",社会三年 科目::歴史 優先::S 単元::H11 学年::中2
レオナルド・ダ・ヴィンチ,"<p>ルネサンス期の芸術家・研究者。絵画だけでなく科学や技術にも関心をもった。</p><p><strong>ポイント</strong><br>ミケランジェロらと同じ文化の時代に置く。</p><p class=""related""><strong>関連語</strong><br>ルネサンス・美術</p>",社会三年 科目::歴史 優先::S 単元::H11 学年::中2
宗教改革,"<p>16世紀に、カトリック教会を批判して信仰や教会のあり方を改めようとした動き。</p><p><strong>ポイント</strong><br>ルターやカルバンなどが関わった。</p><p class=""related""><strong>関連語</strong><br>プロテスタント・ルター</p>",社会三年 科目::歴史 優先::S 単元::H11 学年::中2
ルター,"<p>16世紀に教会を批判し、宗教改革を進めた人物。</p><p><strong>ポイント</strong><br>1517年の動きが代表的な節目。</p><p class=""related""><strong>関連語</strong><br>宗教改革・ドイツ</p>",社会三年 科目::歴史 優先::S 単元::H11 学年::中2
カトリック,"<p>ローマ教皇を中心とするキリスト教の教会・宗派。</p><p><strong>ポイント</strong><br>宗教改革後、教会内部の改革や海外布教も進めた。</p><p class=""related""><strong>関連語</strong><br>教皇・イエズス会</p>",社会三年 科目::歴史 優先::S 単元::H11 学年::中2
プロテスタント,"<p>宗教改革によってカトリックから分かれたキリスト教諸派の総称。</p><p><strong>ポイント</strong><br>一つの全く同じ教えの集団ではない。</p><p class=""related""><strong>関連語</strong><br>宗教改革・ルター</p>",社会三年 科目::歴史 優先::S 単元::H11 学年::中2
イエズス会,"<p>宗教改革期に結成されたカトリックの修道会。教育や海外布教を進めた。</p><p><strong>ポイント</strong><br>ザビエルの来日と結び付ける。</p><p class=""related""><strong>関連語</strong><br>カトリック・宣教師</p>",社会三年 科目::歴史 優先::S 単元::H11 学年::中2
活版印刷,"<p>文字の型を組み合わせ、多くの本などを印刷する技術。</p><p><strong>ポイント</strong><br>思想や知識が広がる速さと範囲を変えた。</p><p class=""related""><strong>関連語</strong><br>ルネサンス・宗教改革</p>",社会三年 科目::歴史 優先::A 単元::H11 学年::中2
大航海時代,"<p>15〜16世紀を中心に、ヨーロッパの人々が海を越えて交易や支配を広げた時代。</p><p><strong>ポイント</strong><br>先住民社会への侵略や奴隷貿易などの被害も学ぶ。</p><p class=""related""><strong>関連語</strong><br>交易・植民地</p>",社会三年 科目::歴史 優先::S 単元::H11 学年::中2
コロンブス,"<p>1492年に大西洋を渡り、カリブ海の島々に到達した航海者。</p><p><strong>ポイント</strong><br>そこにはすでに先住民が暮らしていた。</p><p class=""related""><strong>関連語</strong><br>スペイン・大航海時代</p>",社会三年 科目::歴史 優先::S 単元::H11 学年::中2
バスコ・ダ・ガマ,"<p>アフリカ南端を回り、1498年にインドへ到達したポルトガルの航海者。</p><p><strong>ポイント</strong><br>大西洋を横断したコロンブスと航路を区別する。</p><p class=""related""><strong>関連語</strong><br>インド航路・ポルトガル</p>",社会三年 科目::歴史 優先::S 単元::H11 学年::中2
マゼランの船団,"<p>西回りの航海を進め、1522年に世界一周を達成した船団。</p><p><strong>ポイント</strong><br>マゼラン本人は航海途中に死亡した。</p><p class=""related""><strong>関連語</strong><br>世界一周・大航海時代</p>",社会三年 科目::歴史 優先::S 単元::H11 学年::中2
大西洋奴隷貿易,"<p>アフリカの人々を奴隷としてアメリカなどへ運び、売買した取引。</p><p><strong>ポイント</strong><br>交易拡大の背後にある人権侵害と強制労働を捉える。</p><p class=""related""><strong>関連語</strong><br>植民地・プランテーション</p>",社会三年 科目::歴史 優先::A 単元::H11 学年::中2
鉄砲伝来,"<p>1543年、<ruby>種子島<rp>（</rp><rt>たねがしま</rt><rp>）</rp></ruby>に鉄砲が伝わったこと。</p><p><strong>ポイント</strong><br>国内で生産・普及し、戦い方に影響した。</p><p class=""related""><strong>関連語</strong><br>種子島・戦国時代</p>",社会三年 科目::歴史 優先::S 単元::H11 学年::中2
フランシスコ・ザビエル,"<p>1549年に来日し、キリスト教を伝えたイエズス会の宣教師。</p><p><strong>ポイント</strong><br>鉄砲伝来1543年と年代を区別する。</p><p class=""related""><strong>関連語</strong><br>キリスト教・鹿児島</p>",社会三年 科目::歴史 優先::S 単元::H11 学年::中2
キリシタン,"<p>日本で、主に近世初期のキリスト教徒を指す呼び名。</p><p><strong>ポイント</strong><br>大名や民衆にも信仰が広がった。</p><p class=""related""><strong>関連語</strong><br>キリスト教・禁教</p>",社会三年 科目::歴史 優先::S 単元::H11 学年::中2
南蛮貿易,"<p>16世紀以降、ポルトガル人・スペイン人などとの間で行われた貿易。</p><p><strong>ポイント</strong><br><ruby>生糸<rp>（</rp><rt>きいと</rt><rp>）</rp></ruby>などを輸入し、日本の銀などを輸出した。</p><p class=""related""><strong>関連語</strong><br>南蛮人・生糸・銀</p>",社会三年 科目::歴史 優先::S 単元::H11 学年::中2
大航海時代を複数の立場で見る方法,"<p>航海・交易の発展と、征服・強制労働・疫病などの被害を併せて考える。</p><p><strong>ポイント</strong><br>到達した側の成果だけで歴史を描かない。</p><p class=""related""><strong>関連語</strong><br>先住民・植民地支配</p>",社会三年 科目::歴史 優先::A 単元::H11 学年::中2
十字軍,"<p>中世ヨーロッパから、聖地などをめぐって西アジアへ送られた遠征軍。</p><p><strong>ポイント</strong><br>宗教・政治上の争いと、地域間交流の両面が関わる。</p><p class=""related""><strong>関連語</strong><br>中世ヨーロッパ・西アジア</p>",社会三年 科目::歴史 優先::S 単元::H11 学年::中2
香辛料,"<p>こしょうなど、食物の味や香りを整えるために用いる産品。</p><p><strong>ポイント</strong><br>ヨーロッパがアジアへの海路を求める経済的な背景の一つ。</p><p class=""related""><strong>関連語</strong><br>大航海時代・貿易</p>",社会三年 科目::歴史 優先::S 単元::H11 学年::中2
羅針盤,"<p>磁石の性質などを利用して方位を知る道具。</p><p><strong>ポイント</strong><br>航海は船・海図・観測など複数の技術に支えられた。</p><p class=""related""><strong>関連語</strong><br>航海技術・方位</p>",社会三年 科目::歴史 優先::S 単元::H11 学年::中2
海図,"<p>海岸・水深など、航海に必要な情報を示す地図。</p><p><strong>ポイント</strong><br>陸上の土地利用を中心とする地図とは目的が違う。</p><p class=""related""><strong>関連語</strong><br>船・航路</p>",社会三年 科目::歴史 優先::S 単元::H11 学年::中2
喜望峰,"<p>アフリカ南部の岬。ポルトガルがインドへの海路を開く際の経路に関わる。</p><p><strong>ポイント</strong><br>アフリカを回る航路と、大西洋を横断する航路を区別する。</p><p class=""related""><strong>関連語</strong><br>バスコ・ダ・ガマ・航海</p>",社会三年 科目::歴史 優先::S 単元::H11 学年::中2
<ruby>贖宥状<rp>（</rp><rt>しょくゆうじょう</rt><rp>）</rp></ruby>（免罪符）,"<p>罪に対する罰の軽減などに関わる文書。販売への批判は宗教改革の背景の一つ。</p><p><strong>ポイント</strong><br>何をしても無条件で罪がなくなる許可証と単純化しない。</p><p class=""related""><strong>関連語</strong><br>ルター・カトリック</p>",社会三年 科目::歴史 優先::S 単元::H11 学年::中2
カルバン,"<p>ルターなどと同じく、16世紀の宗教改革を進めた人物。</p><p><strong>ポイント</strong><br>プロテスタントは一つの全く同一の組織ではない。</p><p class=""related""><strong>関連語</strong><br>宗教改革・ヨーロッパ</p>",社会三年 科目::歴史 優先::S 単元::H11 学年::中2
アステカ王国,"<p>ヨーロッパ人の到来以前、現在のメキシコ地域に存在した国家。</p><p><strong>ポイント</strong><br>スペインの征服を、既存の社会への影響として考える。</p><p class=""related""><strong>関連語</strong><br>アメリカ・植民地化</p>",社会三年 科目::歴史 優先::S 単元::H11 学年::中2
インカ帝国,"<p>南アメリカのアンデス地域に広がった国家。</p><p><strong>ポイント</strong><br>ヨーロッパ人到来以前の社会と、征服による変化を学ぶ。</p><p class=""related""><strong>関連語</strong><br>アンデス・スペイン</p>",社会三年 科目::歴史 優先::S 単元::H11 学年::中2
銀を介した広域の交易,"<p>日本やアメリカなどの銀が、アジア・ヨーロッパを結ぶ取引に関わったこと。</p><p><strong>ポイント</strong><br>南蛮貿易を日本とヨーロッパだけの関係に限定しない。</p><p class=""related""><strong>関連語</strong><br>銀・<ruby>生糸<rp>（</rp><rt>きいと</rt><rp>）</rp></ruby>・中国</p>",社会三年 科目::歴史 優先::A 単元::H11 学年::中2
キリシタン大名,"<p>キリスト教を受け入れた戦国期などの大名。</p><p><strong>ポイント</strong><br>信仰の受容と、貿易・領国支配の関係を考える。</p><p class=""related""><strong>関連語</strong><br>南蛮貿易・宗教</p>",社会三年 科目::歴史 優先::S 単元::H11 学年::中2
<ruby>南蛮屏風<rp>（</rp><rt>なんばんびょうぶ</rt><rp>）</rp></ruby>,"<p>外国船や人々、交流の様子などを描いた屏風。</p><p><strong>ポイント</strong><br>当時の物や服装とともに、画家の見方を含む資料として読む。</p><p class=""related""><strong>関連語</strong><br>南蛮文化・絵画</p>",社会三年 科目::歴史 優先::S 単元::H11 学年::中2
<ruby>織田信長<rp>（</rp><rt>おだのぶなが</rt><rp>）</rp></ruby>,"<p>戦国大名から勢力を伸ばし、室町幕府を滅ぼして全国統一を進めた人物。</p><p><strong>ポイント</strong><br>楽市・楽座や安土城などと結び付ける。</p><p class=""related""><strong>関連語</strong><br>統一・商業政策</p>",社会三年 科目::歴史 優先::S 単元::H12 学年::中2
楽市・楽座,"<p>座などの特権を抑え、商工業や市場を活発にしようとした政策。</p><p><strong>ポイント</strong><br>全ての税や規制をなくしたという意味ではない。</p><p class=""related""><strong>関連語</strong><br><ruby>織田信長<rp>（</rp><rt>おだのぶなが</rt><rp>）</rp></ruby>・商業</p>",社会三年 科目::歴史 優先::S 単元::H12 学年::中2
長篠の戦い,"<p>1575年、織田・徳川軍が武田軍に勝った戦い。鉄砲の利用で知られる。</p><p><strong>ポイント</strong><br>戦術の細部を一つの伝説だけで断定しない。</p><p class=""related""><strong>関連語</strong><br>鉄砲・戦国時代</p>",社会三年 科目::歴史 優先::S 単元::H12 学年::中2
本能寺の変,"<p>1582年、<ruby>明智光秀<rp>（</rp><rt>あけちみつひで</rt><rp>）</rp></ruby>が<ruby>織田信長<rp>（</rp><rt>おだのぶなが</rt><rp>）</rp></ruby>を討った事件。</p><p><strong>ポイント</strong><br>その後に<ruby>豊臣秀吉<rp>（</rp><rt>とよとみひでよし</rt><rp>）</rp></ruby>が統一を進めた。</p><p class=""related""><strong>関連語</strong><br>織田信長・豊臣秀吉</p>",社会三年 科目::歴史 優先::S 単元::H12 学年::中2
<ruby>豊臣秀吉<rp>（</rp><rt>とよとみひでよし</rt><rp>）</rp></ruby>,"<p>信長の後に勢力を伸ばし、全国統一や<ruby>太閤検地<rp>（</rp><rt>たいこうけんち</rt><rp>）</rp></ruby>・刀狩を進めた人物。</p><p><strong>ポイント</strong><br>朝鮮侵略とその被害も学ぶ。</p><p class=""related""><strong>関連語</strong><br>統一・兵農分離</p>",社会三年 科目::歴史 優先::S 単元::H12 学年::中2
小田原攻め,"<p>1590年、秀吉が北条氏を倒した戦い。全国統一の重要な節目。</p><p><strong>ポイント</strong><br>鎌倉幕府の北条氏と同一の家として扱わない。</p><p class=""related""><strong>関連語</strong><br><ruby>豊臣秀吉<rp>（</rp><rt>とよとみひでよし</rt><rp>）</rp></ruby>・統一</p>",社会三年 科目::歴史 優先::S 単元::H12 学年::中2
<ruby>太閤検地<rp>（</rp><rt>たいこうけんち</rt><rp>）</rp></ruby>,"<p>秀吉が田畑の面積・収穫高などを調べ、石高や耕作者を把握した政策。</p><p><strong>ポイント</strong><br>土地と年貢を統一的な基準で管理しようとした。</p><p class=""related""><strong>関連語</strong><br>石高・検地帳</p>",社会三年 科目::歴史 優先::S 単元::H12 学年::中2
石高,"<p>土地の生産力などを、米の量に換算して表したもの。</p><p><strong>ポイント</strong><br>実際に全ての土地で米だけを作ったという意味ではない。</p><p class=""related""><strong>関連語</strong><br>検地・年貢</p>",社会三年 科目::歴史 優先::S 単元::H12 学年::中2
刀狩,"<p>1588年に秀吉が命じた、農民などから武器を取り上げる政策。</p><p><strong>ポイント</strong><br>反乱を抑え、兵農分離を進める目的があった。</p><p class=""related""><strong>関連語</strong><br><ruby>豊臣秀吉<rp>（</rp><rt>とよとみひでよし</rt><rp>）</rp></ruby>・兵農分離</p>",社会三年 科目::歴史 優先::S 単元::H12 学年::中2
兵農分離,"<p>武士と農民の身分や生活を分けていくこと。</p><p><strong>ポイント</strong><br>検地・刀狩・武士の城下町への集住などが関わった。</p><p class=""related""><strong>関連語</strong><br>武士・農民</p>",社会三年 科目::歴史 優先::S 単元::H12 学年::中2
朝鮮侵略,"<p>秀吉が1592年と1597年に朝鮮へ大軍を送り、戦争を起こしたこと。</p><p><strong>ポイント</strong><br>朝鮮の抵抗や明の援軍に直面し、多くの被害を生んだ。</p><p class=""related""><strong>関連語</strong><br>文禄・慶長の役</p>",社会三年 科目::歴史 優先::S 単元::H12 学年::中2
文禄・慶長の役,"<p>1592年・1597年の秀吉による朝鮮侵略を指す日本での呼び名。</p><p><strong>ポイント</strong><br>出来事の呼び名と、侵略・被害という内容を両方理解する。</p><p class=""related""><strong>関連語</strong><br>朝鮮侵略・<ruby>豊臣秀吉<rp>（</rp><rt>とよとみひでよし</rt><rp>）</rp></ruby></p>",社会三年 科目::歴史 優先::A 単元::H12 学年::中2
安土城,"<p><ruby>織田信長<rp>（</rp><rt>おだのぶなが</rt><rp>）</rp></ruby>が<ruby>琵琶湖<rp>（</rp><rt>びわこ</rt><rp>）</rp></ruby>の近くに築いた城。</p><p><strong>ポイント</strong><br>政治・軍事の拠点と権力の象徴という面がある。</p><p class=""related""><strong>関連語</strong><br>織田信長・<ruby>滋賀県<rp>（</rp><rt>しがけん</rt><rp>）</rp></ruby></p>",社会三年 科目::歴史 優先::S 単元::H12 学年::中2
城下町,"<p>大名の城を中心に、武士や商工業者などが集まった町。</p><p><strong>ポイント</strong><br>政治・軍事・商業の機能が結び付く。</p><p class=""related""><strong>関連語</strong><br>大名・都市</p>",社会三年 科目::歴史 優先::S 単元::H12 学年::中2
桃山文化,"<p>大きな城や豪華な障壁画などを特徴とする、安土桃山時代の文化。</p><p><strong>ポイント</strong><br>わび茶のように簡素さを重んじる文化も共存。</p><p class=""related""><strong>関連語</strong><br>城郭・<ruby>狩野永徳<rp>（</rp><rt>かのうえいとく</rt><rp>）</rp></ruby></p>",社会三年 科目::歴史 優先::S 単元::H12 学年::中2
<ruby>狩野永徳<rp>（</rp><rt>かのうえいとく</rt><rp>）</rp></ruby>,"<p>安土桃山時代に活躍し、豪華で力強い障壁画などを描いた画家。</p><p><strong>ポイント</strong><br><ruby>雪舟<rp>（</rp><rt>せっしゅう</rt><rp>）</rp></ruby>の水墨画と時代・表現を比較する。</p><p class=""related""><strong>関連語</strong><br>桃山文化・障壁画</p>",社会三年 科目::歴史 優先::S 単元::H12 学年::中2
<ruby>千利休<rp>（</rp><rt>せんのりきゅう</rt><rp>）</rp></ruby>,"<p>簡素さや静けさを重んじるわび茶を大成した茶人。</p><p><strong>ポイント</strong><br>豪華な城や障壁画と同じ時代に活動した。</p><p class=""related""><strong>関連語</strong><br>茶の湯・わび茶</p>",社会三年 科目::歴史 優先::S 単元::H12 学年::中2
南蛮文化,"<p>ポルトガル・スペインなどとの交流から、日本に伝わった生活・美術などの文化。</p><p><strong>ポイント</strong><br><ruby>南蛮屏風<rp>（</rp><rt>なんばんびょうぶ</rt><rp>）</rp></ruby>や衣食などに交流の影響が見られる。</p><p class=""related""><strong>関連語</strong><br>南蛮貿易・交流</p>",社会三年 科目::歴史 優先::A 単元::H12 学年::中2
<ruby>足利義昭<rp>（</rp><rt>あしかがよしあき</rt><rp>）</rp></ruby>,"<p>室町幕府の最後の将軍。1573年に信長によって京都から追放された。</p><p><strong>ポイント</strong><br>幕府の滅亡と信長の統一事業を結び付ける。</p><p class=""related""><strong>関連語</strong><br>室町幕府・<ruby>織田信長<rp>（</rp><rt>おだのぶなが</rt><rp>）</rp></ruby></p>",社会三年 科目::歴史 優先::S 単元::H12 学年::中2
石山本願寺,"<p>信長と対立した、本願寺の拠点。</p><p><strong>ポイント</strong><br>宗教勢力が土地や人々を支配する政治力ももっていたことを考える。</p><p class=""related""><strong>関連語</strong><br><ruby>一向一揆<rp>（</rp><rt>いっこういっき</rt><rp>）</rp></ruby>・統一</p>",社会三年 科目::歴史 優先::S 単元::H12 学年::中2
関所,"<p>交通の要所に設け、人や物の通行を調べたり、通行に負担を課したりする施設。</p><p><strong>ポイント</strong><br>時代により目的や運用が異なる。信長の撤廃策は流通に関わった。</p><p class=""related""><strong>関連語</strong><br>交通・商業政策</p>",社会三年 科目::歴史 優先::S 単元::H12 学年::中2
<ruby>明智光秀<rp>（</rp><rt>あけちみつひで</rt><rp>）</rp></ruby>,"<p>1582年の本能寺の変で信長を討った武将。</p><p><strong>ポイント</strong><br>その後に秀吉が統一を進めた時系列を押さえる。</p><p class=""related""><strong>関連語</strong><br>本能寺の変・<ruby>豊臣秀吉<rp>（</rp><rt>とよとみひでよし</rt><rp>）</rp></ruby></p>",社会三年 科目::歴史 優先::S 単元::H12 学年::中2
<ruby>太閤<rp>（</rp><rt>たいこう</rt><rp>）</rp></ruby>,"<p><ruby>関白<rp>（</rp><rt>かんぱく</rt><rp>）</rp></ruby>を退いた人の称号。秀吉を指す場合にも用いられる。</p><p><strong>ポイント</strong><br><ruby>太閤検地<rp>（</rp><rt>たいこうけんち</rt><rp>）</rp></ruby>の名称と、朝廷の地位の利用を結び付ける。</p><p class=""related""><strong>関連語</strong><br>関白・<ruby>豊臣秀吉<rp>（</rp><rt>とよとみひでよし</rt><rp>）</rp></ruby></p>",社会三年 科目::歴史 優先::S 単元::H12 学年::中2
検地帳,"<p>検地の結果として、土地の面積・等級・石高・耕作者などを記した帳簿。</p><p><strong>ポイント</strong><br>土地の支配や年貢を具体的な記録で管理する。</p><p class=""related""><strong>関連語</strong><br><ruby>太閤検地<rp>（</rp><rt>たいこうけんち</rt><rp>）</rp></ruby>・土地</p>",社会三年 科目::歴史 優先::S 単元::H12 学年::中2
石高と土地面積の違い,"<p>石高は土地の生産力の評価で、土地の広さそのものではない。</p><p><strong>ポイント</strong><br>同じ面積でも評価が違えば石高は異なる。</p><p class=""related""><strong>関連語</strong><br>検地・年貢</p>",社会三年 科目::歴史 優先::A 単元::H12 学年::中2
石高と年貢量の違い,"<p>石高は生産力を米へ換算した評価、年貢量は実際に納める量。</p><p><strong>ポイント</strong><br>石高の全てを年貢として取り上げるという意味ではない。</p><p class=""related""><strong>関連語</strong><br>土地制度・税</p>",社会三年 科目::歴史 優先::A 単元::H12 学年::中2
土地・武器・身分の統制,"<p>検地・刀狩などを組み合わせ、人々の役割や負担を国家の支配へ組み込むこと。</p><p><strong>ポイント</strong><br>一つの政策だけで兵農分離が一度に完成したとは考えない。</p><p class=""related""><strong>関連語</strong><br>豊臣政権・統一</p>",社会三年 科目::歴史 優先::A 単元::H12 学年::中2
バテレン追放令,"<p>1587年に秀吉が出した、キリスト教の宣教師の退去などを求める命令。</p><p><strong>ポイント</strong><br>布教の制限と、貿易をすべて禁止することは別。</p><p class=""related""><strong>関連語</strong><br>キリスト教・対外政策</p>",社会三年 科目::歴史 優先::S 単元::H12 学年::中2
障壁画,"<p>ふすまや壁など、建物の室内を飾る絵画。</p><p><strong>ポイント</strong><br>桃山文化では権力者の城や大きな空間と関係する。</p><p class=""related""><strong>関連語</strong><br><ruby>狩野永徳<rp>（</rp><rt>かのうえいとく</rt><rp>）</rp></ruby>・城郭</p>",社会三年 科目::歴史 優先::S 単元::H12 学年::中2
安土桃山時代,"<p><ruby>織田信長<rp>（</rp><rt>おだのぶなが</rt><rp>）</rp></ruby>・<ruby>豊臣秀吉<rp>（</rp><rt>とよとみひでよし</rt><rp>）</rp></ruby>らが統一を進めた16世紀後半を中心とする時代の呼び名。</p><p><strong>ポイント</strong><br>統一の政治と、土地制度・文化の変化を結び付ける。</p><p class=""related""><strong>関連語</strong><br>全国統一・近世</p>",社会三年 科目::歴史 優先::S 単元::H12 学年::中2
<ruby>徳川家康<rp>（</rp><rt>とくがわいえやす</rt><rp>）</rp></ruby>,"<p>関ヶ原の戦いに勝ち、1603年に江戸幕府を開いた人物。</p><p><strong>ポイント</strong><br>全国統一後の秩序を制度化していった。</p><p class=""related""><strong>関連語</strong><br>関ヶ原の戦い・江戸幕府</p>",社会三年 科目::歴史 優先::S 単元::H13 学年::中2
関ヶ原の戦い,"<p>1600年、<ruby>徳川家康<rp>（</rp><rt>とくがわいえやす</rt><rp>）</rp></ruby>の率いる東軍が西軍に勝った戦い。</p><p><strong>ポイント</strong><br>家康が全国の大名配置を進める重要な節目。</p><p class=""related""><strong>関連語</strong><br>徳川家康・<ruby>岐阜県<rp>（</rp><rt>ぎふけん</rt><rp>）</rp></ruby></p>",社会三年 科目::歴史 優先::S 単元::H13 学年::中2
江戸幕府,"<p>1603年に<ruby>徳川家康<rp>（</rp><rt>とくがわいえやす</rt><rp>）</rp></ruby>が開き、徳川氏が将軍を務めた武家政権。</p><p><strong>ポイント</strong><br>幕府と各藩が役割を分けて全国を支配した。</p><p class=""related""><strong>関連語</strong><br>徳川氏・幕藩体制</p>",社会三年 科目::歴史 優先::S 単元::H13 学年::中2
大坂の陣,"<p>1614〜1615年の戦い。徳川氏が豊臣氏を滅ぼした。</p><p><strong>ポイント</strong><br>江戸幕府成立1603年より後。</p><p class=""related""><strong>関連語</strong><br>豊臣氏・徳川氏</p>",社会三年 科目::歴史 優先::S 単元::H13 学年::中2
大名,"<p>江戸時代には、原則として1万石以上の領地をもつ武士。</p><p><strong>ポイント</strong><br>親藩・譜代・外様に分けられた。</p><p class=""related""><strong>関連語</strong><br>藩・石高</p>",社会三年 科目::歴史 優先::S 単元::H13 学年::中2
藩,"<p>大名が治める領地と、その支配の仕組み。</p><p><strong>ポイント</strong><br>現在の都道府県と同じ境界ではない。</p><p class=""related""><strong>関連語</strong><br>大名・幕藩体制</p>",社会三年 科目::歴史 優先::S 単元::H13 学年::中2
幕藩体制,"<p>幕府と藩が全国の土地や人々を支配する体制。</p><p><strong>ポイント</strong><br>幕府が全国の村を全て直接治めたわけではない。</p><p class=""related""><strong>関連語</strong><br>幕府・藩</p>",社会三年 科目::歴史 優先::S 単元::H13 学年::中2
幕領,"<p>江戸幕府が直接支配した土地。</p><p><strong>ポイント</strong><br>大名の領地と区別する。</p><p class=""related""><strong>関連語</strong><br>代官・江戸幕府</p>",社会三年 科目::歴史 優先::S 単元::H13 学年::中2
親藩,"<p>徳川氏の一族に当たる大名。</p><p><strong>ポイント</strong><br>徳川氏との関係による大名の区分。</p><p class=""related""><strong>関連語</strong><br><ruby>譜代大名<rp>（</rp><rt>ふだいだいみょう</rt><rp>）</rp></ruby>・<ruby>外様大名<rp>（</rp><rt>とざまだいみょう</rt><rp>）</rp></ruby></p>",社会三年 科目::歴史 優先::S 単元::H13 学年::中2
<ruby>譜代大名<rp>（</rp><rt>ふだいだいみょう</rt><rp>）</rp></ruby>,"<p>関ヶ原の戦い以前から、徳川氏に従ってきた家臣の大名。</p><p><strong>ポイント</strong><br>幕府の重要な役職に就く大名が多かった。</p><p class=""related""><strong>関連語</strong><br>徳川氏・親藩</p>",社会三年 科目::歴史 優先::S 単元::H13 学年::中2
<ruby>外様大名<rp>（</rp><rt>とざまだいみょう</rt><rp>）</rp></ruby>,"<p>関ヶ原の戦い前後から徳川氏に従った大名。</p><p><strong>ポイント</strong><br>大きな領地をもつ大名もいたが、幕府の要職からは原則として遠ざけられた。</p><p class=""related""><strong>関連語</strong><br>大名配置・<ruby>譜代大名<rp>（</rp><rt>ふだいだいみょう</rt><rp>）</rp></ruby></p>",社会三年 科目::歴史 優先::S 単元::H13 学年::中2
<ruby>武家諸法度<rp>（</rp><rt>ぶけしょはっと</rt><rp>）</rp></ruby>,"<p>江戸幕府が大名の行動を規制するために定めた法。</p><p><strong>ポイント</strong><br>城の修築や婚姻などにも規制を設けた。</p><p class=""related""><strong>関連語</strong><br>大名統制・<ruby>参勤交代<rp>（</rp><rt>さんきんこうたい</rt><rp>）</rp></ruby></p>",社会三年 科目::歴史 優先::S 単元::H13 学年::中2
<ruby>参勤交代<rp>（</rp><rt>さんきんこうたい</rt><rp>）</rp></ruby>,"<p>大名が江戸と領国を交代で往復し、将軍に仕える制度。</p><p><strong>ポイント</strong><br>1635年に制度化。妻子は江戸に住み、往復や滞在の負担があった。</p><p class=""related""><strong>関連語</strong><br><ruby>徳川家光<rp>（</rp><rt>とくがわいえみつ</rt><rp>）</rp></ruby>・大名</p>",社会三年 科目::歴史 優先::S 単元::H13 学年::中2
<ruby>徳川家光<rp>（</rp><rt>とくがわいえみつ</rt><rp>）</rp></ruby>,"<p>江戸幕府の3代将軍。<ruby>参勤交代<rp>（</rp><rt>さんきんこうたい</rt><rp>）</rp></ruby>の制度化など、支配体制を整えた。</p><p><strong>ポイント</strong><br>家康は初代、吉宗は8代。</p><p class=""related""><strong>関連語</strong><br>参勤交代・対外統制</p>",社会三年 科目::歴史 優先::S 単元::H13 学年::中2
<ruby>禁中並公家諸法度<rp>（</rp><rt>きんちゅうならびにくげしょはっと</rt><rp>）</rp></ruby>,"<p>1615年に定められた、天皇・公家の行動などを規制する法。</p><p><strong>ポイント</strong><br>大名を対象とする<ruby>武家諸法度<rp>（</rp><rt>ぶけしょはっと</rt><rp>）</rp></ruby>と区別する。</p><p class=""related""><strong>関連語</strong><br>朝廷・幕府</p>",社会三年 科目::歴史 優先::S 単元::H13 学年::中2
<ruby>百姓<rp>（</rp><rt>ひゃくしょう</rt><rp>）</rp></ruby>,"<p>江戸時代の村に住み、農業などを営んだ人々の身分。</p><p><strong>ポイント</strong><br>漁業・林業・商工業などを兼ねる人もいた。</p><p class=""related""><strong>関連語</strong><br>村・年貢</p>",社会三年 科目::歴史 優先::S 単元::H13 学年::中2
町人,"<p>江戸時代の町に住む商人・職人などを中心とする身分。</p><p><strong>ポイント</strong><br>経済力があることと、政治上の身分は同じではなかった。</p><p class=""related""><strong>関連語</strong><br>商業・職人</p>",社会三年 科目::歴史 優先::S 単元::H13 学年::中2
江戸時代の身分を理解する注意点,"<p>武士・<ruby>百姓<rp>（</rp><rt>ひゃくしょう</rt><rp>）</rp></ruby>・町人のほかにも身分があり、全てを士農工商の四段階だけで説明しない。</p><p><strong>ポイント</strong><br>仕事や生活の実態、差別の問題を具体的に考える。</p><p class=""related""><strong>関連語</strong><br>身分制度・差別</p>",社会三年 科目::歴史 優先::A 単元::H13 学年::中2
老中,"<p>江戸幕府で将軍を補佐し、重要な政務を担った役職。</p><p><strong>ポイント</strong><br>大名などとの関係や幕府の政治の分担を考える。</p><p class=""related""><strong>関連語</strong><br>江戸幕府・政治</p>",社会三年 科目::歴史 優先::S 単元::H13 学年::中2
<ruby>若年寄<rp>（</rp><rt>わかどしより</rt><rp>）</rp></ruby>,"<p>江戸幕府で旗本・<ruby>御家人<rp>（</rp><rt>ごけにん</rt><rp>）</rp></ruby>の統制などを担当した役職。</p><p><strong>ポイント</strong><br>老中や各奉行などと仕事を分担した。</p><p class=""related""><strong>関連語</strong><br>幕臣・役職</p>",社会三年 科目::歴史 優先::S 単元::H13 学年::中2
旗本,"<p>江戸時代の将軍直属の家臣のうち、知行1万石未満で、通常は将軍への直接の拝謁資格をもつ者。</p><p><strong>ポイント</strong><br>大名や江戸時代の<ruby>御家人<rp>（</rp><rt>ごけにん</rt><rp>）</rp></ruby>との違いを確認する。</p><p class=""related""><strong>関連語</strong><br>幕臣・身分</p>",社会三年 科目::歴史 優先::S 単元::H13 学年::中2
鎌倉と江戸の<ruby>御家人<rp>（</rp><rt>ごけにん</rt><rp>）</rp></ruby>,"<p>鎌倉では将軍との主従関係に入った武士、江戸では将軍直属の家臣の一身分を指す。</p><p><strong>ポイント</strong><br>同じ言葉でも時代によって範囲が違う。</p><p class=""related""><strong>関連語</strong><br>武士・将軍</p>",社会三年 科目::歴史 優先::A 単元::H13 学年::中2
町奉行,"<p>江戸などの町の行政・司法・警察などを担った幕府の役職。</p><p><strong>ポイント</strong><br>現代の行政・司法の区分と同じではない。</p><p class=""related""><strong>関連語</strong><br>都市支配・幕府</p>",社会三年 科目::歴史 優先::S 単元::H13 学年::中2
勘定奉行,"<p>江戸幕府の財政や幕領の支配などを担った役職。</p><p><strong>ポイント</strong><br>国の予算を決める現代の国会とは制度が異なる。</p><p class=""related""><strong>関連語</strong><br>年貢・財政</p>",社会三年 科目::歴史 優先::S 単元::H13 学年::中2
寺社奉行,"<p>寺院・神社などに関する仕事を扱った江戸幕府の役職。</p><p><strong>ポイント</strong><br>町奉行・勘定奉行との担当の違いを整理する。</p><p class=""related""><strong>関連語</strong><br>寺社・幕府</p>",社会三年 科目::歴史 優先::S 単元::H13 学年::中2
代官,"<p>領主に代わって、土地や年貢などの管理を行う役人。江戸の幕領にも置かれた。</p><p><strong>ポイント</strong><br>藩の領地を全て同じ幕府代官が直接治めたわけではない。</p><p class=""related""><strong>関連語</strong><br>幕領・地方支配</p>",社会三年 科目::歴史 優先::S 単元::H13 学年::中2
一国一城令,"<p>1615年、城を整理・制限し、大名の軍事拠点を統制した命令。</p><p><strong>ポイント</strong><br><ruby>武家諸法度<rp>（</rp><rt>ぶけしょはっと</rt><rp>）</rp></ruby>などとともに大名支配を考える。</p><p class=""related""><strong>関連語</strong><br>城・江戸幕府</p>",社会三年 科目::歴史 優先::S 単元::H13 学年::中2
<ruby>改易<rp>（</rp><rt>かいえき</rt><rp>）</rp></ruby>,"<p>大名などの地位や領地を取り上げる処分。</p><p><strong>ポイント</strong><br>配下の家臣や城下町にも影響が及ぶ。</p><p class=""related""><strong>関連語</strong><br>大名統制・幕府</p>",社会三年 科目::歴史 優先::S 単元::H13 学年::中2
浪人,"<p>主君を失うなどして、特定の主君に仕えていない武士。</p><p><strong>ポイント</strong><br>学習・受験の場面で使う現在の意味とは異なる。</p><p class=""related""><strong>関連語</strong><br>武士・身分</p>",社会三年 科目::歴史 優先::S 単元::H13 学年::中2
身分と経済力の違い,"<p>政治上の身分の高さと、財産や収入の大きさは必ず一致しない。</p><p><strong>ポイント</strong><br>富裕な町人や困窮する武士などもいた。</p><p class=""related""><strong>関連語</strong><br>江戸社会・貨幣経済</p>",社会三年 科目::歴史 優先::A 単元::H13 学年::中2
<ruby>朱印船貿易<rp>（</rp><rt>しゅいんせんぼうえき</rt><rp>）</rp></ruby>,"<p>朱印状という許可証をもつ船が、東南アジアなどへ渡って行った貿易。</p><p><strong>ポイント</strong><br>江戸時代初めの対外交流の広がりを示す。</p><p class=""related""><strong>関連語</strong><br>朱印状・日本町</p>",社会三年 科目::歴史 優先::S 単元::H14 学年::中2
日本町,"<p>近世初め、東南アジアなどにできた日本人の居住地区。</p><p><strong>ポイント</strong><br><ruby>朱印船貿易<rp>（</rp><rt>しゅいんせんぼうえき</rt><rp>）</rp></ruby>や海外への移住と結び付く。</p><p class=""related""><strong>関連語</strong><br>東南アジア・交易</p>",社会三年 科目::歴史 優先::S 単元::H14 学年::中2
禁教,"<p>特定の宗教の信仰や布教を禁止すること。江戸幕府はキリスト教を厳しく禁じた。</p><p><strong>ポイント</strong><br>当時の支配と信仰の関係を考える。</p><p class=""related""><strong>関連語</strong><br>キリシタン・対外統制</p>",社会三年 科目::歴史 優先::S 単元::H14 学年::中2
島原・天草一揆,"<p>1637〜1638年、重税やキリスト教への迫害などを背景に起こった一揆。</p><p><strong>ポイント</strong><br>幕府は大軍を送り、厳しく鎮圧した。</p><p class=""related""><strong>関連語</strong><br>禁教・年貢</p>",社会三年 科目::歴史 優先::S 単元::H14 学年::中2
鎖国,"<p>江戸幕府が海外渡航や来航・貿易などを厳しく管理した体制の、後世の呼び名。</p><p><strong>ポイント</strong><br>外国との交流が全くなかったわけではない。</p><p class=""related""><strong>関連語</strong><br>四つの窓口・貿易管理</p>",社会三年 科目::歴史 優先::S 単元::H14 学年::中2
出島,"<p>長崎に造られた人工の島。1641年からオランダ商館が置かれた。</p><p><strong>ポイント</strong><br>中国人の居住地と混同しない。</p><p class=""related""><strong>関連語</strong><br>長崎・オランダ</p>",社会三年 科目::歴史 優先::S 単元::H14 学年::中2
唐人屋敷,"<p>長崎で中国人の居住などを管理するため、1689年に設けられた施設。</p><p><strong>ポイント</strong><br>オランダ人の出島とは別。</p><p class=""related""><strong>関連語</strong><br>長崎・中国</p>",社会三年 科目::歴史 優先::S 単元::H14 学年::中2
<ruby>対馬藩<rp>（</rp><rt>つしまはん</rt><rp>）</rp></ruby>,"<p>宗氏が治め、朝鮮との外交・貿易を仲介した藩。</p><p><strong>ポイント</strong><br>位置と相手国を組にする。</p><p class=""related""><strong>関連語</strong><br>朝鮮通信使・宗氏</p>",社会三年 科目::歴史 優先::S 単元::H14 学年::中2
朝鮮通信使,"<p>江戸時代などに朝鮮から日本へ送られた外交使節。</p><p><strong>ポイント</strong><br>将軍の代替わりなどを機に来日し、文化交流も行った。</p><p class=""related""><strong>関連語</strong><br><ruby>対馬藩<rp>（</rp><rt>つしまはん</rt><rp>）</rp></ruby>・日朝関係</p>",社会三年 科目::歴史 優先::S 単元::H14 学年::中2
<ruby>薩摩藩<rp>（</rp><rt>さつまはん</rt><rp>）</rp></ruby>,"<p>島津氏が治めた南九州の藩。琉球を支配下に置き、その交易にも関わった。</p><p><strong>ポイント</strong><br>1609年に琉球へ侵攻した。</p><p class=""related""><strong>関連語</strong><br><ruby>琉球王国<rp>（</rp><rt>りゅうきゅうおうこく</rt><rp>）</rp></ruby>・島津氏</p>",社会三年 科目::歴史 優先::S 単元::H14 学年::中2
<ruby>松前藩<rp>（</rp><rt>まつまえはん</rt><rp>）</rp></ruby>,"<p>蝦夷地南部を拠点に、アイヌの人々との交易などを管理した藩。</p><p><strong>ポイント</strong><br>藩の境界だけでアイヌの暮らしの範囲を説明しない。</p><p class=""related""><strong>関連語</strong><br><ruby>蝦夷地<rp>（</rp><rt>えぞち</rt><rp>）</rp></ruby>・交易</p>",社会三年 科目::歴史 優先::S 単元::H14 学年::中2
シャクシャインの戦い,"<p>1669年、交易をめぐる不満などを背景に、アイヌの人々が和人側に対して起こした戦い。</p><p><strong>ポイント</strong><br>1457年のコシャマインの戦いとは異なる。</p><p class=""related""><strong>関連語</strong><br>アイヌ・<ruby>松前藩<rp>（</rp><rt>まつまえはん</rt><rp>）</rp></ruby></p>",社会三年 科目::歴史 優先::S 単元::H14 学年::中2
江戸の四つの窓口,"<p>長崎・対馬・薩摩・松前を通じて、貿易や外交・交易が行われた。</p><p><strong>ポイント</strong><br>相手は順に主にオランダ・中国、朝鮮、琉球、アイヌの人々。</p><p class=""related""><strong>関連語</strong><br>鎖国・対外関係</p>",社会三年 科目::歴史 優先::A 単元::H14 学年::中2
清,"<p>17世紀に明に代わって中国を広く支配した王朝。</p><p><strong>ポイント</strong><br>古代の<ruby>秦<rp>（</rp><rt>しん</rt><rp>）</rp></ruby>とは漢字も時代も異なる。</p><p class=""related""><strong>関連語</strong><br>東アジア・アヘン戦争</p>",社会三年 科目::歴史 優先::S 単元::H14 学年::中2
幕府が海外情報を得た方法,"<p>オランダや中国との貿易などを通じ、海外情勢の報告を得た。</p><p><strong>ポイント</strong><br>鎖国でも情報が全く入らなかったわけではない。</p><p class=""related""><strong>関連語</strong><br>長崎・外交</p>",社会三年 科目::歴史 優先::A 単元::H14 学年::中2
鎖国を段階的に理解する方法,"<p>渡航制限、禁教、来航禁止、商館の移転など、複数の措置を区別する。</p><p><strong>ポイント</strong><br>1639年はポルトガル船の来航禁止の年で、全ての措置が同時に完成した年ではない。</p><p class=""related""><strong>関連語</strong><br>1639年・1641年</p>",社会三年 科目::歴史 優先::A 単元::H14 学年::中2
<ruby>寺請制度<rp>（</rp><rt>てらうけせいど</rt><rp>）</rp></ruby>,"<p>人々が寺院との関係を通じ、キリスト教徒でないことなどを証明する仕組み。</p><p><strong>ポイント</strong><br>信仰の統制と人口・家の把握に関わった。</p><p class=""related""><strong>関連語</strong><br>禁教・江戸</p>",社会三年 科目::歴史 優先::S 単元::H14 学年::中2
<ruby>宗門改帳<rp>（</rp><rt>しゅうもんあらためちょう</rt><rp>）</rp></ruby>,"<p>人々の宗教上の所属や家族などの情報を記した帳簿。</p><p><strong>ポイント</strong><br>地域や時期で内容は異なるが、人口を調べる史料にもなる。</p><p class=""related""><strong>関連語</strong><br><ruby>寺請制度<rp>（</rp><rt>てらうけせいど</rt><rp>）</rp></ruby>・史料</p>",社会三年 科目::歴史 優先::S 単元::H14 学年::中2
絵踏と踏絵,"<p>絵踏は像を踏ませて信仰を調べる行為、踏絵はそのために用いる板や像。</p><p><strong>ポイント</strong><br>全国で一律に同じ運用だったと考えない。</p><p class=""related""><strong>関連語</strong><br>禁教・宗門改め</p>",社会三年 科目::歴史 優先::S 単元::H14 学年::中2
長崎奉行,"<p>幕府の直轄都市長崎で、統治や海外貿易などを担当した役職。</p><p><strong>ポイント</strong><br>出島や中国との貿易を管理する側の仕事を考える。</p><p class=""related""><strong>関連語</strong><br>幕府・長崎</p>",社会三年 科目::歴史 優先::S 単元::H14 学年::中2
<ruby>通詞<rp>（</rp><rt>つうじ</rt><rp>）</rp></ruby>,"<p>長崎などで、外国語の通訳や翻訳を担った人々。</p><p><strong>ポイント</strong><br>貿易交渉や情報・知識の伝達を支えた。</p><p class=""related""><strong>関連語</strong><br>オランダ語・中国語</p>",社会三年 科目::歴史 優先::S 単元::H14 学年::中2
カピタン,"<p>長崎のオランダ商館長の呼び名。</p><p><strong>ポイント</strong><br>商館の活動や江戸参府などを通じ、幕府との関係を維持した。</p><p class=""related""><strong>関連語</strong><br>出島・日蘭関係</p>",社会三年 科目::歴史 優先::S 単元::H14 学年::中2
江戸参府,"<p>オランダ商館長らが江戸へ赴き、将軍へ拝謁するなどしたこと。</p><p><strong>ポイント</strong><br>外国人との交流が出島の内部だけに完全に限られたわけではない。</p><p class=""related""><strong>関連語</strong><br>カピタン・幕府</p>",社会三年 科目::歴史 優先::S 単元::H14 学年::中2
長崎貿易と国内流通,"<p>海外から入った品物や知識が、街道や船、商人などを通じ国内へ広がる関係。</p><p><strong>ポイント</strong><br>貿易の窓口の限定と、国内への影響の範囲を区別する。</p><p class=""related""><strong>関連語</strong><br>砂糖・<ruby>生糸<rp>（</rp><rt>きいと</rt><rp>）</rp></ruby>・書物</p>",社会三年 科目::歴史 優先::A 単元::H14 学年::中2
長崎街道,"<p>長崎と小倉方面を結び、人や物が行き来した街道。</p><p><strong>ポイント</strong><br>外国との交易と国内の食文化などが結び付く経路。</p><p class=""related""><strong>関連語</strong><br>砂糖・交通</p>",社会三年 科目::歴史 優先::S 単元::H14 学年::中2
琉球の複数の対外関係,"<p>薩摩の支配下にありながら、中国との関係なども続けた琉球の立場。</p><p><strong>ポイント</strong><br>四つの窓口を全て同じ政治関係として扱わない。</p><p class=""related""><strong>関連語</strong><br>琉球・薩摩・中国</p>",社会三年 科目::歴史 優先::A 単元::H14 学年::中2
交易の管理と取引条件,"<p>誰が取引を認め、価格や数量を決めるかという制度上の条件。</p><p><strong>ポイント</strong><br>交流があることだけで対等な取引と判断しない。</p><p class=""related""><strong>関連語</strong><br>松前・アイヌ・商人</p>",社会三年 科目::歴史 優先::A 単元::H14 学年::中2
禁止・許可・監督の区別,"<p>何を禁じ、何を認め、それを誰が管理するかを分けて制度を説明すること。</p><p><strong>ポイント</strong><br>鎖国を外国との完全な断絶と理解しないための観点。</p><p class=""related""><strong>関連語</strong><br>対外統制・幕府</p>",社会三年 科目::歴史 優先::A 単元::H14 学年::中2
新田開発,"<p>荒れ地の開墾や<ruby>干拓<rp>（</rp><rt>かんたく</rt><rp>）</rp></ruby>などによって、新しい農地をつくること。</p><p><strong>ポイント</strong><br>幕府や藩、村人、商人などが関わり、耕地が広がった。</p><p class=""related""><strong>関連語</strong><br>農業・年貢</p>",社会三年 科目::歴史 優先::S 単元::H15 学年::中2
<ruby>備中ぐわ<rp>（</rp><rt>びっちゅうぐわ</rt><rp>）</rp></ruby>,"<p>複数の歯をもち、田畑を深く耕すことに適した農具。</p><p><strong>ポイント</strong><br>脱穀に使う<ruby>千歯こき<rp>（</rp><rt>せんばこき</rt><rp>）</rp></ruby>とは用途が異なる。</p><p class=""related""><strong>関連語</strong><br>農具・耕作</p>",社会三年 科目::歴史 優先::S 単元::H15 学年::中2
<ruby>千歯こき<rp>（</rp><rt>せんばこき</rt><rp>）</rp></ruby>,"<p>多くの歯の間に稲の穂などを通し、もみを取る農具。</p><p><strong>ポイント</strong><br>脱穀を効率化した。</p><p class=""related""><strong>関連語</strong><br>農具・稲作</p>",社会三年 科目::歴史 優先::S 単元::H15 学年::中2
<ruby>干鰯<rp>（</rp><rt>ほしか</rt><rp>）</rp></ruby>,"<p>いわしを干して作った肥料。江戸時代の商品作物栽培などに利用された。</p><p><strong>ポイント</strong><br>漁業と農業が売買を通じて結び付く例。</p><p class=""related""><strong>関連語</strong><br>金肥・農業</p>",社会三年 科目::歴史 優先::S 単元::H15 学年::中2
商品作物,"<p>主に販売するために栽培する作物。</p><p><strong>ポイント</strong><br>江戸時代には綿・菜種・藍などが広がった。</p><p class=""related""><strong>関連語</strong><br>貨幣経済・手工業</p>",社会三年 科目::歴史 優先::S 単元::H15 学年::中2
村請制,"<p>村が単位となって、年貢をまとめて納める仕組み。</p><p><strong>ポイント</strong><br>一人の負担や未納が村全体の問題にもなった。</p><p class=""related""><strong>関連語</strong><br>村役人・年貢</p>",社会三年 科目::歴史 優先::S 単元::H15 学年::中2
五人組,"<p>近隣の家々を組にして、年貢納入や治安などに連帯責任を負わせた仕組み。</p><p><strong>ポイント</strong><br>現在の任意の友人グループとは異なる。</p><p class=""related""><strong>関連語</strong><br>村・支配</p>",社会三年 科目::歴史 優先::S 単元::H15 学年::中2
五街道,"<p>江戸を起点とする東海道・中山道・甲州道中・日光道中・奥州道中。</p><p><strong>ポイント</strong><br>宿場を設け、人馬の継ぎ立てなどを行った。</p><p class=""related""><strong>関連語</strong><br>江戸・宿場</p>",社会三年 科目::歴史 優先::S 単元::H15 学年::中2
宿場,"<p>街道沿いで、旅人の宿泊や人馬の継ぎ立てなどを担った町。</p><p><strong>ポイント</strong><br><ruby>参勤交代<rp>（</rp><rt>さんきんこうたい</rt><rp>）</rp></ruby>や旅行・輸送を支えた。</p><p class=""related""><strong>関連語</strong><br>五街道・交通</p>",社会三年 科目::歴史 優先::S 単元::H15 学年::中2
東廻り航路・西廻り航路,"<p>東北などの産物を、太平洋側や日本海・瀬戸内側を通って江戸・大阪などへ運ぶ航路。</p><p><strong>ポイント</strong><br>大量の米や商品を運ぶ海上交通が発達した。</p><p class=""related""><strong>関連語</strong><br>廻船・大阪</p>",社会三年 科目::歴史 優先::S 単元::H15 学年::中2
<ruby>北前船<rp>（</rp><rt>きたまえぶね</rt><rp>）</rp></ruby>,"<p>日本海などを行き来し、各地で商品を売買した商船。</p><p><strong>ポイント</strong><br>運賃を得るだけでなく、商品売買でも利益を得た。</p><p class=""related""><strong>関連語</strong><br>海上交通・地域間交易</p>",社会三年 科目::歴史 優先::S 単元::H15 学年::中2
<ruby>蔵屋敷<rp>（</rp><rt>くらやしき</rt><rp>）</rp></ruby>,"<p>大名などが年貢米や特産物を保管・販売するために設けた施設。</p><p><strong>ポイント</strong><br>大阪などに集まり、市場の発展を支えた。</p><p class=""related""><strong>関連語</strong><br>年貢米・大阪</p>",社会三年 科目::歴史 優先::S 単元::H15 学年::中2
天下の台所,"<p>全国の米や商品が集まる経済の中心だった大阪の呼び名。</p><p><strong>ポイント</strong><br>政治の中心の江戸と役割を比較する。</p><p class=""related""><strong>関連語</strong><br>大阪・<ruby>蔵屋敷<rp>（</rp><rt>くらやしき</rt><rp>）</rp></ruby></p>",社会三年 科目::歴史 優先::S 単元::H15 学年::中2
三都,"<p>江戸・大阪・京都という、江戸時代の三つの代表的な大都市。</p><p><strong>ポイント</strong><br>政治・商業・伝統産業など、中心となる機能が異なる。</p><p class=""related""><strong>関連語</strong><br>都市・経済</p>",社会三年 科目::歴史 優先::S 単元::H15 学年::中2
両替商,"<p><ruby>貨幣<rp>（</rp><rt>かへい</rt><rp>）</rp></ruby>の交換や、貸し付け・送金などを行った商人。</p><p><strong>ポイント</strong><br>金・銀・銭などが使われる経済を支えた。</p><p class=""related""><strong>関連語</strong><br>金融・貨幣</p>",社会三年 科目::歴史 優先::S 単元::H15 学年::中2
問屋制家内工業,"<p>問屋が原料などを家々に渡し、作られた製品を回収・販売する生産の仕組み。</p><p><strong>ポイント</strong><br>働く場所が一つの工場に集まっているとは限らない。</p><p class=""related""><strong>関連語</strong><br>問屋・手工業</p>",社会三年 科目::歴史 優先::S 単元::H15 学年::中2
工場制手工業,"<p>人々を一つの作業場に集め、手作業を分担して生産する仕組み。</p><p><strong>ポイント</strong><br>マニュファクチュアともいう。機械中心の工業とは異なる。</p><p class=""related""><strong>関連語</strong><br>分業・手作業</p>",社会三年 科目::歴史 優先::S 単元::H15 学年::中2
江戸の米と<ruby>貨幣<rp>（</rp><rt>かへい</rt><rp>）</rp></ruby>の関係,"<p>年貢米などを市場で売って<ruby>貨幣<rp>（</rp><rt>かへい</rt><rp>）</rp></ruby>を得るため、米価の変化が武士や幕府・藩の収入に影響した。</p><p><strong>ポイント</strong><br>米の量が同じでも、買える商品は価格によって変わる。</p><p class=""related""><strong>関連語</strong><br>米価・財政</p>",社会三年 科目::歴史 優先::A 単元::H15 学年::中2
金肥,"<p>お金を払って購入する肥料。江戸時代には<ruby>干鰯<rp>（</rp><rt>ほしか</rt><rp>）</rp></ruby>や油かすなどが利用された。</p><p><strong>ポイント</strong><br>農業が市場での売買と結び付く条件。</p><p class=""related""><strong>関連語</strong><br>商品作物・<ruby>貨幣<rp>（</rp><rt>かへい</rt><rp>）</rp></ruby></p>",社会三年 科目::歴史 優先::S 単元::H15 学年::中2
油かす,"<p>菜種などから油を搾った後に残る物で、肥料などへ利用された。</p><p><strong>ポイント</strong><br>加工業と農業が原料や副産物でつながる例。</p><p class=""related""><strong>関連語</strong><br>金肥・農業</p>",社会三年 科目::歴史 優先::S 単元::H15 学年::中2
地主,"<p>農地などを所有し、他の耕作者へ貸して小作料を得る者。</p><p><strong>ポイント</strong><br>同じ農村の中にも土地所有や収入の違いがあった。</p><p class=""related""><strong>関連語</strong><br><ruby>小作農<rp>（</rp><rt>こさくのう</rt><rp>）</rp></ruby>・土地</p>",社会三年 科目::歴史 優先::S 単元::H15 学年::中2
小作料,"<p>農地を借りて耕す人が、地主へ納める米や金銭など。</p><p><strong>ポイント</strong><br>国家や領主へ納める年貢・税とは区別する。</p><p class=""related""><strong>関連語</strong><br>地主・農民</p>",社会三年 科目::歴史 優先::S 単元::H15 学年::中2
名主・庄屋,"<p>江戸時代の村で、年貢や連絡、村の運営などを担った代表的な村役人。</p><p><strong>ポイント</strong><br>呼び名には地域差がある。</p><p class=""related""><strong>関連語</strong><br>村請制・自治</p>",社会三年 科目::歴史 優先::S 単元::H15 学年::中2
<ruby>菱垣廻船<rp>（</rp><rt>ひがきかいせん</rt><rp>）</rp></ruby>,"<p>大坂と江戸などの間で商品を運んだ廻船。</p><p><strong>ポイント</strong><br>海上の大量輸送が都市の消費を支えた。</p><p class=""related""><strong>関連語</strong><br>海運・三都</p>",社会三年 科目::歴史 優先::S 単元::H15 学年::中2
<ruby>樽廻船<rp>（</rp><rt>たるかいせん</rt><rp>）</rp></ruby>,"<p>酒などの樽詰めの商品を中心に運んだ廻船。</p><p><strong>ポイント</strong><br>産地と江戸などの大消費地を結ぶ。</p><p class=""related""><strong>関連語</strong><br>海運・商品流通</p>",社会三年 科目::歴史 優先::S 単元::H15 学年::中2
飛脚,"<p>文書や小さな荷物などを運ぶ仕事を担った人々。</p><p><strong>ポイント</strong><br>街道や宿場の交通と結び付き、連絡を支えた。</p><p class=""related""><strong>関連語</strong><br>通信・江戸時代</p>",社会三年 科目::歴史 優先::S 単元::H15 学年::中2
金・銀・銭の使い分け,"<p>江戸時代には複数の<ruby>貨幣<rp>（</rp><rt>かへい</rt><rp>）</rp></ruby>が使われ、両替などが取引を支えた。</p><p><strong>ポイント</strong><br>全国で一種類の通貨だけが同じように使われたわけではない。</p><p class=""related""><strong>関連語</strong><br>両替商・市場</p>",社会三年 科目::歴史 優先::A 単元::H15 学年::中2
堂島の米取引,"<p>大坂の堂島で発達した米の市場での取引。</p><p><strong>ポイント</strong><br>米価の変化が領主や商人、消費者の生活へ関わった。</p><p class=""related""><strong>関連語</strong><br>米価・金融</p>",社会三年 科目::歴史 優先::S 単元::H15 学年::中2
米価と立場による影響,"<p>米の値上がりは売る人の収入を増やす場合がある一方、買う人の負担を増やす。</p><p><strong>ポイント</strong><br>同じ価格変化でも、利益を受ける人と負担する人は異なる。</p><p class=""related""><strong>関連語</strong><br>市場・家計</p>",社会三年 科目::歴史 優先::A 単元::H15 学年::中2
問屋と生産者の関係,"<p>問屋が原料や販売先を管理し、家々の作業を結び付ける生産の仕組み。</p><p><strong>ポイント</strong><br>自宅で作ることと、販売を独立に決められることは同じではない。</p><p class=""related""><strong>関連語</strong><br>問屋制家内工業・分業</p>",社会三年 科目::歴史 優先::A 単元::H15 学年::中2
<ruby>徳川吉宗<rp>（</rp><rt>とくがわよしむね</rt><rp>）</rp></ruby>,"<p>江戸幕府の8代将軍で、<ruby>享保の改革<rp>（</rp><rt>きょうほうのかいかく</rt><rp>）</rp></ruby>を進めた人物。</p><p><strong>ポイント</strong><br>新田開発や法の整備など、複数の政策を行った。</p><p class=""related""><strong>関連語</strong><br>享保の改革・目安箱</p>",社会三年 科目::歴史 優先::S 単元::H16 学年::中2
<ruby>享保の改革<rp>（</rp><rt>きょうほうのかいかく</rt><rp>）</rp></ruby>,"<p>1716年から<ruby>徳川吉宗<rp>（</rp><rt>とくがわよしむね</rt><rp>）</rp></ruby>が進めた、倹約や収入増加、行政・法の整備などの改革。</p><p><strong>ポイント</strong><br>寛政・天保と順序、担当者を比較する。</p><p class=""related""><strong>関連語</strong><br>徳川吉宗・新田開発</p>",社会三年 科目::歴史 優先::S 単元::H16 学年::中2
上げ米の制,"<p>大名に一定の米を幕府へ納めさせ、その代わりに江戸滞在を短くした制度。</p><p><strong>ポイント</strong><br>吉宗の財政対策の一つ。</p><p class=""related""><strong>関連語</strong><br><ruby>享保の改革<rp>（</rp><rt>きょうほうのかいかく</rt><rp>）</rp></ruby>・<ruby>参勤交代<rp>（</rp><rt>さんきんこうたい</rt><rp>）</rp></ruby></p>",社会三年 科目::歴史 優先::S 単元::H16 学年::中2
目安箱,"<p>人々の意見や訴えを集めるため、吉宗が設けた箱。</p><p><strong>ポイント</strong><br>意見を政策へ生かす試みだが、現代の選挙ではない。</p><p class=""related""><strong>関連語</strong><br><ruby>享保の改革<rp>（</rp><rt>きょうほうのかいかく</rt><rp>）</rp></ruby>・行政</p>",社会三年 科目::歴史 優先::S 単元::H16 学年::中2
<ruby>公事方御定書<rp>（</rp><rt>くじかたおさだめがき</rt><rp>）</rp></ruby>,"<p>1742年にまとめられた、江戸幕府の裁判の基準などを示す法令集。</p><p><strong>ポイント</strong><br>1232年の<ruby>御成敗式目<rp>（</rp><rt>ごせいばいしきもく</rt><rp>）</rp></ruby>と時代・政権を区別する。</p><p class=""related""><strong>関連語</strong><br><ruby>徳川吉宗<rp>（</rp><rt>とくがわよしむね</rt><rp>）</rp></ruby>・裁判</p>",社会三年 科目::歴史 優先::S 単元::H16 学年::中2
<ruby>田沼意次<rp>（</rp><rt>たぬまおきつぐ</rt><rp>）</rp></ruby>,"<p>18世紀後半、商業や貿易を利用して幕府の収入を増やそうとした政治家。</p><p><strong>ポイント</strong><br>株仲間の公認・課税などを進めた。</p><p class=""related""><strong>関連語</strong><br>商業政策・株仲間</p>",社会三年 科目::歴史 優先::S 単元::H16 学年::中2
株仲間,"<p>江戸時代の商工業者の組合。公認され、営業上の特権などを得る場合があった。</p><p><strong>ポイント</strong><br>田沼は利用し、<ruby>水野忠邦<rp>（</rp><rt>みずのただくに</rt><rp>）</rp></ruby>は解散させた。</p><p class=""related""><strong>関連語</strong><br>商業・営業権</p>",社会三年 科目::歴史 優先::S 単元::H16 学年::中2
<ruby>天明の飢饉<rp>（</rp><rt>てんめいのききん</rt><rp>）</rp></ruby>,"<p>18世紀後半に、冷害などを背景に起きた大きな<ruby>飢饉<rp>（</rp><rt>ききん</rt><rp>）</rp></ruby>。</p><p><strong>ポイント</strong><br>田沼政治の終わりや、<ruby>寛政の改革<rp>（</rp><rt>かんせいのかいかく</rt><rp>）</rp></ruby>の背景に関わる。</p><p class=""related""><strong>関連語</strong><br>冷害・食料不足</p>",社会三年 科目::歴史 優先::S 単元::H16 学年::中2
<ruby>松平定信<rp>（</rp><rt>まつだいらさだのぶ</rt><rp>）</rp></ruby>,"<p>1787年から<ruby>寛政の改革<rp>（</rp><rt>かんせいのかいかく</rt><rp>）</rp></ruby>を進めた老中。</p><p><strong>ポイント</strong><br>倹約、農村の立て直し、<ruby>飢饉<rp>（</rp><rt>ききん</rt><rp>）</rp></ruby>への備えなどを重視した。</p><p class=""related""><strong>関連語</strong><br>寛政の改革・<ruby>囲米<rp>（</rp><rt>かこいまい</rt><rp>）</rp></ruby></p>",社会三年 科目::歴史 優先::S 単元::H16 学年::中2
<ruby>寛政の改革<rp>（</rp><rt>かんせいのかいかく</rt><rp>）</rp></ruby>,"<p><ruby>松平定信<rp>（</rp><rt>まつだいらさだのぶ</rt><rp>）</rp></ruby>が進めた、倹約や農村復興、学問の統制などの改革。</p><p><strong>ポイント</strong><br>商業を積極的に利用した田沼の政治と比較する。</p><p class=""related""><strong>関連語</strong><br>松平定信・<ruby>朱子学<rp>（</rp><rt>しゅしがく</rt><rp>）</rp></ruby></p>",社会三年 科目::歴史 優先::S 単元::H16 学年::中2
<ruby>囲米<rp>（</rp><rt>かこいまい</rt><rp>）</rp></ruby>,"<p><ruby>飢饉<rp>（</rp><rt>ききん</rt><rp>）</rp></ruby>に備えて、米などの穀物を蓄えさせること。</p><p><strong>ポイント</strong><br><ruby>寛政の改革<rp>（</rp><rt>かんせいのかいかく</rt><rp>）</rp></ruby>の政策の一つ。</p><p class=""related""><strong>関連語</strong><br>備蓄・飢饉</p>",社会三年 科目::歴史 優先::S 単元::H16 学年::中2
<ruby>水野忠邦<rp>（</rp><rt>みずのただくに</rt><rp>）</rp></ruby>,"<p>1841年から<ruby>天保の改革<rp>（</rp><rt>てんぽうのかいかく</rt><rp>）</rp></ruby>を進めた老中。</p><p><strong>ポイント</strong><br>株仲間解散や人返し令、<ruby>上知令<rp>（</rp><rt>あげちれい</rt><rp>）</rp></ruby>などを進めた。</p><p class=""related""><strong>関連語</strong><br>天保の改革・統制</p>",社会三年 科目::歴史 優先::S 単元::H16 学年::中2
<ruby>天保の改革<rp>（</rp><rt>てんぽうのかいかく</rt><rp>）</rp></ruby>,"<p><ruby>水野忠邦<rp>（</rp><rt>みずのただくに</rt><rp>）</rp></ruby>が進めた、倹約や物価・人口移動などの統制を試みた改革。</p><p><strong>ポイント</strong><br>強い反対や流通の混乱などで短期間に行き詰まった。</p><p class=""related""><strong>関連語</strong><br>水野忠邦・株仲間解散</p>",社会三年 科目::歴史 優先::S 単元::H16 学年::中2
人返し令,"<p>農村から江戸へ流入した人々を村へ戻すなどして、農村の人口・生産を確保しようとした法令。</p><p><strong>ポイント</strong><br><ruby>天保の改革<rp>（</rp><rt>てんぽうのかいかく</rt><rp>）</rp></ruby>の政策。</p><p class=""related""><strong>関連語</strong><br><ruby>水野忠邦<rp>（</rp><rt>みずのただくに</rt><rp>）</rp></ruby>・農村</p>",社会三年 科目::歴史 優先::A 単元::H16 学年::中2
<ruby>上知令<rp>（</rp><rt>あげちれい</rt><rp>）</rp></ruby>,"<p>江戸・大阪周辺の大名・旗本の領地を、幕府の領地へ替えようとした命令。</p><p><strong>ポイント</strong><br><ruby>天保の改革<rp>（</rp><rt>てんぽうのかいかく</rt><rp>）</rp></ruby>で出されたが、反対で撤回された。</p><p class=""related""><strong>関連語</strong><br><ruby>水野忠邦<rp>（</rp><rt>みずのただくに</rt><rp>）</rp></ruby>・幕領</p>",社会三年 科目::歴史 優先::A 単元::H16 学年::中2
百姓一揆,"<p>農民らが年貢の軽減や役人の不正改善などを求めて集団で行動したこと。</p><p><strong>ポイント</strong><br>要求や方法はさまざまで、全てが武装反乱とは限らない。</p><p class=""related""><strong>関連語</strong><br>農村・年貢</p>",社会三年 科目::歴史 優先::S 単元::H16 学年::中2
打ちこわし,"<p>都市の人々などが、米価の高騰や生活苦への不満から商家などを襲った行動。</p><p><strong>ポイント</strong><br>百姓一揆と場所・要求の傾向を比較する。</p><p class=""related""><strong>関連語</strong><br>米価・都市</p>",社会三年 科目::歴史 優先::S 単元::H16 学年::中2
大塩平八郎の乱,"<p>1837年、<ruby>飢饉<rp>（</rp><rt>ききん</rt><rp>）</rp></ruby>の中で元役人の大塩平八郎が大阪で起こした反乱。</p><p><strong>ポイント</strong><br>幕府の支配を支えた側から反乱が出たことが衝撃となった。</p><p class=""related""><strong>関連語</strong><br>天保の飢饉・大阪</p>",社会三年 科目::歴史 優先::S 単元::H16 学年::中2
<ruby>徳川綱吉<rp>（</rp><rt>とくがわつなよし</rt><rp>）</rp></ruby>,"<p>江戸幕府の5代将軍。儒学を重視する政治や、<ruby>生類憐みの令<rp>（</rp><rt>しょうるいあわれみのれい</rt><rp>）</rp></ruby>と呼ばれる政策に関わった。</p><p><strong>ポイント</strong><br>8代吉宗の<ruby>享保の改革<rp>（</rp><rt>きょうほうのかいかく</rt><rp>）</rp></ruby>とは時期を区別する。</p><p class=""related""><strong>関連語</strong><br>文治政治・江戸</p>",社会三年 科目::歴史 優先::S 単元::H16 学年::中2
<ruby>生類憐みの令<rp>（</rp><rt>しょうるいあわれみのれい</rt><rp>）</rp></ruby>,"<p>綱吉の時代に出された、生類愛護などに関わる一連の政策の総称。</p><p><strong>ポイント</strong><br>同名の単独の法令ではなく、犬だけに限る政策でもない。</p><p class=""related""><strong>関連語</strong><br>綱吉・政策</p>",社会三年 科目::歴史 優先::S 単元::H16 学年::中2
文治政治,"<p>法や学問・礼儀などを重視して秩序を整える政治を指す呼び方。</p><p><strong>ポイント</strong><br>軍事的な強制が全て消えたという意味ではない。</p><p class=""related""><strong>関連語</strong><br>江戸幕府・儒学</p>",社会三年 科目::歴史 優先::S 単元::H16 学年::中2
<ruby>新井白石<rp>（</rp><rt>あらいはくせき</rt><rp>）</rp></ruby>,"<p>綱吉の後の将軍を補佐し、<ruby>貨幣<rp>（</rp><rt>かへい</rt><rp>）</rp></ruby>や貿易などを見直した政治家・学者。</p><p><strong>ポイント</strong><br>正徳の治と呼ばれる政治に関わった。</p><p class=""related""><strong>関連語</strong><br>江戸幕府・改革</p>",社会三年 科目::歴史 優先::S 単元::H16 学年::中2
正徳の治,"<p><ruby>新井白石<rp>（</rp><rt>あらいはくせき</rt><rp>）</rp></ruby>が将軍を補佐して進めた、財政や対外関係などの政治の見直し。</p><p><strong>ポイント</strong><br><ruby>享保の改革<rp>（</rp><rt>きょうほうのかいかく</rt><rp>）</rp></ruby>より前に位置付ける。</p><p class=""related""><strong>関連語</strong><br>新井白石・幕政</p>",社会三年 科目::歴史 優先::S 単元::H16 学年::中2
<ruby>足高の制<rp>（</rp><rt>たしだかのせい</rt><rp>）</rp></ruby>,"<p>役職に必要な収入を、在職中に補うなどした吉宗の制度。</p><p><strong>ポイント</strong><br>家の禄高だけに縛られず人材を登用しやすくする目的。</p><p class=""related""><strong>関連語</strong><br><ruby>享保の改革<rp>（</rp><rt>きょうほうのかいかく</rt><rp>）</rp></ruby>・役人</p>",社会三年 科目::歴史 優先::S 単元::H16 学年::中2
<ruby>棄捐令<rp>（</rp><rt>きえんれい</rt><rp>）</rp></ruby>,"<p><ruby>寛政の改革<rp>（</rp><rt>かんせいのかいかく</rt><rp>）</rp></ruby>で、旗本・<ruby>御家人<rp>（</rp><rt>ごけにん</rt><rp>）</rp></ruby>の借金の処理などを図った命令。</p><p><strong>ポイント</strong><br>借り手の救済と、貸し手・今後の金融への影響を分ける。</p><p class=""related""><strong>関連語</strong><br><ruby>松平定信<rp>（</rp><rt>まつだいらさだのぶ</rt><rp>）</rp></ruby>・借金</p>",社会三年 科目::歴史 優先::S 単元::H16 学年::中2
寛政異学の禁,"<p>幕府の学問所で<ruby>朱子学<rp>（</rp><rt>しゅしがく</rt><rp>）</rp></ruby>を正学として重視し、他の学派を排する方針。</p><p><strong>ポイント</strong><br>全国で他の学問を一律に禁止したと広げない。</p><p class=""related""><strong>関連語</strong><br><ruby>寛政の改革<rp>（</rp><rt>かんせいのかいかく</rt><rp>）</rp></ruby>・学問</p>",社会三年 科目::歴史 優先::S 単元::H16 学年::中2
天保の<ruby>飢饉<rp>（</rp><rt>ききん</rt><rp>）</rp></ruby>,"<p>1830年代を中心に、不作などによって生活が大きく損なわれた<ruby>飢饉<rp>（</rp><rt>ききん</rt><rp>）</rp></ruby>。</p><p><strong>ポイント</strong><br>大塩平八郎の乱や<ruby>天保の改革<rp>（</rp><rt>てんぽうのかいかく</rt><rp>）</rp></ruby>の背景と結び付ける。</p><p class=""related""><strong>関連語</strong><br>不作・米価</p>",社会三年 科目::歴史 優先::S 単元::H16 学年::中2
藩の専売制,"<p>藩が特産物などの販売を管理し、収入を得ようとする仕組み。</p><p><strong>ポイント</strong><br>財政の利益と、生産者の取引の自由への影響を区別する。</p><p class=""related""><strong>関連語</strong><br>藩政改革・商品</p>",社会三年 科目::歴史 優先::S 単元::H16 学年::中2
不作と都市の生活,"<p>食料生産の減少が価格や流通を通じて、農村以外の生活にも影響すること。</p><p><strong>ポイント</strong><br>都市で食料を購入する人の負担も増える場合がある。</p><p class=""related""><strong>関連語</strong><br><ruby>飢饉<rp>（</rp><rt>ききん</rt><rp>）</rp></ruby>・市場</p>",社会三年 科目::歴史 優先::A 単元::H16 学年::中2
政策の目的と副作用,"<p>ねらった効果とは別に、他者の負担や取引の変化などが生じること。</p><p><strong>ポイント</strong><br>改革の評価は、目的を述べるだけでは完結しない。</p><p class=""related""><strong>関連語</strong><br>効率・公正・改革</p>",社会三年 科目::歴史 優先::A 単元::H16 学年::中2
寺子屋,"<p>町人や<ruby>百姓<rp>（</rp><rt>ひゃくしょう</rt><rp>）</rp></ruby>の子どもなどが、読み・書き・そろばんを学んだ教育の場。</p><p><strong>ポイント</strong><br>全てが寺の中にあったわけではない。</p><p class=""related""><strong>関連語</strong><br>庶民教育・江戸時代</p>",社会三年 科目::歴史 優先::S 単元::H17 学年::中2
藩校,"<p>藩が設け、主に武士の子どもを教育した学校。</p><p><strong>ポイント</strong><br>寺子屋と主な対象を比較する。</p><p class=""related""><strong>関連語</strong><br>藩・教育</p>",社会三年 科目::歴史 優先::S 単元::H17 学年::中2
<ruby>朱子学<rp>（</rp><rt>しゅしがく</rt><rp>）</rp></ruby>,"<p><ruby>儒教<rp>（</rp><rt>じゅきょう</rt><rp>）</rp></ruby>の一つで、社会秩序や道徳などを体系的に説く学問。江戸幕府などが重んじた。</p><p><strong>ポイント</strong><br>国学・<ruby>蘭学<rp>（</rp><rt>らんがく</rt><rp>）</rp></ruby>と、学ぶ対象や方法を比べる。</p><p class=""related""><strong>関連語</strong><br>儒教・幕府</p>",社会三年 科目::歴史 優先::S 単元::H17 学年::中2
国学,"<p>日本の古典を研究し、古代の言葉や精神を明らかにしようとした学問。</p><p><strong>ポイント</strong><br><ruby>本居宣長<rp>（</rp><rt>もとおりのりなが</rt><rp>）</rp></ruby>らが発展させた。</p><p class=""related""><strong>関連語</strong><br>古典・古事記伝</p>",社会三年 科目::歴史 優先::S 単元::H17 学年::中2
<ruby>本居宣長<rp>（</rp><rt>もとおりのりなが</rt><rp>）</rp></ruby>,"<p>国学を発展させ、『古事記伝』を著した学者。</p><p><strong>ポイント</strong><br><ruby>蘭学<rp>（</rp><rt>らんがく</rt><rp>）</rp></ruby>の<ruby>杉田玄白<rp>（</rp><rt>すぎたげんぱく</rt><rp>）</rp></ruby>と分野を区別する。</p><p class=""related""><strong>関連語</strong><br>国学・古事記</p>",社会三年 科目::歴史 優先::S 単元::H17 学年::中2
<ruby>蘭学<rp>（</rp><rt>らんがく</rt><rp>）</rp></ruby>,"<p>オランダ語を通じて、西洋の医学や自然科学などを学ぶ学問。</p><p><strong>ポイント</strong><br>鎖国下でも西洋の知識が取り入れられた。</p><p class=""related""><strong>関連語</strong><br>オランダ・解体新書</p>",社会三年 科目::歴史 優先::S 単元::H17 学年::中2
解体新書,"<p><ruby>杉田玄白<rp>（</rp><rt>すぎたげんぱく</rt><rp>）</rp></ruby>・<ruby>前野良沢<rp>（</rp><rt>まえのりょうたく</rt><rp>）</rp></ruby>らが翻訳し、1774年に刊行した西洋医学の解剖書。</p><p><strong>ポイント</strong><br>実際の解剖の観察などが翻訳の動機となった。</p><p class=""related""><strong>関連語</strong><br><ruby>蘭学<rp>（</rp><rt>らんがく</rt><rp>）</rp></ruby>・医学</p>",社会三年 科目::歴史 優先::S 単元::H17 学年::中2
<ruby>杉田玄白<rp>（</rp><rt>すぎたげんぱく</rt><rp>）</rp></ruby>,"<p><ruby>前野良沢<rp>（</rp><rt>まえのりょうたく</rt><rp>）</rp></ruby>らと西洋の解剖書の翻訳に取り組んだ蘭学者。</p><p><strong>ポイント</strong><br>『解体新書』と結び付ける。</p><p class=""related""><strong>関連語</strong><br><ruby>蘭学<rp>（</rp><rt>らんがく</rt><rp>）</rp></ruby>・前野良沢</p>",社会三年 科目::歴史 優先::S 単元::H17 学年::中2
<ruby>伊能忠敬<rp>（</rp><rt>いのうただたか</rt><rp>）</rp></ruby>,"<p>各地を測量し、精密な日本地図の作成を進めた人物。</p><p><strong>ポイント</strong><br>実測という方法と成果を結び付ける。</p><p class=""related""><strong>関連語</strong><br>測量・地図</p>",社会三年 科目::歴史 優先::S 単元::H17 学年::中2
元禄文化,"<p>17世紀末〜18世紀初めごろ、上方の町人を中心に栄えた文化。</p><p><strong>ポイント</strong><br>化政文化より前。西鶴・近松・芭蕉など。</p><p class=""related""><strong>関連語</strong><br>上方・町人</p>",社会三年 科目::歴史 優先::S 単元::H17 学年::中2
<ruby>井原西鶴<rp>（</rp><rt>いはらさいかく</rt><rp>）</rp></ruby>,"<p>元禄文化の作家。浮世草子で町人の生活などを描いた。</p><p><strong>ポイント</strong><br>『日本永代蔵』などが代表。</p><p class=""related""><strong>関連語</strong><br>浮世草子・元禄文化</p>",社会三年 科目::歴史 優先::S 単元::H17 学年::中2
<ruby>近松門左衛門<rp>（</rp><rt>ちかまつもんざえもん</rt><rp>）</rp></ruby>,"<p>人形浄瑠璃や歌舞伎の脚本を書いた作家。『曽根崎心中』などで知られる。</p><p><strong>ポイント</strong><br><ruby>松尾芭蕉<rp>（</rp><rt>まつおばしょう</rt><rp>）</rp></ruby>の俳諧と分野を区別する。</p><p class=""related""><strong>関連語</strong><br>浄瑠璃・元禄文化</p>",社会三年 科目::歴史 優先::S 単元::H17 学年::中2
<ruby>松尾芭蕉<rp>（</rp><rt>まつおばしょう</rt><rp>）</rp></ruby>,"<p>俳諧を芸術として高めた人物。『奥の細道』で知られる。</p><p><strong>ポイント</strong><br>旅や風景への見方も作品に表れる。</p><p class=""related""><strong>関連語</strong><br>俳諧・元禄文化</p>",社会三年 科目::歴史 優先::S 単元::H17 学年::中2
浮世絵,"<p>人々の生活や風俗、役者、風景などを描いた江戸時代の絵画。</p><p><strong>ポイント</strong><br>肉筆画も版画もあり、全てが風景版画ではない。</p><p class=""related""><strong>関連語</strong><br><ruby>菱川師宣<rp>（</rp><rt>ひしかわもろのぶ</rt><rp>）</rp></ruby>・<ruby>葛飾北斎<rp>（</rp><rt>かつしかほくさい</rt><rp>）</rp></ruby></p>",社会三年 科目::歴史 優先::S 単元::H17 学年::中2
<ruby>菱川師宣<rp>（</rp><rt>ひしかわもろのぶ</rt><rp>）</rp></ruby>,"<p>江戸初期に浮世絵の発展に貢献した画家。『見返り美人図』で知られる。</p><p><strong>ポイント</strong><br>北斎・広重より早い時代。</p><p class=""related""><strong>関連語</strong><br>浮世絵・元禄文化</p>",社会三年 科目::歴史 優先::S 単元::H17 学年::中2
化政文化,"<p>19世紀前半、江戸を中心に庶民へ広がった文化。</p><p><strong>ポイント</strong><br>小説・俳諧・風景版画などが発達した。</p><p class=""related""><strong>関連語</strong><br>江戸・<ruby>葛飾北斎<rp>（</rp><rt>かつしかほくさい</rt><rp>）</rp></ruby></p>",社会三年 科目::歴史 優先::S 単元::H17 学年::中2
<ruby>十返舎一九<rp>（</rp><rt>じっぺんしゃいっく</rt><rp>）</rp></ruby>,"<p>『東海道中膝栗毛』を書き、旅の様子をユーモラスに描いた作家。</p><p><strong>ポイント</strong><br><ruby>十返舎一九<rp>（</rp><rt>じっぺんしゃいっく</rt><rp>）</rp></ruby>と作品名を対にする。</p><p class=""related""><strong>関連語</strong><br>化政文化・滑稽本</p>",社会三年 科目::歴史 優先::S 単元::H17 学年::中2
<ruby>滝沢馬琴<rp>（</rp><rt>たきざわばきん</rt><rp>）</rp></ruby>,"<p>『南総里見八犬伝』などを書いた江戸後期の作家。</p><p><strong>ポイント</strong><br>曲亭馬琴とも呼ばれる。</p><p class=""related""><strong>関連語</strong><br>読本・化政文化</p>",社会三年 科目::歴史 優先::S 単元::H17 学年::中2
<ruby>葛飾北斎<rp>（</rp><rt>かつしかほくさい</rt><rp>）</rp></ruby>,"<p>『富嶽三十六景』などで知られる浮世絵師。</p><p><strong>ポイント</strong><br>歌川広重の『東海道五十三次』と区別する。</p><p class=""related""><strong>関連語</strong><br>風景版画・化政文化</p>",社会三年 科目::歴史 優先::S 単元::H17 学年::中2
歌川広重,"<p>『東海道五十三次』などで知られる浮世絵師。</p><p><strong>ポイント</strong><br>旅と風景への関心、出版の広がりと結び付ける。</p><p class=""related""><strong>関連語</strong><br>風景版画・東海道</p>",社会三年 科目::歴史 優先::S 単元::H17 学年::中2
木版印刷,"<p>木の版を彫り、文字や絵を紙へ刷る印刷方法。</p><p><strong>ポイント</strong><br>本や浮世絵を複数部つくり、広く届けることを支えた。</p><p class=""related""><strong>関連語</strong><br>出版・文化</p>",社会三年 科目::歴史 優先::S 単元::H17 学年::中2
貸本屋,"<p>本を貸して利用料などを得た業者。</p><p><strong>ポイント</strong><br>本を買う以外にも、作品や知識へ触れる機会をつくった。</p><p class=""related""><strong>関連語</strong><br>出版・読者</p>",社会三年 科目::歴史 優先::S 単元::H17 学年::中2
上方,"<p>京都・大坂を中心とする地域の呼び名。</p><p><strong>ポイント</strong><br>元禄文化や商業の中心地として、江戸と比較する。</p><p class=""related""><strong>関連語</strong><br>元禄文化・三都</p>",社会三年 科目::歴史 優先::S 単元::H17 学年::中2
<ruby>前野良沢<rp>（</rp><rt>まえのりょうたく</rt><rp>）</rp></ruby>,"<p><ruby>杉田玄白<rp>（</rp><rt>すぎたげんぱく</rt><rp>）</rp></ruby>らとともに西洋の解剖書の翻訳へ取り組んだ蘭学者。</p><p><strong>ポイント</strong><br>『解体新書』を一人だけの成果と考えない。</p><p class=""related""><strong>関連語</strong><br><ruby>蘭学<rp>（</rp><rt>らんがく</rt><rp>）</rp></ruby>・翻訳</p>",社会三年 科目::歴史 優先::S 単元::H17 学年::中2
シーボルト,"<p>長崎で<ruby>鳴滝塾<rp>（</rp><rt>なるたきじゅく</rt><rp>）</rp></ruby>を開き、西洋医学などを教えた医師。</p><p><strong>ポイント</strong><br>医学・自然や日本社会の研究などに関わった。</p><p class=""related""><strong>関連語</strong><br>長崎・<ruby>蘭学<rp>（</rp><rt>らんがく</rt><rp>）</rp></ruby></p>",社会三年 科目::歴史 優先::S 単元::H17 学年::中2
<ruby>鳴滝塾<rp>（</rp><rt>なるたきじゅく</rt><rp>）</rp></ruby>,"<p>シーボルトが長崎で医学などを教えた私塾。</p><p><strong>ポイント</strong><br><ruby>適塾<rp>（</rp><rt>てきじゅく</rt><rp>）</rp></ruby>は<ruby>緒方洪庵<rp>（</rp><rt>おがたこうあん</rt><rp>）</rp></ruby>が大坂で開いた塾。</p><p class=""related""><strong>関連語</strong><br>シーボルト・教育</p>",社会三年 科目::歴史 優先::S 単元::H17 学年::中2
<ruby>緒方洪庵<rp>（</rp><rt>おがたこうあん</rt><rp>）</rp></ruby>,"<p>大坂に<ruby>適塾<rp>（</rp><rt>てきじゅく</rt><rp>）</rp></ruby>を開き、<ruby>蘭学<rp>（</rp><rt>らんがく</rt><rp>）</rp></ruby>・医学の教育などに取り組んだ人物。</p><p><strong>ポイント</strong><br>学問を学び伝える場と担い手を結び付ける。</p><p class=""related""><strong>関連語</strong><br>適塾・蘭学</p>",社会三年 科目::歴史 優先::S 単元::H17 学年::中2
<ruby>適塾<rp>（</rp><rt>てきじゅく</rt><rp>）</rp></ruby>,"<p><ruby>緒方洪庵<rp>（</rp><rt>おがたこうあん</rt><rp>）</rp></ruby>が大坂で開いた<ruby>蘭学<rp>（</rp><rt>らんがく</rt><rp>）</rp></ruby>の私塾。</p><p><strong>ポイント</strong><br>地域を越えて人材や知識が広がる場となった。</p><p class=""related""><strong>関連語</strong><br>教育・幕末</p>",社会三年 科目::歴史 優先::S 単元::H17 学年::中2
<ruby>蛮社の獄<rp>（</rp><rt>ばんしゃのごく</rt><rp>）</rp></ruby>,"<p>1839年、<ruby>渡辺崋山<rp>（</rp><rt>わたなべかざん</rt><rp>）</rp></ruby>や<ruby>高野長英<rp>（</rp><rt>たかのちょうえい</rt><rp>）</rp></ruby>らが処罰された事件。</p><p><strong>ポイント</strong><br>政治や海外情勢の研究との関係を、具体的な史料から考える。</p><p class=""related""><strong>関連語</strong><br><ruby>蘭学<rp>（</rp><rt>らんがく</rt><rp>）</rp></ruby>・幕府</p>",社会三年 科目::歴史 優先::S 単元::H17 学年::中2
<ruby>渡辺崋山<rp>（</rp><rt>わたなべかざん</rt><rp>）</rp></ruby>と<ruby>高野長英<rp>（</rp><rt>たかのちょうえい</rt><rp>）</rp></ruby>,"<p>海外事情や<ruby>蘭学<rp>（</rp><rt>らんがく</rt><rp>）</rp></ruby>などを研究し、<ruby>蛮社の獄<rp>（</rp><rt>ばんしゃのごく</rt><rp>）</rp></ruby>で処罰された人々。</p><p><strong>ポイント</strong><br>崋山は画家としても活動した。学問や表現と政治の関係を考える。</p><p class=""related""><strong>関連語</strong><br>蛮社の獄・蘭学</p>",社会三年 科目::歴史 優先::S 単元::H17 学年::中2
翻訳と知識の共有,"<p>外国語の内容を、意味や用語を確かめながら他の人が学べる言葉へ移すこと。</p><p><strong>ポイント</strong><br>語学だけでなく、対象についての知識や観察も必要。</p><p class=""related""><strong>関連語</strong><br>解体新書・学問</p>",社会三年 科目::歴史 優先::A 単元::H17 学年::中2
紀行・物語と歴史資料,"<p>旅を記す作品や物語には、経験と文学的な表現が含まれる。</p><p><strong>ポイント</strong><br>描かれた内容を、そのまま全て当時の事実とみなさない。</p><p class=""related""><strong>関連語</strong><br>奥の細道・膝栗毛</p>",社会三年 科目::歴史 優先::A 単元::H17 学年::中2
市民革命,"<p>王権や身分制などに対し、市民が政治への参加や自由・権利を求めて社会を変えた革命。</p><p><strong>ポイント</strong><br>成立直後に全ての人が平等になったわけではない。</p><p class=""related""><strong>関連語</strong><br>イギリス・アメリカ・フランス</p>",社会三年 科目::歴史 優先::S 単元::H18 学年::中2
ピューリタン革命,"<p>17世紀のイギリスで、国王と議会の対立から起こり、一時共和政となった革命。</p><p><strong>ポイント</strong><br>クロムウェルらが議会側を率いた。</p><p class=""related""><strong>関連語</strong><br>議会・共和政</p>",社会三年 科目::歴史 優先::S 単元::H18 学年::中2
名誉革命,"<p>1688年、イギリスで国王を交代させ、議会の権限を強めた政変。</p><p><strong>ポイント</strong><br>翌1689年の権利章典につながる。</p><p class=""related""><strong>関連語</strong><br>立憲政治・議会</p>",社会三年 科目::歴史 優先::S 単元::H18 学年::中2
権利章典,"<p>1689年、イギリスで国王の権力を制限し、議会の権利などを確認した法律。</p><p><strong>ポイント</strong><br>フランスの人権宣言とは文書も時代も違う。</p><p class=""related""><strong>関連語</strong><br>名誉革命・議会政治</p>",社会三年 科目::歴史 優先::S 単元::H18 学年::中2
ロック,"<p>人々の自然権や、権利を侵す政府への抵抗権を説いた思想家。</p><p><strong>ポイント</strong><br>社会契約の考え方から政治を説明した。</p><p class=""related""><strong>関連語</strong><br>自然権・抵抗権</p>",社会三年 科目::歴史 優先::S 単元::H18 学年::中2
モンテスキュー,"<p>権力を分け、互いに抑制させることを重視した思想家。</p><p><strong>ポイント</strong><br>三権分立の考え方と結び付ける。</p><p class=""related""><strong>関連語</strong><br>権力分立・法の精神</p>",社会三年 科目::歴史 優先::S 単元::H18 学年::中2
ルソー,"<p>人民の意思を政治の基礎とすることを説いた思想家。</p><p><strong>ポイント</strong><br>『社会契約論』と人民主権の考え方で知られる。</p><p class=""related""><strong>関連語</strong><br>人民主権・社会契約</p>",社会三年 科目::歴史 優先::S 単元::H18 学年::中2
アメリカ独立宣言,"<p>1776年、北アメリカの植民地がイギリスからの独立を宣言した文書。</p><p><strong>ポイント</strong><br>自由・平等の理念と、当時残った奴隷制などを区別する。</p><p class=""related""><strong>関連語</strong><br>独立戦争・自然権</p>",社会三年 科目::歴史 優先::S 単元::H18 学年::中2
フランス革命,"<p>1789年に始まり、国王中心の政治や身分制を大きく変えた革命。</p><p><strong>ポイント</strong><br>人権宣言や、その後の政治の変転を学ぶ。</p><p class=""related""><strong>関連語</strong><br>人権宣言・ナポレオン</p>",社会三年 科目::歴史 優先::S 単元::H18 学年::中2
フランス人権宣言,"<p>1789年、自由や平等、国民主権などを掲げた文書。</p><p><strong>ポイント</strong><br>当初の政治参加には性別や財産などによる制限が残った。</p><p class=""related""><strong>関連語</strong><br>フランス革命・人権</p>",社会三年 科目::歴史 優先::S 単元::H18 学年::中2
ナポレオン,"<p>フランス革命後に権力を握り、皇帝となった人物。法典の整備や対外戦争を進めた。</p><p><strong>ポイント</strong><br>革命の理念の継承と独裁・征服の両面を見る。</p><p class=""related""><strong>関連語</strong><br>フランス・法典</p>",社会三年 科目::歴史 優先::S 単元::H18 学年::中2
産業革命,"<p>機械や新しい動力を利用し、生産・交通・社会が大きく変化したこと。</p><p><strong>ポイント</strong><br>18世紀後半のイギリスから広がった。</p><p class=""related""><strong>関連語</strong><br>工場制機械工業・蒸気機関</p>",社会三年 科目::歴史 優先::S 単元::H18 学年::中2
ワット,"<p>蒸気機関を改良し、産業での利用を広げた人物。</p><p><strong>ポイント</strong><br>蒸気機関を世界で最初に発明した、と単純化しない。</p><p class=""related""><strong>関連語</strong><br>産業革命・動力</p>",社会三年 科目::歴史 優先::S 単元::H18 学年::中2
工場制機械工業,"<p>工場に機械と労働者を集め、機械を中心に生産する仕組み。</p><p><strong>ポイント</strong><br>工場制手工業は主に手作業の分業。</p><p class=""related""><strong>関連語</strong><br>産業革命・工場</p>",社会三年 科目::歴史 優先::S 単元::H18 学年::中2
資本主義,"<p>生産手段の私有や市場での取引を基礎に、利益を目指す企業活動が行われる経済の仕組み。</p><p><strong>ポイント</strong><br>政府の規制や社会保障と両立する形もある。</p><p class=""related""><strong>関連語</strong><br>企業・市場</p>",社会三年 科目::歴史 優先::S 単元::H18 学年::中2
社会主義,"<p>資本主義の格差や搾取などを批判し、生産手段の社会的な管理などを目指す思想や運動。</p><p><strong>ポイント</strong><br>さまざまな立場があり、全て同じ制度ではない。</p><p class=""related""><strong>関連語</strong><br>マルクス・労働者</p>",社会三年 科目::歴史 優先::S 単元::H18 学年::中2
マルクス,"<p>資本主義を分析・批判し、社会主義の思想を発展させた人物。</p><p><strong>ポイント</strong><br>工業化と労働問題を背景に理解する。</p><p class=""related""><strong>関連語</strong><br>社会主義・資本論</p>",社会三年 科目::歴史 優先::S 単元::H18 学年::中2
南北戦争,"<p>1861〜1865年のアメリカの内戦。奴隷制などをめぐる対立を背景に起こった。</p><p><strong>ポイント</strong><br>リンカンが大統領を務め、戦後に奴隷制が廃止された。</p><p class=""related""><strong>関連語</strong><br>リンカン・奴隷制</p>",社会三年 科目::歴史 優先::S 単元::H18 学年::中2
帝国主義,"<p>強い国が軍事・経済などの力で、植民地や勢力範囲を広げる動き。</p><p><strong>ポイント</strong><br>工業化と原料・市場・投資先の獲得を結び付ける。</p><p class=""related""><strong>関連語</strong><br>植民地・列強</p>",社会三年 科目::歴史 優先::S 単元::H18 学年::中2
アヘン戦争,"<p>1840〜1842年、アヘン貿易の取り締まりなどを背景に起きたイギリスと清の戦争。</p><p><strong>ポイント</strong><br>清が敗れ、南京条約を結んだ。</p><p class=""related""><strong>関連語</strong><br>清・イギリス</p>",社会三年 科目::歴史 優先::S 単元::H18 学年::中2
南京条約,"<p>1842年、アヘン戦争後に清がイギリスと結んだ条約。香港島の<ruby>割譲<rp>（</rp><rt>かつじょう</rt><rp>）</rp></ruby>や開港などを認めた。</p><p><strong>ポイント</strong><br>不平等な対外関係が拡大する出発点となった。</p><p class=""related""><strong>関連語</strong><br>アヘン戦争・香港島</p>",社会三年 科目::歴史 優先::S 単元::H18 学年::中2
革命の理念と現実の違い,"<p>自由・平等を掲げても、女性・奴隷・植民地の人々などに権利がすぐ保障されたわけではない。</p><p><strong>ポイント</strong><br>理念を否定するだけでなく、その実現を求める後の運動も見る。</p><p class=""related""><strong>関連語</strong><br>人権・参政権</p>",社会三年 科目::歴史 優先::A 単元::H18 学年::中2
絶対王政,"<p>国王へ強い政治権力が集中した近世ヨーロッパの政治体制。</p><p><strong>ポイント</strong><br>立憲的な政治や議会による制限との違いを考える。</p><p class=""related""><strong>関連語</strong><br>王権・市民革命</p>",社会三年 科目::歴史 優先::S 単元::H18 学年::中2
立憲君主制,"<p>君主を置きながら、憲法や法律などによって統治の権力を制限する仕組み。</p><p><strong>ポイント</strong><br>君主を置かない共和政とは異なる。</p><p class=""related""><strong>関連語</strong><br>議会・憲法</p>",社会三年 科目::歴史 優先::S 単元::H18 学年::中2
クロムウェル,"<p>イギリスのピューリタン革命で議会側を率い、共和政期に強い権力を握った人物。</p><p><strong>ポイント</strong><br>王を倒すことと、その後の自由が全面的に保障されることを分ける。</p><p class=""related""><strong>関連語</strong><br>イギリス・革命</p>",社会三年 科目::歴史 優先::S 単元::H18 学年::中2
啓蒙思想,"<p>理性に基づいて社会や政治を捉え、自由や権力のあり方などを問い直す思想。</p><p><strong>ポイント</strong><br>市民革命や近代の憲法を支える考え方に関わった。</p><p class=""related""><strong>関連語</strong><br>ロック・ルソー</p>",社会三年 科目::歴史 優先::S 単元::H18 学年::中2
ワシントン,"<p>アメリカ独立戦争で指導的な役割を担い、初代大統領となった人物。</p><p><strong>ポイント</strong><br>国の成立と共和政の制度を結び付ける。</p><p class=""related""><strong>関連語</strong><br>アメリカ・独立</p>",社会三年 科目::歴史 優先::S 単元::H18 学年::中2
連邦制,"<p>中央政府と州などが権限を分け合う国家の仕組み。</p><p><strong>ポイント</strong><br>全てを中央が直接管理する制度とは違う。</p><p class=""related""><strong>関連語</strong><br>アメリカ・国家</p>",社会三年 科目::歴史 優先::S 単元::H18 学年::中2
資本家,"<p>工場・設備などの生産手段をもち、事業を行う人々。</p><p><strong>ポイント</strong><br>賃金を得て働く労働者との経済上の関係を考える。</p><p class=""related""><strong>関連語</strong><br>資本主義・工業化</p>",社会三年 科目::歴史 優先::S 単元::H18 学年::中2
賃金労働者,"<p>労働を提供し、その対価として賃金を得る人々。</p><p><strong>ポイント</strong><br>工場の発達と、労働条件をめぐる問題を関連付ける。</p><p class=""related""><strong>関連語</strong><br>産業革命・賃金</p>",社会三年 科目::歴史 優先::S 単元::H18 学年::中2
工場法,"<p>工場で働く人の労働時間や年少者の就業などを規制するための法律。</p><p><strong>ポイント</strong><br>国や時期によって内容は異なる。工業化の社会問題への対応。</p><p class=""related""><strong>関連語</strong><br>労働・産業革命</p>",社会三年 科目::歴史 優先::S 単元::H18 学年::中2
ビスマルク,"<p>プロイセンの政治家として、19世紀のドイツ統一に重要な役割を果たした人物。</p><p><strong>ポイント</strong><br>ドイツの成立とヨーロッパの力関係の変化を結び付ける。</p><p class=""related""><strong>関連語</strong><br>ドイツ・国家統一</p>",社会三年 科目::歴史 優先::S 単元::H18 学年::中2
リンカン,"<p>南北戦争の時期にアメリカ大統領を務めた人物。奴隷制の廃止へ向かう過程に関わる。</p><p><strong>ポイント</strong><br>法律上の廃止と、その後の差別の解消を同じにしない。</p><p class=""related""><strong>関連語</strong><br>南北戦争・人権</p>",社会三年 科目::歴史 優先::S 単元::H18 学年::中2
自由の理念と植民地支配,"<p>欧米で自由・平等が唱えられる一方、他地域を支配して人々の権利を制限したこと。</p><p><strong>ポイント</strong><br>近代化の成果と矛盾を、複数の立場で考える。</p><p class=""related""><strong>関連語</strong><br>帝国主義・人権</p>",社会三年 科目::歴史 優先::A 単元::H18 学年::中2
ペリー,"<p>1853年、浦賀へ来航し、日本へ開国を求めたアメリカの海軍軍人。</p><p><strong>ポイント</strong><br>翌年の日米和親条約と結び付ける。</p><p class=""related""><strong>関連語</strong><br>黒船・開国</p>",社会三年 科目::歴史 優先::S 単元::H19 学年::中2
日米和親条約,"<p>1854年、下田・函館の開港やアメリカ船への補給などを定めた条約。</p><p><strong>ポイント</strong><br>1858年の通商条約とは目的・内容が違う。</p><p class=""related""><strong>関連語</strong><br>ペリー・開国</p>",社会三年 科目::歴史 優先::S 単元::H19 学年::中2
<ruby>日米修好通商条約<rp>（</rp><rt>にちべいしゅうこうつうしょうじょうやく</rt><rp>）</rp></ruby>,"<p>1858年、開港と貿易などを定めた日本とアメリカの条約。</p><p><strong>ポイント</strong><br>領事裁判権や関税自主権の問題を含む不平等条約。</p><p class=""related""><strong>関連語</strong><br>ハリス・<ruby>井伊直弼<rp>（</rp><rt>いいなおすけ</rt><rp>）</rp></ruby></p>",社会三年 科目::歴史 優先::S 単元::H19 学年::中2
ハリス,"<p>初代アメリカ総領事として来日し、通商条約の交渉を進めた人物。</p><p><strong>ポイント</strong><br>ペリーの来航と役割を区別する。</p><p class=""related""><strong>関連語</strong><br><ruby>日米修好通商条約<rp>（</rp><rt>にちべいしゅうこうつうしょうじょうやく</rt><rp>）</rp></ruby>・外交</p>",社会三年 科目::歴史 優先::S 単元::H19 学年::中2
領事裁判権,"<p>外国人の事件を、その人の国の領事が裁判する権利。</p><p><strong>ポイント</strong><br>日本が国内の外国人を自国の裁判で扱えない問題が生じた。</p><p class=""related""><strong>関連語</strong><br>不平等条約・治外法権</p>",社会三年 科目::歴史 優先::S 単元::H19 学年::中2
関税自主権,"<p>自国の関税を、自国の判断で決める権利。</p><p><strong>ポイント</strong><br>幕末の不平等条約では十分に認められなかった。</p><p class=""related""><strong>関連語</strong><br>関税・条約改正</p>",社会三年 科目::歴史 優先::S 単元::H19 学年::中2
<ruby>井伊直弼<rp>（</rp><rt>いいなおすけ</rt><rp>）</rp></ruby>,"<p>大老として通商条約の調印などを進め、反対派を<ruby>安政の大獄<rp>（</rp><rt>あんせいのたいごく</rt><rp>）</rp></ruby>で処罰した人物。</p><p><strong>ポイント</strong><br>1860年、桜田門外の変で殺害された。</p><p class=""related""><strong>関連語</strong><br>大老・幕末</p>",社会三年 科目::歴史 優先::S 単元::H19 学年::中2
<ruby>安政の大獄<rp>（</rp><rt>あんせいのたいごく</rt><rp>）</rp></ruby>,"<p>1858〜1859年、<ruby>井伊直弼<rp>（</rp><rt>いいなおすけ</rt><rp>）</rp></ruby>らが条約や将軍継承などに反対する人々を処罰した事件。</p><p><strong>ポイント</strong><br>幕府への反発を強めた。</p><p class=""related""><strong>関連語</strong><br>井伊直弼・政治弾圧</p>",社会三年 科目::歴史 優先::S 単元::H19 学年::中2
桜田門外の変,"<p>1860年、<ruby>井伊直弼<rp>（</rp><rt>いいなおすけ</rt><rp>）</rp></ruby>が江戸城の桜田門外で殺害された事件。</p><p><strong>ポイント</strong><br><ruby>大政奉還<rp>（</rp><rt>たいせいほうかん</rt><rp>）</rp></ruby>より前の、幕府の権威が揺らぐ出来事。</p><p class=""related""><strong>関連語</strong><br>井伊直弼・幕末</p>",社会三年 科目::歴史 優先::S 単元::H19 学年::中2
<ruby>尊王攘夷<rp>（</rp><rt>そんのうじょうい</rt><rp>）</rp></ruby>,"<p>天皇を尊び、外国勢力を排除しようとする考え方・運動。</p><p><strong>ポイント</strong><br>当初から全員が倒幕を目指していたわけではない。</p><p class=""related""><strong>関連語</strong><br>幕末・天皇</p>",社会三年 科目::歴史 優先::S 単元::H19 学年::中2
薩英戦争,"<p>1863年、<ruby>薩摩藩<rp>（</rp><rt>さつまはん</rt><rp>）</rp></ruby>とイギリスの間で起こった戦い。</p><p><strong>ポイント</strong><br>薩摩が欧米の軍事力を認識し、関係を変える契機となった。</p><p class=""related""><strong>関連語</strong><br>薩摩藩・イギリス</p>",社会三年 科目::歴史 優先::S 単元::H19 学年::中2
下関での外国艦隊との戦い,"<p>長州藩の外国船砲撃などを背景に起こり、1864年には四国連合艦隊が長州を攻撃した。</p><p><strong>ポイント</strong><br>長州が攘夷の困難さを認識する契機となった。</p><p class=""related""><strong>関連語</strong><br>長州藩・攘夷</p>",社会三年 科目::歴史 優先::A 単元::H19 学年::中2
<ruby>薩長同盟<rp>（</rp><rt>さっちょうどうめい</rt><rp>）</rp></ruby>,"<p>1866年、<ruby>薩摩藩<rp>（</rp><rt>さつまはん</rt><rp>）</rp></ruby>と長州藩が結んだ同盟。</p><p><strong>ポイント</strong><br>対立していた両藩が協力し、倒幕への動きが強まった。</p><p class=""related""><strong>関連語</strong><br>坂本龍馬・倒幕</p>",社会三年 科目::歴史 優先::S 単元::H19 学年::中2
坂本龍馬,"<p><ruby>薩長同盟<rp>（</rp><rt>さっちょうどうめい</rt><rp>）</rp></ruby>の仲介など、幕末の政治変革に関わった人物。</p><p><strong>ポイント</strong><br>同盟や改革を一人だけの成果としない。</p><p class=""related""><strong>関連語</strong><br>薩長同盟・土佐</p>",社会三年 科目::歴史 優先::S 単元::H19 学年::中2
<ruby>徳川慶喜<rp>（</rp><rt>とくがわよしのぶ</rt><rp>）</rp></ruby>,"<p>江戸幕府の15代将軍。1867年に<ruby>大政奉還<rp>（</rp><rt>たいせいほうかん</rt><rp>）</rp></ruby>を行った。</p><p><strong>ポイント</strong><br>大政奉還後も、政治をめぐる対立は続いた。</p><p class=""related""><strong>関連語</strong><br>大政奉還・幕末</p>",社会三年 科目::歴史 優先::S 単元::H19 学年::中2
<ruby>大政奉還<rp>（</rp><rt>たいせいほうかん</rt><rp>）</rp></ruby>,"<p>1867年、<ruby>徳川慶喜<rp>（</rp><rt>とくがわよしのぶ</rt><rp>）</rp></ruby>が政権を朝廷へ返したこと。</p><p><strong>ポイント</strong><br>王政復古の大号令とは別の出来事。</p><p class=""related""><strong>関連語</strong><br>徳川慶喜・政権</p>",社会三年 科目::歴史 優先::S 単元::H19 学年::中2
王政復古の大号令,"<p>幕府を廃止し、天皇中心の新しい政治体制を示した宣言。</p><p><strong>ポイント</strong><br>慣用の年表では旧暦の1867年末として扱う。</p><p class=""related""><strong>関連語</strong><br>新政府・<ruby>大政奉還<rp>（</rp><rt>たいせいほうかん</rt><rp>）</rp></ruby></p>",社会三年 科目::歴史 優先::S 単元::H19 学年::中2
<ruby>戊辰戦争<rp>（</rp><rt>ぼしんせんそう</rt><rp>）</rp></ruby>,"<p>1868〜1869年、新政府軍と旧幕府側の間で行われた内戦。</p><p><strong>ポイント</strong><br>政権の交代が全て平和的に完了したわけではない。</p><p class=""related""><strong>関連語</strong><br>鳥羽・伏見・箱館</p>",社会三年 科目::歴史 優先::S 単元::H19 学年::中2
明治維新,"<p>幕末から明治初期にかけての、政治・経済・社会の大きな変革。</p><p><strong>ポイント</strong><br>一つの法令や一日の出来事ではない。</p><p class=""related""><strong>関連語</strong><br>新政府・近代国家</p>",社会三年 科目::歴史 優先::S 単元::H19 学年::中2
和親条約と通商条約の違い,"<p>和親条約は船への補給などと限定的な開港、通商条約は開港場での本格的な貿易などを定めた。</p><p><strong>ポイント</strong><br>1854年と1858年を、内容と一緒に覚える。</p><p class=""related""><strong>関連語</strong><br>開国・不平等条約</p>",社会三年 科目::歴史 優先::A 単元::H19 学年::中2
ラクスマン,"<p>江戸時代後期、ロシアから来航し、日本との通商などを求めた使節。</p><p><strong>ポイント</strong><br>ペリーより前にも外国との交渉の動きがあった。</p><p class=""related""><strong>関連語</strong><br>ロシア・開国前</p>",社会三年 科目::歴史 優先::S 単元::H19 学年::中2
異国船打払令,"<p>1825年、接近する外国船を武力で追い払う方針を示した幕府の命令。</p><p><strong>ポイント</strong><br>後の<ruby>薪水給与令<rp>（</rp><rt>しんすいきゅうよれい</rt><rp>）</rp></ruby>との対応の違いを考える。</p><p class=""related""><strong>関連語</strong><br>外国船・幕府</p>",社会三年 科目::歴史 優先::S 単元::H19 学年::中2
<ruby>薪水給与令<rp>（</rp><rt>しんすいきゅうよれい</rt><rp>）</rp></ruby>,"<p>1842年、外国船へ燃料や水などを与えて退去させる方針を示した命令。</p><p><strong>ポイント</strong><br>アヘン戦争後の国際情勢と幕府の対応の変化を結び付ける。</p><p class=""related""><strong>関連語</strong><br>開国前・対外政策</p>",社会三年 科目::歴史 優先::S 単元::H19 学年::中2
捕鯨と太平洋の寄港地,"<p>外国の捕鯨船や交通の拡大が、水・食料・燃料を補給する港への需要に関わったこと。</p><p><strong>ポイント</strong><br>開国要求を国際的な海上活動の中で考える。</p><p class=""related""><strong>関連語</strong><br>アメリカ・補給</p>",社会三年 科目::歴史 優先::A 単元::H19 学年::中2
<ruby>勅許<rp>（</rp><rt>ちょっきょ</rt><rp>）</rp></ruby>,"<p>天皇の許可。幕末の条約調印では、その有無が政治対立の一因となった。</p><p><strong>ポイント</strong><br>条約の内容と、決定の手続きへの賛否を分ける。</p><p class=""related""><strong>関連語</strong><br>朝廷・幕府</p>",社会三年 科目::歴史 優先::S 単元::H19 学年::中2
<ruby>高杉晋作<rp>（</rp><rt>たかすぎしんさく</rt><rp>）</rp></ruby>,"<p>長州藩で奇兵隊を組織するなど、幕末の政治・軍事の変革に関わった人物。</p><p><strong>ポイント</strong><br>身分と軍事組織の変化を考える。</p><p class=""related""><strong>関連語</strong><br>長州藩・奇兵隊</p>",社会三年 科目::歴史 優先::S 単元::H19 学年::中2
奇兵隊,"<p><ruby>高杉晋作<rp>（</rp><rt>たかすぎしんさく</rt><rp>）</rp></ruby>が組織した、武士以外も参加する長州の軍事組織。</p><p><strong>ポイント</strong><br>武器の変化だけでなく、人の集め方にも変化があった。</p><p class=""related""><strong>関連語</strong><br>幕末・兵制</p>",社会三年 科目::歴史 優先::S 単元::H19 学年::中2
輸出増加と国内の原料価格,"<p>外国向けの需要が加わると、国内の生産者の収入や原料を買う企業の負担が変わる場合がある。</p><p><strong>ポイント</strong><br>貿易の拡大が全員へ同じ影響を与えるとは限らない。</p><p class=""related""><strong>関連語</strong><br><ruby>生糸<rp>（</rp><rt>きいと</rt><rp>）</rp></ruby>・開港</p>",社会三年 科目::歴史 優先::A 単元::H19 学年::中2
開国と金の流出,"<p>国内外の金銀の交換比率の違いなどによって、日本の金が国外へ流れた問題。</p><p><strong>ポイント</strong><br>外国との取引が国内の<ruby>貨幣<rp>（</rp><rt>かへい</rt><rp>）</rp></ruby>・物価にも関わった。</p><p class=""related""><strong>関連語</strong><br>通貨・幕末</p>",社会三年 科目::歴史 優先::A 単元::H19 学年::中2
鳥羽・伏見の戦い,"<p>1868年、新政府軍と旧幕府側が京都南部で戦った、戊辰戦争初期の戦い。</p><p><strong>ポイント</strong><br><ruby>大政奉還<rp>（</rp><rt>たいせいほうかん</rt><rp>）</rp></ruby>の後も軍事的な対立が続いたことを示す。</p><p class=""related""><strong>関連語</strong><br><ruby>戊辰戦争<rp>（</rp><rt>ぼしんせんそう</rt><rp>）</rp></ruby>・政権</p>",社会三年 科目::歴史 優先::S 単元::H19 学年::中2
<ruby>勝海舟<rp>（</rp><rt>かつかいしゅう</rt><rp>）</rp></ruby>,"<p>幕末の幕臣で、<ruby>西郷隆盛<rp>（</rp><rt>さいごうたかもり</rt><rp>）</rp></ruby>との交渉などを通じ江戸城の明渡しに関わった人物。</p><p><strong>ポイント</strong><br>江戸で戦闘を避けたことと、全国の戦争終結を区別する。</p><p class=""related""><strong>関連語</strong><br>江戸開城・交渉</p>",社会三年 科目::歴史 優先::S 単元::H19 学年::中2
江戸開城,"<p>1868年、江戸城が新政府側へ明け渡されたこと。</p><p><strong>ポイント</strong><br><ruby>戊辰戦争<rp>（</rp><rt>ぼしんせんそう</rt><rp>）</rp></ruby>はその後も東北・箱館などで続いた。</p><p class=""related""><strong>関連語</strong><br><ruby>勝海舟<rp>（</rp><rt>かつかいしゅう</rt><rp>）</rp></ruby>・<ruby>西郷隆盛<rp>（</rp><rt>さいごうたかもり</rt><rp>）</rp></ruby></p>",社会三年 科目::歴史 優先::S 単元::H19 学年::中2
<ruby>五箇条の御誓文<rp>（</rp><rt>ごかじょうのごせいもん</rt><rp>）</rp></ruby>,"<p>1868年、明治政府が示した新しい政治の基本方針。</p><p><strong>ポイント</strong><br>広く会議を起こすことや、世界に知識を求めることなどを掲げた。</p><p class=""related""><strong>関連語</strong><br>明治維新・新政府</p>",社会三年 科目::歴史 優先::S 単元::H20 学年::中2
<ruby>版籍奉還<rp>（</rp><rt>はんせきほうかん</rt><rp>）</rp></ruby>,"<p>1869年、藩主が土地と人民を朝廷へ返したこと。</p><p><strong>ポイント</strong><br>藩主は知藩事として残り、この時点で藩が全てなくなったわけではない。</p><p class=""related""><strong>関連語</strong><br>中央集権・<ruby>廃藩置県<rp>（</rp><rt>はいはんちけん</rt><rp>）</rp></ruby></p>",社会三年 科目::歴史 優先::S 単元::H20 学年::中2
<ruby>廃藩置県<rp>（</rp><rt>はいはんちけん</rt><rp>）</rp></ruby>,"<p>1871年、藩を廃止し、府県を置いて中央から役人を派遣した改革。</p><p><strong>ポイント</strong><br>政府による地方の直接支配が強まった。</p><p class=""related""><strong>関連語</strong><br>中央集権・府県</p>",社会三年 科目::歴史 優先::S 単元::H20 学年::中2
富国強兵,"<p>国の経済力と軍事力を強めるという、明治政府の政策目標。</p><p><strong>ポイント</strong><br>産業・教育・税・軍隊の改革が結び付く。</p><p class=""related""><strong>関連語</strong><br>殖産興業・<ruby>徴兵令<rp>（</rp><rt>ちょうへいれい</rt><rp>）</rp></ruby></p>",社会三年 科目::歴史 優先::S 単元::H20 学年::中2
殖産興業,"<p>政府が工場・交通などを整え、近代的な産業を育てる政策。</p><p><strong>ポイント</strong><br>官営工場や外国人技術者の活用などを行った。</p><p class=""related""><strong>関連語</strong><br><ruby>富岡製糸場<rp>（</rp><rt>とみおかせいしじょう</rt><rp>）</rp></ruby>・鉄道</p>",社会三年 科目::歴史 優先::S 単元::H20 学年::中2
<ruby>富岡製糸場<rp>（</rp><rt>とみおかせいしじょう</rt><rp>）</rp></ruby>,"<p>1872年に操業した、<ruby>群馬県<rp>（</rp><rt>ぐんまけん</rt><rp>）</rp></ruby>の官営模範製糸場。</p><p><strong>ポイント</strong><br><ruby>生糸<rp>（</rp><rt>きいと</rt><rp>）</rp></ruby>の生産技術を広める拠点となった。</p><p class=""related""><strong>関連語</strong><br>殖産興業・<ruby>製糸業<rp>（</rp><rt>せいしぎょう</rt><rp>）</rp></ruby></p>",社会三年 科目::歴史 優先::S 単元::H20 学年::中2
岩倉使節団,"<p>1871年に出発し、欧米を視察して条約改正も目指した使節団。</p><p><strong>ポイント</strong><br>条約改正はこの時には実現しなかった。</p><p class=""related""><strong>関連語</strong><br>岩倉具視・欧米視察</p>",社会三年 科目::歴史 優先::S 単元::H20 学年::中2
学制,"<p>1872年、全国に学校を設ける方針などを示した教育制度。</p><p><strong>ポイント</strong><br>教育の普及と、当初の家計・労働への負担を両方見る。</p><p class=""related""><strong>関連語</strong><br>小学校・明治政府</p>",社会三年 科目::歴史 優先::S 単元::H20 学年::中2
<ruby>徴兵令<rp>（</rp><rt>ちょうへいれい</rt><rp>）</rp></ruby>,"<p>1873年、満20歳の男子を対象に兵役の義務を定めた法令。</p><p><strong>ポイント</strong><br>当初は免除規定などがあり、全員が入隊したわけではない。</p><p class=""related""><strong>関連語</strong><br>国民軍・富国強兵</p>",社会三年 科目::歴史 優先::S 単元::H20 学年::中2
<ruby>地租改正<rp>（</rp><rt>ちそかいせい</rt><rp>）</rp></ruby>,"<p>1873年から進められ、土地所有者が地価を基準に税を現金で納める制度へ変えた改革。</p><p><strong>ポイント</strong><br>当初税率は3％。米の収穫高を基準にする年貢と区別する。</p><p class=""related""><strong>関連語</strong><br>地価・金納</p>",社会三年 科目::歴史 優先::S 単元::H20 学年::中2
地券,"<p>明治初期に、土地の所有者や地価などを記した証書。</p><p><strong>ポイント</strong><br>土地所有や地租の制度と関わる。</p><p class=""related""><strong>関連語</strong><br><ruby>地租改正<rp>（</rp><rt>ちそかいせい</rt><rp>）</rp></ruby>・土地</p>",社会三年 科目::歴史 優先::S 単元::H20 学年::中2
文明開化,"<p>明治初期に、西洋の文化や生活様式、制度などを取り入れた変化。</p><p><strong>ポイント</strong><br>服装・食事・交通・思想などに見られたが、地域差もあった。</p><p class=""related""><strong>関連語</strong><br>西洋文化・明治</p>",社会三年 科目::歴史 優先::S 単元::H20 学年::中2
福沢諭吉,"<p>『学問のすゝめ』などを著し、学問や独立の精神を重視した思想家。</p><p><strong>ポイント</strong><br>文明開化と教育・思想の広がりに関わる。</p><p class=""related""><strong>関連語</strong><br>学問のすゝめ・慶應義塾</p>",社会三年 科目::歴史 優先::S 単元::H20 学年::中2
四民平等,"<p>明治政府が江戸時代の身分制度を改め、職業などの制限を解いていった方向を示す言葉。</p><p><strong>ポイント</strong><br>華族・士族などの区分や、差別は残った。</p><p class=""related""><strong>関連語</strong><br>身分制度・明治維新</p>",社会三年 科目::歴史 優先::S 単元::H20 学年::中2
解放令,"<p>1871年、被差別身分の呼称などを廃止した太政官布告の通称。</p><p><strong>ポイント</strong><br>法令が出ても、差別や経済的困難はすぐにはなくならなかった。</p><p class=""related""><strong>関連語</strong><br>身分制度・差別</p>",社会三年 科目::歴史 優先::S 単元::H20 学年::中2
<ruby>秩禄処分<rp>（</rp><rt>ちつろくしょぶん</rt><rp>）</rp></ruby>,"<p>士族などへ支払っていた家禄などを廃止し、公債を与えるなどした改革。</p><p><strong>ポイント</strong><br>1876年に金禄公債による処分が進められた。</p><p class=""related""><strong>関連語</strong><br>士族・政府財政</p>",社会三年 科目::歴史 優先::S 単元::H20 学年::中2
廃刀令,"<p>1876年、軍人・警察官などの例外を除き、刀を帯びることを禁じた法令。</p><p><strong>ポイント</strong><br>刀を所有すること全てを禁じたものとは異なる。</p><p class=""related""><strong>関連語</strong><br>士族・身分改革</p>",社会三年 科目::歴史 優先::S 単元::H20 学年::中2
西南戦争,"<p>1877年、<ruby>西郷隆盛<rp>（</rp><rt>さいごうたかもり</rt><rp>）</rp></ruby>を中心とする士族らが政府に反抗して起こした戦争。</p><p><strong>ポイント</strong><br>政府軍が勝ち、士族の大規模な武力反乱は収束へ向かった。</p><p class=""related""><strong>関連語</strong><br>西郷隆盛・士族</p>",社会三年 科目::歴史 優先::S 単元::H20 学年::中2
征韓論,"<p>明治初期、朝鮮に対し武力行使を含む強硬な対応を求めた議論。</p><p><strong>ポイント</strong><br>1873年の政府分裂の背景となった。</p><p class=""related""><strong>関連語</strong><br><ruby>西郷隆盛<rp>（</rp><rt>さいごうたかもり</rt><rp>）</rp></ruby>・明治政府</p>",社会三年 科目::歴史 優先::S 単元::H20 学年::中2
<ruby>樺太・千島交換条約<rp>（</rp><rt>からふと・ちしまこうかんじょうやく</rt><rp>）</rp></ruby>,"<p>1875年、日本が千島列島を、ロシアが樺太を領有すると定めた条約。</p><p><strong>ポイント</strong><br>1905年に南樺太を得たポーツマス条約と区別する。</p><p class=""related""><strong>関連語</strong><br>日露関係・国境</p>",社会三年 科目::歴史 優先::S 単元::H20 学年::中2
<ruby>日朝修好条規<rp>（</rp><rt>にっちょうしゅうこうじょうき</rt><rp>）</rp></ruby>,"<p>1876年、日本が朝鮮に開港などを認めさせた条約。</p><p><strong>ポイント</strong><br>日本に有利な不平等条約だった。</p><p class=""related""><strong>関連語</strong><br>朝鮮・開港</p>",社会三年 科目::歴史 優先::S 単元::H20 学年::中2
<ruby>琉球処分<rp>（</rp><rt>りゅうきゅうしょぶん</rt><rp>）</rp></ruby>,"<p>明治政府が琉球の統合を進め、1879年に琉球藩を廃して沖縄県を設けたことなどを指す。</p><p><strong>ポイント</strong><br>王国の人々の立場や、文化・政治への影響も考える。</p><p class=""related""><strong>関連語</strong><br>沖縄県・明治政府</p>",社会三年 科目::歴史 優先::S 単元::H20 学年::中2
知藩事,"<p>版籍奉還後、旧藩主が任命されて藩の統治を続けた地位。</p><p><strong>ポイント</strong><br><ruby>廃藩置県<rp>（</rp><rt>はいはんちけん</rt><rp>）</rp></ruby>では藩そのものが廃止された。</p><p class=""related""><strong>関連語</strong><br><ruby>版籍奉還<rp>（</rp><rt>はんせきほうかん</rt><rp>）</rp></ruby>・地方行政</p>",社会三年 科目::歴史 優先::S 単元::H20 学年::中2
<ruby>大久保利通<rp>（</rp><rt>おおくぼとしみち</rt><rp>）</rp></ruby>,"<p>明治政府で中央集権化や殖産興業などに関わった政治家。</p><p><strong>ポイント</strong><br>改革の内容と、政府内の意見の違いを合わせて考える。</p><p class=""related""><strong>関連語</strong><br>明治維新・政治</p>",社会三年 科目::歴史 優先::S 単元::H20 学年::中2
<ruby>木戸孝允<rp>（</rp><rt>きどたかよし</rt><rp>）</rp></ruby>,"<p>長州藩出身で、明治政府の政治改革などに関わった人物。</p><p><strong>ポイント</strong><br>幕末の桂小五郎と同じ人物。</p><p class=""related""><strong>関連語</strong><br>明治維新・中央集権</p>",社会三年 科目::歴史 優先::S 単元::H20 学年::中2
<ruby>西郷隆盛<rp>（</rp><rt>さいごうたかもり</rt><rp>）</rp></ruby>,"<p>薩摩藩出身で維新に関わり、後に政府を離れて西南戦争の中心となった人物。</p><p><strong>ポイント</strong><br>同じ人物の立場が時期により変わったことを確認する。</p><p class=""related""><strong>関連語</strong><br>明治政府・士族</p>",社会三年 科目::歴史 優先::S 単元::H20 学年::中2
金納,"<p>税や地代などを、現物ではなく金銭で納めること。</p><p><strong>ポイント</strong><br>納める額が同じでも、作物の販売価格によって負担の感じ方が変わる。</p><p class=""related""><strong>関連語</strong><br><ruby>地租改正<rp>（</rp><rt>ちそかいせい</rt><rp>）</rp></ruby>・市場</p>",社会三年 科目::歴史 優先::S 単元::H20 学年::中2
地価・作物価格・納税の関係,"<p>地価に基づく税が一定でも、作物価格が下がると同じ税額を得るため多く販売する必要がある。</p><p><strong>ポイント</strong><br>収穫量と金銭での納税負担を分ける。</p><p class=""related""><strong>関連語</strong><br>農民・地租</p>",社会三年 科目::歴史 優先::A 単元::H20 学年::中2
官営工場,"<p>政府が経営し、生産や技術の導入などを進めた工場。</p><p><strong>ポイント</strong><br>民間企業の工場と、経営主体が異なる。</p><p class=""related""><strong>関連語</strong><br>殖産興業・技術</p>",社会三年 科目::歴史 優先::S 単元::H20 学年::中2
お雇い外国人,"<p>明治初期などに、政府や企業が技術・教育・制度の導入のため雇った外国の専門家。</p><p><strong>ポイント</strong><br>人材の育成や知識の伝達にも役割をもった。</p><p class=""related""><strong>関連語</strong><br>近代化・交流</p>",社会三年 科目::歴史 優先::S 単元::H20 学年::中2
郵便と電信,"<p>郵便は手紙などを運び、電信は電気信号で情報を伝える仕組み。</p><p><strong>ポイント</strong><br>物の移動と情報の伝達を区別する。</p><p class=""related""><strong>関連語</strong><br>通信・明治</p>",社会三年 科目::歴史 優先::S 単元::H20 学年::中2
華族・士族・平民,"<p>明治初期に設けられた身分上の区分。</p><p><strong>ポイント</strong><br>旧制度が変わっても、新たな区分や差が残った。</p><p class=""related""><strong>関連語</strong><br>身分改革・近代</p>",社会三年 科目::歴史 優先::S 単元::H20 学年::中2
法的な身分変更と社会的差別,"<p>法律上の呼称や制限が変わることと、慣習・偏見・経済格差が解消することは異なる。</p><p><strong>ポイント</strong><br>解放令の意義とその後の課題を両方見る。</p><p class=""related""><strong>関連語</strong><br>人権・社会変化</p>",社会三年 科目::歴史 優先::A 単元::H20 学年::中2
キリスト教禁止の高札撤去,"<p>1873年、政府がキリスト教を禁ずる掲示を撤去したこと。</p><p><strong>ポイント</strong><br>新政府も当初は禁教を続け、政策は段階的に変化した。</p><p class=""related""><strong>関連語</strong><br>明治・信仰</p>",社会三年 科目::歴史 優先::S 単元::H20 学年::中2
藩閥政治,"<p>薩摩・長州など、特定の藩の出身者が中心となって進めた明治政府の政治。</p><p><strong>ポイント</strong><br>国会開設を求める批判の対象となった。</p><p class=""related""><strong>関連語</strong><br>明治政府・自由民権運動</p>",社会三年 科目::歴史 優先::S 単元::H21 学年::中2
<ruby>板垣退助<rp>（</rp><rt>いたがきたいすけ</rt><rp>）</rp></ruby>,"<p>民撰議院の設立を求め、自由民権運動や自由党の結成を進めた人物。</p><p><strong>ポイント</strong><br><ruby>大隈重信<rp>（</rp><rt>おおくましげのぶ</rt><rp>）</rp></ruby>の立憲改進党と区別する。</p><p class=""related""><strong>関連語</strong><br>自由党・国会</p>",社会三年 科目::歴史 優先::S 単元::H21 学年::中2
<ruby>民撰議院設立の建白書<rp>（</rp><rt>みんせんぎいんせつりつのけんぱくしょ</rt><rp>）</rp></ruby>,"<p>1874年、<ruby>板垣退助<rp>（</rp><rt>いたがきたいすけ</rt><rp>）</rp></ruby>らが提出した、選挙で選ばれた議員による議会を求める文書。</p><p><strong>ポイント</strong><br>自由民権運動の出発点の一つ。</p><p class=""related""><strong>関連語</strong><br>国会開設・板垣退助</p>",社会三年 科目::歴史 優先::S 単元::H21 学年::中2
自由民権運動,"<p>国会開設・憲法制定・言論の自由などを求めた明治時代の運動。</p><p><strong>ポイント</strong><br>士族だけでなく農民や都市の人々にも広がった。</p><p class=""related""><strong>関連語</strong><br>政党・<ruby>私擬憲法<rp>（</rp><rt>しぎけんぽう</rt><rp>）</rp></ruby></p>",社会三年 科目::歴史 優先::S 単元::H21 学年::中2
<ruby>私擬憲法<rp>（</rp><rt>しぎけんぽう</rt><rp>）</rp></ruby>,"<p>政府以外の人々が作った憲法案。</p><p><strong>ポイント</strong><br>自由民権運動の中で多様な案がつくられた。</p><p class=""related""><strong>関連語</strong><br>憲法・政治参加</p>",社会三年 科目::歴史 優先::S 単元::H21 学年::中2
国会期成同盟,"<p>1880年、国会開設を求める団体が集まって結成した組織。</p><p><strong>ポイント</strong><br>翌年の国会開設の<ruby>勅諭<rp>（</rp><rt>ちょくゆ</rt><rp>）</rp></ruby>につながる運動を進めた。</p><p class=""related""><strong>関連語</strong><br>自由民権運動・請願</p>",社会三年 科目::歴史 優先::S 単元::H21 学年::中2
国会開設の<ruby>勅諭<rp>（</rp><rt>ちょくゆ</rt><rp>）</rp></ruby>,"<p>1881年、1890年に国会を開くことを約束した天皇の文書。</p><p><strong>ポイント</strong><br>約束の年と、実際の開会の年を分ける。</p><p class=""related""><strong>関連語</strong><br>1881年・1890年</p>",社会三年 科目::歴史 優先::S 単元::H21 学年::中2
自由党,"<p>1881年、<ruby>板垣退助<rp>（</rp><rt>いたがきたいすけ</rt><rp>）</rp></ruby>らが結成した政党。</p><p><strong>ポイント</strong><br>農村の有力者などの支持を集めた。</p><p class=""related""><strong>関連語</strong><br>自由民権運動・板垣退助</p>",社会三年 科目::歴史 優先::S 単元::H21 学年::中2
立憲改進党,"<p>1882年、<ruby>大隈重信<rp>（</rp><rt>おおくましげのぶ</rt><rp>）</rp></ruby>らが結成した政党。</p><p><strong>ポイント</strong><br>イギリス型の立憲政治を目指した。</p><p class=""related""><strong>関連語</strong><br>大隈重信・政党</p>",社会三年 科目::歴史 優先::S 単元::H21 学年::中2
<ruby>大隈重信<rp>（</rp><rt>おおくましげのぶ</rt><rp>）</rp></ruby>,"<p>明治の政治家で、立憲改進党を結成した人物。</p><p><strong>ポイント</strong><br>自由党の<ruby>板垣退助<rp>（</rp><rt>いたがきたいすけ</rt><rp>）</rp></ruby>と対応を確認する。</p><p class=""related""><strong>関連語</strong><br>立憲改進党・議会政治</p>",社会三年 科目::歴史 優先::S 単元::H21 学年::中2
<ruby>秩父事件<rp>（</rp><rt>ちちぶじけん</rt><rp>）</rp></ruby>,"<p>1884年、借金の返済猶予などを求める農民らが埼玉県秩父地方で起こした事件。</p><p><strong>ポイント</strong><br>民権運動と、不況による生活問題が重なる。</p><p class=""related""><strong>関連語</strong><br>農民・借金</p>",社会三年 科目::歴史 優先::S 単元::H21 学年::中2
<ruby>伊藤博文<rp>（</rp><rt>いとうひろぶみ</rt><rp>）</rp></ruby>,"<p>初代内閣総理大臣となり、大日本帝国憲法の制定などを進めた政治家。</p><p><strong>ポイント</strong><br>1885年の内閣制度、1889年の憲法を結び付ける。</p><p class=""related""><strong>関連語</strong><br>内閣・憲法</p>",社会三年 科目::歴史 優先::S 単元::H21 学年::中2
大日本帝国憲法,"<p>1889年に発布された、天皇中心の統治の仕組みを定めた憲法。</p><p><strong>ポイント</strong><br><ruby>臣民<rp>（</rp><rt>しんみん</rt><rp>）</rp></ruby>の権利は法律の範囲内で認められた。</p><p class=""related""><strong>関連語</strong><br>天皇主権・帝国議会</p>",社会三年 科目::歴史 優先::S 単元::H21 学年::中2
帝国議会,"<p>1890年に開かれた、貴族院と衆議院からなる議会。</p><p><strong>ポイント</strong><br>現在の国会の参議院と貴族院を混同しない。</p><p class=""related""><strong>関連語</strong><br>大日本帝国憲法・二院制</p>",社会三年 科目::歴史 優先::S 単元::H21 学年::中2
貴族院,"<p>帝国議会の一院で、皇族・華族や任命された議員などから構成された。</p><p><strong>ポイント</strong><br>一般の国民が普通選挙で選ぶ議院ではなかった。</p><p class=""related""><strong>関連語</strong><br>帝国議会・衆議院</p>",社会三年 科目::歴史 優先::S 単元::H21 学年::中2
1890年の衆議院選挙権,"<p>満25歳以上の男子で、直接国税15円以上を納める者に限られた。</p><p><strong>ポイント</strong><br>年齢・性別・納税額の三つの制限を確認する。</p><p class=""related""><strong>関連語</strong><br>制限選挙・帝国議会</p>",社会三年 科目::歴史 優先::S 単元::H21 学年::中2
<ruby>教育勅語<rp>（</rp><rt>きょういくちょくご</rt><rp>）</rp></ruby>,"<p>1890年、忠君愛国や道徳などを示し、戦前の教育に強い影響を与えた文書。</p><p><strong>ポイント</strong><br>戦後の教育基本法と目的・時代を区別する。</p><p class=""related""><strong>関連語</strong><br>明治・教育</p>",社会三年 科目::歴史 優先::S 単元::H21 学年::中2
二つの日本の憲法を比べる観点,"<p>主権の所在、人権保障のあり方、議会の構成、政府の責任などを共通の軸にする。</p><p><strong>ポイント</strong><br>名称だけでなく、権力をどう制限するかを見る。</p><p class=""related""><strong>関連語</strong><br>帝国憲法・日本国憲法</p>",社会三年 科目::歴史 優先::A 単元::H21 学年::中2
政治結社,"<p>共通の政治上の目的や考えに基づいて組織する団体。</p><p><strong>ポイント</strong><br>民権運動では演説・新聞・請願などとともに活動を支えた。</p><p class=""related""><strong>関連語</strong><br>自由民権運動・参加</p>",社会三年 科目::歴史 優先::S 単元::H21 学年::中2
請願,"<p>政治や行政などに対して、希望や要求を文書などで申し立てること。</p><p><strong>ポイント</strong><br>時代や制度によって方法や扱いは異なる。</p><p class=""related""><strong>関連語</strong><br>国会開設・政治参加</p>",社会三年 科目::歴史 優先::S 単元::H21 学年::中2
五日市憲法草案,"<p>自由民権運動の中で作られた民間の憲法案の一つ。</p><p><strong>ポイント</strong><br>政府以外の人々も憲法を学び、政治の構想を考えた。</p><p class=""related""><strong>関連語</strong><br><ruby>私擬憲法<rp>（</rp><rt>しぎけんぽう</rt><rp>）</rp></ruby>・民権</p>",社会三年 科目::歴史 優先::S 単元::H21 学年::中2
明治十四年の政変,"<p>1881年、<ruby>大隈重信<rp>（</rp><rt>おおくましげのぶ</rt><rp>）</rp></ruby>が政府を去り、国会開設の時期などが決められる転機となった政変。</p><p><strong>ポイント</strong><br>国会開設の約束と、1890年の実際の開会を区別する。</p><p class=""related""><strong>関連語</strong><br>大隈重信・憲法</p>",社会三年 科目::歴史 優先::S 単元::H21 学年::中2
松方正義,"<p>明治期の財政整理などを進めた政治家。</p><p><strong>ポイント</strong><br>その時期の物価下落と農村の生活を関連付ける。</p><p class=""related""><strong>関連語</strong><br>財政・松方デフレ</p>",社会三年 科目::歴史 優先::S 単元::H21 学年::中2
松方デフレ,"<p>松方正義の財政整理の時期に進んだ物価下落などを指す呼び名。</p><p><strong>ポイント</strong><br>農産物の収入減と、借金・税の負担の関係を考える。</p><p class=""related""><strong>関連語</strong><br>不況・農村</p>",社会三年 科目::歴史 優先::S 単元::H21 学年::中2
<ruby>欽定憲法<rp>（</rp><rt>きんていけんぽう</rt><rp>）</rp></ruby>,"<p>君主が制定して与えるという形式の憲法。</p><p><strong>ポイント</strong><br>大日本帝国憲法の制定形式を、主権や政治の仕組みと結び付ける。</p><p class=""related""><strong>関連語</strong><br>天皇・憲法</p>",社会三年 科目::歴史 優先::S 単元::H21 学年::中2
<ruby>枢密院<rp>（</rp><rt>すうみついん</rt><rp>）</rp></ruby>,"<p>重要な国の事項について、天皇の諮問を受けて審議した機関。</p><p><strong>ポイント</strong><br>帝国議会とは構成や役割が違う。</p><p class=""related""><strong>関連語</strong><br>明治政府・憲法</p>",社会三年 科目::歴史 優先::S 単元::H21 学年::中2
制限選挙,"<p>財産や納税額などを条件として選挙権を制限する選挙。</p><p><strong>ポイント</strong><br>当初の衆議院選挙では、性別・年齢の条件もあった。</p><p class=""related""><strong>関連語</strong><br>参政権・明治</p>",社会三年 科目::歴史 優先::S 単元::H21 学年::中2
立憲政友会,"<p>1900年、<ruby>伊藤博文<rp>（</rp><rt>いとうひろぶみ</rt><rp>）</rp></ruby>を中心に結成された政党。</p><p><strong>ポイント</strong><br>政府と政党の関係が変わっていく過程に位置付ける。</p><p class=""related""><strong>関連語</strong><br>伊藤博文・政党政治</p>",社会三年 科目::歴史 優先::S 単元::H21 学年::中2
物価下落と固定した負担,"<p>作物などの販売収入が減っても、借金や税が同じ額なら負担が重くなる場合がある。</p><p><strong>ポイント</strong><br>物価が安くなることを、全員の利益としない。</p><p class=""related""><strong>関連語</strong><br>松方デフレ・家計</p>",社会三年 科目::歴史 優先::A 単元::H21 学年::中2
憲法の制定と政治の運用,"<p>憲法の成立後も、政府・議会・政党などの関係が変化すること。</p><p><strong>ポイント</strong><br>制定年だけで、その後の実際の政治まで同じと考えない。</p><p class=""related""><strong>関連語</strong><br>帝国議会・政党</p>",社会三年 科目::歴史 優先::A 単元::H21 学年::中2
条約改正,"<p>幕末に結んだ不平等条約などを、対等な内容へ改める取り組み。</p><p><strong>ポイント</strong><br>領事裁判権と関税自主権の改正は、別の時期に進んだ。</p><p class=""related""><strong>関連語</strong><br><ruby>陸奥宗光<rp>（</rp><rt>むつむねみつ</rt><rp>）</rp></ruby>・<ruby>小村寿太郎<rp>（</rp><rt>こむらじゅたろう</rt><rp>）</rp></ruby></p>",社会三年 科目::歴史 優先::S 単元::H22 学年::中2
<ruby>陸奥宗光<rp>（</rp><rt>むつむねみつ</rt><rp>）</rp></ruby>,"<p>1894年の日英通商航海条約で、領事裁判権の撤廃を実現する改正を進めた外相。</p><p><strong>ポイント</strong><br>撤廃が実施されたのは1899年。</p><p class=""related""><strong>関連語</strong><br>条約改正・領事裁判権</p>",社会三年 科目::歴史 優先::S 単元::H22 学年::中2
<ruby>小村寿太郎<rp>（</rp><rt>こむらじゅたろう</rt><rp>）</rp></ruby>,"<p>1911年の関税自主権の完全回復を進めた外相。日露戦争後の講和交渉も担った。</p><p><strong>ポイント</strong><br><ruby>陸奥宗光<rp>（</rp><rt>むつむねみつ</rt><rp>）</rp></ruby>との役割を区別する。</p><p class=""related""><strong>関連語</strong><br>条約改正・ポーツマス条約</p>",社会三年 科目::歴史 優先::S 単元::H22 学年::中2
日清戦争,"<p>1894〜1895年、朝鮮への影響力などをめぐって日本と清が戦った戦争。</p><p><strong>ポイント</strong><br>下関条約で講和した。</p><p class=""related""><strong>関連語</strong><br>朝鮮・下関条約</p>",社会三年 科目::歴史 優先::S 単元::H22 学年::中2
下関条約,"<p>1895年、日清戦争後に結ばれた条約。台湾などの<ruby>割譲<rp>（</rp><rt>かつじょう</rt><rp>）</rp></ruby>や賠償金などを定めた。</p><p><strong>ポイント</strong><br><ruby>遼東半島<rp>（</rp><rt>りょうとうはんとう</rt><rp>）</rp></ruby>は三国干渉後に返還した。</p><p class=""related""><strong>関連語</strong><br>日清戦争・台湾</p>",社会三年 科目::歴史 優先::S 単元::H22 学年::中2
三国干渉,"<p>1895年、ロシア・ドイツ・フランスが日本に<ruby>遼東半島<rp>（</rp><rt>りょうとうはんとう</rt><rp>）</rp></ruby>の返還を求めたこと。</p><p><strong>ポイント</strong><br>イギリスは三国に含まれない。</p><p class=""related""><strong>関連語</strong><br>下関条約・ロシア</p>",社会三年 科目::歴史 優先::S 単元::H22 学年::中2
日英同盟,"<p>1902年、日本とイギリスが結んだ同盟。</p><p><strong>ポイント</strong><br>ロシアの進出への対応などで利害が一致した。</p><p class=""related""><strong>関連語</strong><br>日露戦争・外交</p>",社会三年 科目::歴史 優先::S 単元::H22 学年::中2
日露戦争,"<p>1904〜1905年、朝鮮や中国東北部への影響力などをめぐる日本とロシアの戦争。</p><p><strong>ポイント</strong><br>ポーツマス条約で講和した。</p><p class=""related""><strong>関連語</strong><br>日英同盟・ロシア</p>",社会三年 科目::歴史 優先::S 単元::H22 学年::中2
ポーツマス条約,"<p>1905年、日露戦争後に結ばれた条約。南樺太などを日本が得たが、賠償金はなかった。</p><p><strong>ポイント</strong><br>下関条約の賠償金と混同しない。</p><p class=""related""><strong>関連語</strong><br>日露戦争・<ruby>小村寿太郎<rp>（</rp><rt>こむらじゅたろう</rt><rp>）</rp></ruby></p>",社会三年 科目::歴史 優先::S 単元::H22 学年::中2
日比谷焼打ち事件,"<p>1905年、日露戦争の講和内容への不満などから東京で起こった事件。</p><p><strong>ポイント</strong><br>国民の大きな負担と、賠償金がない講和への反発が背景。</p><p class=""related""><strong>関連語</strong><br>ポーツマス条約・世論</p>",社会三年 科目::歴史 優先::S 単元::H22 学年::中2
韓国併合,"<p>1910年、日本が韓国を併合し、朝鮮を植民地支配したこと。</p><p><strong>ポイント</strong><br>支配された人々の権利の制限や、抵抗運動も学ぶ。</p><p class=""related""><strong>関連語</strong><br>植民地・朝鮮総督府</p>",社会三年 科目::歴史 優先::S 単元::H22 学年::中2
<ruby>辛亥革命<rp>（</rp><rt>しんがいかくめい</rt><rp>）</rp></ruby>,"<p>1911年に中国で起こり、清の支配を終わらせた革命。</p><p><strong>ポイント</strong><br>翌1912年に中華民国が成立した。</p><p class=""related""><strong>関連語</strong><br><ruby>孫文<rp>（</rp><rt>そんぶん</rt><rp>）</rp></ruby>・共和政</p>",社会三年 科目::歴史 優先::S 単元::H22 学年::中2
<ruby>孫文<rp>（</rp><rt>そんぶん</rt><rp>）</rp></ruby>,"<p>中国の革命運動を進め、中華民国の臨時大総統となった人物。</p><p><strong>ポイント</strong><br>三民主義を掲げた。</p><p class=""related""><strong>関連語</strong><br><ruby>辛亥革命<rp>（</rp><rt>しんがいかくめい</rt><rp>）</rp></ruby>・中華民国</p>",社会三年 科目::歴史 優先::S 単元::H22 学年::中2
三民主義,"<p><ruby>孫文<rp>（</rp><rt>そんぶん</rt><rp>）</rp></ruby>が掲げた、民族・民権・民生の三つを重視する思想。</p><p><strong>ポイント</strong><br>中国の独立・政治参加・生活の改善を目指した。</p><p class=""related""><strong>関連語</strong><br>孫文・中国革命</p>",社会三年 科目::歴史 優先::S 単元::H22 学年::中2
<ruby>八幡製鉄所<rp>（</rp><rt>やはたせいてつしょ</rt><rp>）</rp></ruby>,"<p>1901年に操業した、北九州の官営製鉄所。</p><p><strong>ポイント</strong><br>日清戦争の賠償金などを背景に、重工業の基礎を築いた。</p><p class=""related""><strong>関連語</strong><br>殖産興業・鉄鋼</p>",社会三年 科目::歴史 優先::S 単元::H22 学年::中2
<ruby>製糸業<rp>（</rp><rt>せいしぎょう</rt><rp>）</rp></ruby>と<ruby>紡績業<rp>（</rp><rt>ぼうせきぎょう</rt><rp>）</rp></ruby>,"<p><ruby>製糸業<rp>（</rp><rt>せいしぎょう</rt><rp>）</rp></ruby>は<ruby>繭<rp>（</rp><rt>まゆ</rt><rp>）</rp></ruby>から<ruby>生糸<rp>（</rp><rt>きいと</rt><rp>）</rp></ruby>を取り、<ruby>紡績業<rp>（</rp><rt>ぼうせきぎょう</rt><rp>）</rp></ruby>は綿などの繊維から糸を作る工業。</p><p><strong>ポイント</strong><br>原料と製品の違いを確認する。</p><p class=""related""><strong>関連語</strong><br>軽工業・女性労働者</p>",社会三年 科目::歴史 優先::S 単元::H22 学年::中2
財閥,"<p>有力な同族などを中心に、銀行・商業・工業など多くの企業を支配した集団。</p><p><strong>ポイント</strong><br>三井・三菱などが代表。戦後の解体とも結び付ける。</p><p class=""related""><strong>関連語</strong><br>大企業・金融</p>",社会三年 科目::歴史 優先::S 単元::H22 学年::中2
足尾銅山鉱毒事件,"<p>足尾銅山の鉱毒などによって、渡良瀬川流域の農業・生活に被害が出た事件。</p><p><strong>ポイント</strong><br>工業化の利益だけでなく、環境への負担を示す。</p><p class=""related""><strong>関連語</strong><br>公害・<ruby>田中正造<rp>（</rp><rt>たなかしょうぞう</rt><rp>）</rp></ruby></p>",社会三年 科目::歴史 優先::S 単元::H22 学年::中2
<ruby>田中正造<rp>（</rp><rt>たなかしょうぞう</rt><rp>）</rp></ruby>,"<p>足尾銅山の鉱毒被害を問題にし、住民の救済を求めた政治家。</p><p><strong>ポイント</strong><br>環境と人々の生活を守る取り組みの先駆例。</p><p class=""related""><strong>関連語</strong><br>足尾銅山・公害</p>",社会三年 科目::歴史 優先::S 単元::H22 学年::中2
<ruby>夏目漱石<rp>（</rp><rt>なつめそうせき</rt><rp>）</rp></ruby>,"<p>『吾輩は猫である』『坊っちゃん』などを書いた近代の小説家。</p><p><strong>ポイント</strong><br>明治の教育や出版、社会の変化と結び付ける。</p><p class=""related""><strong>関連語</strong><br>近代文学・小説</p>",社会三年 科目::歴史 優先::S 単元::H22 学年::中2
<ruby>森鷗外<rp>（</rp><rt>もりおうがい</rt><rp>）</rp></ruby>,"<p>『舞姫』などを書いた近代の作家。軍医としても活動した。</p><p><strong>ポイント</strong><br><ruby>夏目漱石<rp>（</rp><rt>なつめそうせき</rt><rp>）</rp></ruby>などとともに近代文学を代表する。</p><p class=""related""><strong>関連語</strong><br>近代文学・明治</p>",社会三年 科目::歴史 優先::S 単元::H22 学年::中2
<ruby>与謝野晶子<rp>（</rp><rt>よさのあきこ</rt><rp>）</rp></ruby>,"<p>『みだれ髪』などで知られる歌人。戦争への思いなども作品に表した。</p><p><strong>ポイント</strong><br>社会や個人の生き方を表現した近代の文化を学ぶ。</p><p class=""related""><strong>関連語</strong><br>短歌・近代文学</p>",社会三年 科目::歴史 優先::S 単元::H22 学年::中2
署名・批准・発効,"<p>条約への署名、国家による正式な同意の確認、条約の効力が始まることという異なる段階。</p><p><strong>ポイント</strong><br>全てが同じ日になるとは限らない。</p><p class=""related""><strong>関連語</strong><br>条約改正・外交</p>",社会三年 科目::歴史 優先::S 単元::H22 学年::中2
<ruby>遼東半島<rp>（</rp><rt>りょうとうはんとう</rt><rp>）</rp></ruby>,"<p>中国東北部から海へ突き出す半島。日清・日露戦争後の条約で重要となった。</p><p><strong>ポイント</strong><br>返還された領土と、後に引き継ぐ<ruby>租借権<rp>（</rp><rt>そしゃくけん</rt><rp>）</rp></ruby>を区別する。</p><p class=""related""><strong>関連語</strong><br>旅順・大連</p>",社会三年 科目::歴史 優先::S 単元::H22 学年::中2
<ruby>割譲<rp>（</rp><rt>かつじょう</rt><rp>）</rp></ruby>,"<p>条約などで領土の一部を他国へ譲り渡すこと。</p><p><strong>ポイント</strong><br>一定の条件で借りる<ruby>租借<rp>（</rp><rt>そしゃく</rt><rp>）</rp></ruby>と同じではない。</p><p class=""related""><strong>関連語</strong><br>領土・条約</p>",社会三年 科目::歴史 優先::S 単元::H22 学年::中2
<ruby>租借<rp>（</rp><rt>そしゃく</rt><rp>）</rp></ruby>,"<p>他国の一定の地域を、条約などの条件に基づき借りて支配・利用すること。</p><p><strong>ポイント</strong><br>領土の<ruby>割譲<rp>（</rp><rt>かつじょう</rt><rp>）</rp></ruby>とは法的な形が異なる。</p><p class=""related""><strong>関連語</strong><br>旅順・大連・条約</p>",社会三年 科目::歴史 優先::S 単元::H22 学年::中2
権益,"<p>鉄道・鉱山・営業などに関する権利や利益。</p><p><strong>ポイント</strong><br>領土そのものと同じ意味に限定しない。</p><p class=""related""><strong>関連語</strong><br>対外進出・経済</p>",社会三年 科目::歴史 優先::S 単元::H22 学年::中2
南満州鉄道,"<p>中国東北部の鉄道と、その経営などを担った日本の会社。</p><p><strong>ポイント</strong><br>日本の経済的・政治的な進出と結び付く。</p><p class=""related""><strong>関連語</strong><br>満州・権益</p>",社会三年 科目::歴史 優先::S 単元::H22 学年::中2
保護国化,"<p>他国が外交などの権限を制限し、その支配を強めること。</p><p><strong>ポイント</strong><br>国家を併合することとは制度上の形が異なる。</p><p class=""related""><strong>関連語</strong><br>韓国・帝国主義</p>",社会三年 科目::歴史 優先::S 単元::H22 学年::中2
統監府,"<p>韓国の保護国化に伴い、日本が支配を進めるため置いた機関。</p><p><strong>ポイント</strong><br>併合後の朝鮮総督府と時期を区別する。</p><p class=""related""><strong>関連語</strong><br>韓国・日本</p>",社会三年 科目::歴史 優先::S 単元::H22 学年::中2
朝鮮総督府,"<p>1910年の韓国併合後、日本が朝鮮を統治するため置いた機関。</p><p><strong>ポイント</strong><br>植民地支配と住民の権利・生活への影響を考える。</p><p class=""related""><strong>関連語</strong><br>韓国併合・植民地</p>",社会三年 科目::歴史 優先::S 単元::H22 学年::中2
養蚕,"<p><ruby>蚕<rp>（</rp><rt>かいこ</rt><rp>）</rp></ruby>を育てて<ruby>繭<rp>（</rp><rt>まゆ</rt><rp>）</rp></ruby>を得ること。</p><p><strong>ポイント</strong><br>繭から<ruby>生糸<rp>（</rp><rt>きいと</rt><rp>）</rp></ruby>を取る<ruby>製糸業<rp>（</rp><rt>せいしぎょう</rt><rp>）</rp></ruby>とは工程が異なる。</p><p class=""related""><strong>関連語</strong><br>農業・生糸</p>",社会三年 科目::歴史 優先::S 単元::H22 学年::中2
日本の工場法の制定と<ruby>施行<rp>（</rp><rt>しこう</rt><rp>）</rp></ruby>,"<p>1911年に制定、1916年に<ruby>施行<rp>（</rp><rt>しこう</rt><rp>）</rp></ruby>された、工場労働の保護に関わる法律。</p><p><strong>ポイント</strong><br>制定と実施、当時の保護と現在の基準を分ける。</p><p class=""related""><strong>関連語</strong><br>労働問題・近代</p>",社会三年 科目::歴史 優先::A 単元::H22 学年::中2
産業化の利益と社会的な負担,"<p>企業の生産・利益が増えても、労働条件や周辺住民の環境に負担が生じる場合がある。</p><p><strong>ポイント</strong><br>生産額だけで生活の改善を判断しない。</p><p class=""related""><strong>関連語</strong><br>公害・労働</p>",社会三年 科目::歴史 優先::A 単元::H22 学年::中2
第一次世界大戦,"<p>1914〜1918年に起こった、列強の対立や同盟関係を背景とする世界規模の戦争。</p><p><strong>ポイント</strong><br>サラエボ事件がきっかけとなった。</p><p class=""related""><strong>関連語</strong><br>総力戦・帝国主義</p>",社会三年 科目::歴史 優先::S 単元::H23 学年::中2
総力戦,"<p>軍隊だけでなく、国の経済・産業・生活などを広く動員する戦争。</p><p><strong>ポイント</strong><br>前線と国内の生活が強く結び付いた。</p><p class=""related""><strong>関連語</strong><br>第一次世界大戦・動員</p>",社会三年 科目::歴史 優先::S 単元::H23 学年::中2
二十一か条の要求,"<p>1915年、日本が中国へ突き付けた、権益の拡大などを求める要求。</p><p><strong>ポイント</strong><br>中国の反発を強め、後の五・四運動の背景にも関わった。</p><p class=""related""><strong>関連語</strong><br>中国・第一次世界大戦</p>",社会三年 科目::歴史 優先::S 単元::H23 学年::中2
ロシア革命,"<p>1917年に帝政が倒れ、続いてレーニンらの勢力が政権を握った革命。</p><p><strong>ポイント</strong><br>戦争と生活の苦しさが背景にあった。</p><p class=""related""><strong>関連語</strong><br>レーニン・ソ連</p>",社会三年 科目::歴史 優先::S 単元::H23 学年::中2
レーニン,"<p>ロシア革命でボリシェビキを率い、社会主義の政権を築いた人物。</p><p><strong>ポイント</strong><br>マルクスは主に19世紀の思想家。</p><p class=""related""><strong>関連語</strong><br>ロシア革命・社会主義</p>",社会三年 科目::歴史 優先::S 単元::H23 学年::中2
ソビエト社会主義共和国連邦,"<p>1922年に成立した、ロシアなどの共和国からなる国家。略してソ連。</p><p><strong>ポイント</strong><br>1991年に解体した。現在のロシアと全く同じ範囲ではない。</p><p class=""related""><strong>関連語</strong><br>社会主義・冷戦</p>",社会三年 科目::歴史 優先::S 単元::H23 学年::中2
ベルサイユ条約,"<p>1919年、第一次世界大戦後にドイツと連合国が結んだ講和条約。</p><p><strong>ポイント</strong><br>ドイツの領土・軍備の制限や賠償などを定めた。</p><p class=""related""><strong>関連語</strong><br>第一次世界大戦・講和</p>",社会三年 科目::歴史 優先::S 単元::H23 学年::中2
国際連盟,"<p>1920年に発足した、国際協調と平和を目指す組織。</p><p><strong>ポイント</strong><br>アメリカは不参加。第二次世界大戦後の国際連合とは別。</p><p class=""related""><strong>関連語</strong><br>第一次世界大戦・集団安全保障</p>",社会三年 科目::歴史 優先::S 単元::H23 学年::中2
民族自決,"<p>民族が、自らの政治や国家のあり方を決めるべきだという考え方。</p><p><strong>ポイント</strong><br>第一次世界大戦後、全ての植民地に適用されたわけではない。</p><p class=""related""><strong>関連語</strong><br>独立・植民地</p>",社会三年 科目::歴史 優先::S 単元::H23 学年::中2
三・一独立運動,"<p>1919年、朝鮮で日本の植民地支配からの独立を求めて広がった運動。</p><p><strong>ポイント</strong><br>中国の五・四運動と場所・目的を区別する。</p><p class=""related""><strong>関連語</strong><br>朝鮮・独立</p>",社会三年 科目::歴史 優先::S 単元::H23 学年::中2
五・四運動,"<p>1919年、中国で山東省の旧ドイツ権益の処理などに反対して広がった運動。</p><p><strong>ポイント</strong><br>日本の権益拡大や国内政治への批判が結び付いた。</p><p class=""related""><strong>関連語</strong><br>中国・ベルサイユ体制</p>",社会三年 科目::歴史 優先::S 単元::H23 学年::中2
ガンディー,"<p>インドで、非暴力・不服従を重視して独立運動を進めた人物。</p><p><strong>ポイント</strong><br>武力だけが抵抗の方法ではないことを示す。</p><p class=""related""><strong>関連語</strong><br>インド・独立運動</p>",社会三年 科目::歴史 優先::S 単元::H23 学年::中2
ワシントン会議,"<p>1921〜1922年、海軍軍縮や太平洋・中国をめぐる秩序を話し合った国際会議。</p><p><strong>ポイント</strong><br>第一次世界大戦後の国際協調の動き。</p><p class=""related""><strong>関連語</strong><br>軍縮・日英同盟の終了</p>",社会三年 科目::歴史 優先::S 単元::H23 学年::中2
米騒動,"<p>1918年、米価の高騰を背景に全国へ広がった抗議行動。</p><p><strong>ポイント</strong><br>大戦景気でも全ての人の生活が豊かになったわけではない。</p><p class=""related""><strong>関連語</strong><br>物価・原敬内閣</p>",社会三年 科目::歴史 優先::S 単元::H23 学年::中2
<ruby>原敬<rp>（</rp><rt>はらたかし</rt><rp>）</rp></ruby>,"<p>1918年、衆議院の政党を基盤とする本格的な政党内閣を組織した首相。</p><p><strong>ポイント</strong><br>日本史上初めて政党が関係した内閣という意味ではない。</p><p class=""related""><strong>関連語</strong><br>立憲政友会・大正</p>",社会三年 科目::歴史 優先::S 単元::H23 学年::中2
大正デモクラシー,"<p>大正期を中心に、政党政治や政治参加、権利の拡大を求めた動き。</p><p><strong>ポイント</strong><br>同じ時代に社会的差別や政治的弾圧も存在した。</p><p class=""related""><strong>関連語</strong><br>普通選挙・社会運動</p>",社会三年 科目::歴史 優先::S 単元::H23 学年::中2
<ruby>吉野作造<rp>（</rp><rt>よしのさくぞう</rt><rp>）</rp></ruby>,"<p>民本主義を説き、民意や民衆の利益を重視する政治を主張した思想家。</p><p><strong>ポイント</strong><br>当時の天皇制のもとでの民主的な政治を考えた。</p><p class=""related""><strong>関連語</strong><br>民本主義・大正デモクラシー</p>",社会三年 科目::歴史 優先::S 単元::H23 学年::中2
普通選挙法（1925年）,"<p>衆議院選挙権の納税条件をなくし、満25歳以上の男子へ広げた法律。</p><p><strong>ポイント</strong><br>女性は含まれず、その他の欠格条件も残った。</p><p class=""related""><strong>関連語</strong><br>男子普通選挙・政治参加</p>",社会三年 科目::歴史 優先::S 単元::H23 学年::中2
治安維持法,"<p>1925年、国体の変革や私有財産制度の否認を目的とする結社などを取り締まるために制定された法。</p><p><strong>ポイント</strong><br>後に適用が拡大され、思想・言論の弾圧に使われた。</p><p class=""related""><strong>関連語</strong><br>社会運動・弾圧</p>",社会三年 科目::歴史 優先::S 単元::H23 学年::中2
全国水平社,"<p>1922年、被差別部落の人々が中心となって結成した、差別からの解放を求める組織。</p><p><strong>ポイント</strong><br>法律の変更後も差別が残ったことを背景に考える。</p><p class=""related""><strong>関連語</strong><br>人権・差別撤廃</p>",社会三年 科目::歴史 優先::S 単元::H23 学年::中2
小作争議,"<p><ruby>小作農<rp>（</rp><rt>こさくのう</rt><rp>）</rp></ruby>が地主に対して、小作料の軽減などを求めた争い。</p><p><strong>ポイント</strong><br>労働者と企業の労働争議とは当事者が違う。</p><p class=""related""><strong>関連語</strong><br>地主・小作農</p>",社会三年 科目::歴史 優先::S 単元::H23 学年::中2
関東大震災,"<p>1923年9月1日の地震と火災などによる大災害。</p><p><strong>ポイント</strong><br>流言による朝鮮人らの虐殺も起こった。災害と人権の両面を学ぶ。</p><p class=""related""><strong>関連語</strong><br>防災・流言</p>",社会三年 科目::歴史 優先::S 単元::H23 学年::中2
平塚らいてうと市川房枝,"<p>平塚らいてうは女性の解放を訴え、市川房枝らは女性の政治参加を求める運動を進めた。</p><p><strong>ポイント</strong><br>運動の広がりと、当時の選挙権の制限を結び付ける。</p><p class=""related""><strong>関連語</strong><br>女性の権利・社会運動</p>",社会三年 科目::歴史 優先::A 単元::H23 学年::中2
1925年の権利の拡大と制限,"<p>普通選挙法で男子の選挙権が広がる一方、治安維持法による思想・運動への取り締まりが始まった。</p><p><strong>ポイント</strong><br>一つの時代を民主化か弾圧かの一面だけで説明しない。</p><p class=""related""><strong>関連語</strong><br>普通選挙法・治安維持法</p>",社会三年 科目::歴史 優先::A 単元::H23 学年::中2
三国同盟と三国協商,"<p>第一次世界大戦前の、ドイツ・オーストリア・イタリアの同盟と、イギリス・フランス・ロシアの協調関係。</p><p><strong>ポイント</strong><br>開戦後の陣営は戦前の組合せと完全には一致しない。</p><p class=""related""><strong>関連語</strong><br>ヨーロッパ・外交</p>",社会三年 科目::歴史 優先::S 単元::H23 学年::中2
サラエボ事件,"<p>1914年、オーストリアの皇位継承者夫妻が殺害された事件。第一次世界大戦のきっかけとなった。</p><p><strong>ポイント</strong><br>背景にある列強の対立と、直接のきっかけを分ける。</p><p class=""related""><strong>関連語</strong><br>第一次世界大戦・原因</p>",社会三年 科目::歴史 優先::S 単元::H23 学年::中2
<ruby>塹壕<rp>（</rp><rt>ざんごう</rt><rp>）</rp></ruby>,"<p>兵士が身を隠して戦うためなどに掘った溝。</p><p><strong>ポイント</strong><br>第一次世界大戦の長期戦や戦場の状況を示す。</p><p class=""related""><strong>関連語</strong><br>戦争・兵士</p>",社会三年 科目::歴史 優先::S 単元::H23 学年::中2
銃後,"<p>戦場の後方で、生活や生産などを通じて戦争を支える社会を指した言葉。</p><p><strong>ポイント</strong><br>戦争が兵士以外にも及ぶ総力戦の特徴を考える。</p><p class=""related""><strong>関連語</strong><br>総力戦・生活</p>",社会三年 科目::歴史 優先::S 単元::H23 学年::中2
ウィルソン,"<p>第一次世界大戦の時期のアメリカ大統領。民族自決や国際連盟などの構想に関わった。</p><p><strong>ポイント</strong><br>理念と、実際の講和やアメリカの不参加を区別する。</p><p class=""related""><strong>関連語</strong><br>戦後秩序・国際協調</p>",社会三年 科目::歴史 優先::S 単元::H23 学年::中2
軍縮条約の対象と限界,"<p>条約は一定の兵器や保有量などを対象とし、全ての軍備を無条件に廃止するとは限らない。</p><p><strong>ポイント</strong><br>ワシントン会議の成果と残る対立を分ける。</p><p class=""related""><strong>関連語</strong><br>軍縮・国際協調</p>",社会三年 科目::歴史 優先::A 単元::H23 学年::中2
護憲運動,"<p>憲法に基づく政治や議会・政党の役割を重視し、その実現を求めた運動。</p><p><strong>ポイント</strong><br>大正期の民主的な動きの一つ。</p><p class=""related""><strong>関連語</strong><br>政党政治・大正</p>",社会三年 科目::歴史 優先::S 単元::H23 学年::中2
民本主義,"<p>民衆の利益や意思を政治の目的・運用に反映することを重視した、<ruby>吉野作造<rp>（</rp><rt>よしのさくぞう</rt><rp>）</rp></ruby>の考え方。</p><p><strong>ポイント</strong><br>当時の天皇制下の議論と、戦後の国民主権を区別する。</p><p class=""related""><strong>関連語</strong><br>大正デモクラシー・思想</p>",社会三年 科目::歴史 優先::S 単元::H23 学年::中2
大衆文化,"<p>新聞・雑誌・映画・放送などを通じ、広い人々に共有される文化。</p><p><strong>ポイント</strong><br>都市化や教育、流通・通信の発達とも結び付く。</p><p class=""related""><strong>関連語</strong><br>生活・メディア</p>",社会三年 科目::歴史 優先::S 単元::H23 学年::中2
<ruby>青鞜<rp>（</rp><rt>せいとう</rt><rp>）</rp></ruby>,"<p>平塚らいてうらが刊行に関わった、女性の文学や表現・社会的な問題を扱う雑誌。</p><p><strong>ポイント</strong><br>女性の活動を選挙だけに限定しない。</p><p class=""related""><strong>関連語</strong><br>女性・文化</p>",社会三年 科目::歴史 優先::S 単元::H23 学年::中2
新婦人協会,"<p>平塚らいてう・市川房枝らが関わり、女性の権利拡大などを求めた団体。</p><p><strong>ポイント</strong><br>当時は女性の政治参加にも制限があった。</p><p class=""related""><strong>関連語</strong><br>社会運動・女性</p>",社会三年 科目::歴史 優先::S 単元::H23 学年::中2
労働争議,"<p>労働者が使用者に対し、賃金や労働条件などをめぐって行う争い。</p><p><strong>ポイント</strong><br>地主と<ruby>小作農<rp>（</rp><rt>こさくのう</rt><rp>）</rp></ruby>の小作争議とは当事者と要求が異なる。</p><p class=""related""><strong>関連語</strong><br>労働組合・社会運動</p>",社会三年 科目::歴史 優先::S 単元::H23 学年::中2
<ruby>世界恐慌<rp>（</rp><rt>せかいきょうこう</rt><rp>）</rp></ruby>,"<p>1929年のアメリカの株価暴落などをきっかけに広がった、世界規模の深刻な不況。</p><p><strong>ポイント</strong><br>失業や生産・貿易の減少が各国へ波及した。</p><p class=""related""><strong>関連語</strong><br>ニューヨーク・失業</p>",社会三年 科目::歴史 優先::S 単元::H24 学年::中2
ニューディール政策,"<p>ローズベルト政権が、公共事業や金融・産業への働きかけなどで恐慌に対応した政策。</p><p><strong>ポイント</strong><br>政府が経済へ積極的に関わった。</p><p class=""related""><strong>関連語</strong><br>アメリカ・<ruby>世界恐慌<rp>（</rp><rt>せかいきょうこう</rt><rp>）</rp></ruby></p>",社会三年 科目::歴史 優先::S 単元::H24 学年::中2
ブロック経済,"<p>本国と植民地などの取引を優遇し、域外との貿易を制限する政策。</p><p><strong>ポイント</strong><br>世界経済の分断や対立を強めた。</p><p class=""related""><strong>関連語</strong><br>関税・<ruby>世界恐慌<rp>（</rp><rt>せかいきょうこう</rt><rp>）</rp></ruby></p>",社会三年 科目::歴史 優先::S 単元::H24 学年::中2
ファシズム,"<p>国家や指導者への服従を求め、民主政治や反対者を抑える独裁的・排外的な政治。</p><p><strong>ポイント</strong><br>イタリアのムッソリーニやドイツのナチスが代表。</p><p class=""related""><strong>関連語</strong><br>独裁・全体主義</p>",社会三年 科目::歴史 優先::S 単元::H24 学年::中2
ヒトラーとナチス,"<p>ドイツで独裁体制を築き、侵略戦争やユダヤ人らへの迫害を進めた指導者と政党。</p><p><strong>ポイント</strong><br>経済不安を利用した宣伝や弾圧にも注目する。</p><p class=""related""><strong>関連語</strong><br>ファシズム・ホロコースト</p>",社会三年 科目::歴史 優先::S 単元::H24 学年::中2
ホロコースト,"<p>ナチス・ドイツと協力者らによる、ユダヤ人に対する組織的な大量虐殺。</p><p><strong>ポイント</strong><br>他の集団も迫害・殺害された。差別を国家が拡大した歴史を学ぶ。</p><p class=""related""><strong>関連語</strong><br>人権・ナチス</p>",社会三年 科目::歴史 優先::S 単元::H24 学年::中2
満州事変,"<p>1931年、関東軍が起こした<ruby>柳条湖事件<rp>（</rp><rt>りゅうじょうこじけん</rt><rp>）</rp></ruby>を口実に、中国東北部へ軍事行動を広げた事件。</p><p><strong>ポイント</strong><br>1932年の満州国建国と国際的な対立につながった。</p><p class=""related""><strong>関連語</strong><br>関東軍・中国</p>",社会三年 科目::歴史 優先::S 単元::H24 学年::中2
<ruby>柳条湖事件<rp>（</rp><rt>りゅうじょうこじけん</rt><rp>）</rp></ruby>,"<p>1931年、関東軍が南満州鉄道の線路を爆破し、中国側の仕業として軍事行動の口実にした事件。</p><p><strong>ポイント</strong><br>満州事変の発端。</p><p class=""related""><strong>関連語</strong><br>関東軍・満州事変</p>",社会三年 科目::歴史 優先::S 単元::H24 学年::中2
満州国,"<p>1932年、中国東北部に日本の強い影響・支配のもとでつくられた国。</p><p><strong>ポイント</strong><br>独立した国家としての実態を国際的に批判された。</p><p class=""related""><strong>関連語</strong><br>満州事変・国際連盟</p>",社会三年 科目::歴史 優先::S 単元::H24 学年::中2
日本の国際連盟脱退,"<p>1933年に脱退を通告し、1935年に発効したこと。</p><p><strong>ポイント</strong><br>満州国をめぐる国際的な批判などが背景。</p><p class=""related""><strong>関連語</strong><br>満州事変・国際協調</p>",社会三年 科目::歴史 優先::S 単元::H24 学年::中2
五・一五事件,"<p>1932年、海軍の青年将校らが犬養毅首相を殺害した事件。</p><p><strong>ポイント</strong><br>本格的な政党内閣の時代が終わった。</p><p class=""related""><strong>関連語</strong><br>犬養毅・軍部</p>",社会三年 科目::歴史 優先::S 単元::H24 学年::中2
二・二六事件,"<p>1936年、陸軍の青年将校らが政府要人を襲い、政治の変革を求めた事件。</p><p><strong>ポイント</strong><br>五・一五事件とは軍・年・内容が異なる。</p><p class=""related""><strong>関連語</strong><br>軍部・政治</p>",社会三年 科目::歴史 優先::S 単元::H24 学年::中2
日中戦争,"<p>1937年の<ruby>盧溝橋事件<rp>（</rp><rt>ろこうきょうじけん</rt><rp>）</rp></ruby>から全面化した、日本と中国の戦争。</p><p><strong>ポイント</strong><br>長期化し、多くの民間人にも被害が及んだ。</p><p class=""related""><strong>関連語</strong><br>盧溝橋事件・総動員</p>",社会三年 科目::歴史 優先::S 単元::H24 学年::中2
南京事件,"<p>1937年の南京占領に際し、日本軍が多くの民間人や捕虜を殺害した事件。</p><p><strong>ポイント</strong><br>戦争における民間人・捕虜の保護と、人権を考える。</p><p class=""related""><strong>関連語</strong><br>日中戦争・戦争被害</p>",社会三年 科目::歴史 優先::S 単元::H24 学年::中2
国家総動員法,"<p>1938年、戦争のため人や物資・経済活動を政府が広く統制できるようにした法。</p><p><strong>ポイント</strong><br>働き方や生産、暮らしへの統制が強まった。</p><p class=""related""><strong>関連語</strong><br>総力戦・戦時体制</p>",社会三年 科目::歴史 優先::S 単元::H24 学年::中2
第二次世界大戦,"<p>1939〜1945年、ドイツのポーランド侵攻などから広がった世界規模の戦争。</p><p><strong>ポイント</strong><br>日本の対米英戦争は1941年から。</p><p class=""related""><strong>関連語</strong><br>枢軸国・連合国</p>",社会三年 科目::歴史 優先::S 単元::H24 学年::中2
日独伊三国同盟,"<p>1940年、日本・ドイツ・イタリアが結んだ同盟。</p><p><strong>ポイント</strong><br>三国干渉のロシア・ドイツ・フランスとは別。</p><p class=""related""><strong>関連語</strong><br>第二次世界大戦・枢軸国</p>",社会三年 科目::歴史 優先::S 単元::H24 学年::中2
太平洋戦争,"<p>1941年12月、日本がアメリカ・イギリスなどと開戦し、アジア・太平洋へ広がった戦争。</p><p><strong>ポイント</strong><br>日中戦争から続く戦争の拡大として理解する。</p><p class=""related""><strong>関連語</strong><br>真珠湾・マレー半島</p>",社会三年 科目::歴史 優先::S 単元::H24 学年::中2
東京大空襲,"<p>1945年3月10日、東京の市街地へ行われ、多数の住民が犠牲となった大規模な空襲。</p><p><strong>ポイント</strong><br>前線だけでなく都市の民間人も被害を受けた。</p><p class=""related""><strong>関連語</strong><br>空襲・戦争被害</p>",社会三年 科目::歴史 優先::S 単元::H24 学年::中2
沖縄戦,"<p>1945年、沖縄で行われた地上戦。多数の住民が巻き込まれ、犠牲となった。</p><p><strong>ポイント</strong><br>軍の戦いと住民の経験を分けずに学ぶ。</p><p class=""related""><strong>関連語</strong><br>沖縄・地上戦</p>",社会三年 科目::歴史 優先::S 単元::H24 学年::中2
広島・長崎への原爆投下,"<p>1945年8月6日に広島、9日に長崎へアメリカが原子爆弾を投下したこと。</p><p><strong>ポイント</strong><br>多数の命が失われ、被爆の被害は長く続いた。</p><p class=""related""><strong>関連語</strong><br>核兵器・戦争被害</p>",社会三年 科目::歴史 優先::S 単元::H24 学年::中2
ポツダム宣言,"<p>1945年、日本に降伏を求めた宣言。日本政府は8月14日に受諾を決定した。</p><p><strong>ポイント</strong><br>15日の放送、9月2日の降伏文書調印と区別する。</p><p class=""related""><strong>関連語</strong><br>終戦・占領</p>",社会三年 科目::歴史 優先::S 単元::H24 学年::中2
1945年の終戦の日付の区別,"<p>8月14日は受諾決定、15日は国民への放送、9月2日は降伏文書への調印。</p><p><strong>ポイント</strong><br>設問が何の出来事を尋ねているか確認する。</p><p class=""related""><strong>関連語</strong><br>ポツダム宣言・降伏</p>",社会三年 科目::歴史 優先::A 単元::H24 学年::中2
戦時下の暮らし,"<p>物資の配給、勤労動員、言論統制、疎開などが行われ、日常生活も戦争へ組み込まれた。</p><p><strong>ポイント</strong><br>戦争を軍隊の動きだけで説明しない。</p><p class=""related""><strong>関連語</strong><br>総動員・民間人</p>",社会三年 科目::歴史 優先::A 単元::H24 学年::中2
ムッソリーニ,"<p>イタリアでファシズムの独裁政治を進めた指導者。</p><p><strong>ポイント</strong><br>ドイツのヒトラーと国・政治の関係を区別する。</p><p class=""related""><strong>関連語</strong><br>ファシズム・イタリア</p>",社会三年 科目::歴史 優先::S 単元::H24 学年::中2
反ユダヤ主義,"<p>ユダヤ人への偏見・差別・排斥の考えや行動。</p><p><strong>ポイント</strong><br>ナチスは国家の制度や宣伝を用いて迫害を強めた。</p><p class=""related""><strong>関連語</strong><br>人権・ホロコースト</p>",社会三年 科目::歴史 優先::S 単元::H24 学年::中2
リットン調査団,"<p>満州事変などの状況を調べるため、国際連盟が派遣した調査団。</p><p><strong>ポイント</strong><br>軍事行動を起こした側の説明と、独立した調査を比較する。</p><p class=""related""><strong>関連語</strong><br>国際連盟・満州</p>",社会三年 科目::歴史 優先::S 単元::H24 学年::中2
暴力による政治への圧力,"<p>暗殺や武装した行動などで、政策や政権へ影響を及ぼそうとすること。</p><p><strong>ポイント</strong><br>議会・選挙・法に基づく意見の対立とは異なる。</p><p class=""related""><strong>関連語</strong><br>五・一五事件・二・二六事件</p>",社会三年 科目::歴史 優先::A 単元::H24 学年::中2
大政翼賛会,"<p>1940年に成立し、国民を戦争へ協力させる体制に関わった組織。</p><p><strong>ポイント</strong><br>政党の活動の解消など、政治参加の変化と結び付ける。</p><p class=""related""><strong>関連語</strong><br>戦時体制・統制</p>",社会三年 科目::歴史 優先::S 単元::H24 学年::中2
隣組,"<p>戦時下などで近隣の家々を組織し、配給・防空・連絡などに関わった仕組み。</p><p><strong>ポイント</strong><br>助け合いだけでなく、生活の統制や動員の面もあった。</p><p class=""related""><strong>関連語</strong><br>地域・戦争</p>",社会三年 科目::歴史 優先::S 単元::H24 学年::中2
配給制,"<p>不足する物資などの購入や配分を、定めた方法で管理する制度。</p><p><strong>ポイント</strong><br>人々が自由に買える量や方法が制限された。</p><p class=""related""><strong>関連語</strong><br>戦時生活・物資</p>",社会三年 科目::歴史 優先::S 単元::H24 学年::中2
勤労動員,"<p>戦争のための生産などへ、人々を労働力として動員すること。</p><p><strong>ポイント</strong><br>学生などの学習・生活も変化した。</p><p class=""related""><strong>関連語</strong><br>総力戦・工場</p>",社会三年 科目::歴史 優先::S 単元::H24 学年::中2
学童疎開,"<p>空襲などを避けるため、子どもが都市から移ったこと。</p><p><strong>ポイント</strong><br>集団や親類を頼る移動などがあり、家族との別離も伴った。</p><p class=""related""><strong>関連語</strong><br>空襲・子ども</p>",社会三年 科目::歴史 優先::S 単元::H24 学年::中2
検閲,"<p>公表する文章や報道などの内容を権力側が事前に調べ、制限すること。</p><p><strong>ポイント</strong><br>情報や意見を自由に確かめる条件が損なわれる。</p><p class=""related""><strong>関連語</strong><br>言論統制・戦争</p>",社会三年 科目::歴史 優先::S 単元::H24 学年::中2
枢軸国と連合国,"<p>第二次世界大戦で対立した、日独伊などの側と、米英ソ中などの側を示す呼び名。</p><p><strong>ポイント</strong><br>参加国や関係は戦争の進行で変わり、最初から固定ではない。</p><p class=""related""><strong>関連語</strong><br>世界大戦・国際関係</p>",社会三年 科目::歴史 優先::S 単元::H24 学年::中2
戦争終結と被害の継続,"<p>降伏や戦闘終了の後も、けが・被爆・家族喪失などによる生活上の影響が続くこと。</p><p><strong>ポイント</strong><br>年表の日付だけでは人々の経験の長さを捉えられない。</p><p class=""related""><strong>関連語</strong><br>戦後・戦争被害</p>",社会三年 科目::歴史 優先::A 単元::H24 学年::中2
GHQ,"<p>連合国軍最高司令官総司令部。占領下の日本に指令を出し、非軍事化・民主化などを進めた。</p><p><strong>ポイント</strong><br>日本政府を通じた間接統治が基本だった。</p><p class=""related""><strong>関連語</strong><br>占領・マッカーサー</p>",社会三年 科目::歴史 優先::S 単元::H25 学年::中3
マッカーサー,"<p>日本占領の初期に、連合国軍最高司令官を務めたアメリカの軍人。</p><p><strong>ポイント</strong><br>GHQの役割と結び付ける。</p><p class=""related""><strong>関連語</strong><br>GHQ・戦後改革</p>",社会三年 科目::歴史 優先::S 単元::H25 学年::中3
非軍事化,"<p>軍備や戦争を支える体制を解体・縮小すること。</p><p><strong>ポイント</strong><br>日本の占領初期の基本方針の一つ。</p><p class=""related""><strong>関連語</strong><br>占領・軍備</p>",社会三年 科目::歴史 優先::S 単元::H25 学年::中3
戦後の民主化,"<p>選挙権の拡大、人権保障、経済・教育の改革などを通じ、民主的な社会を目指した変化。</p><p><strong>ポイント</strong><br>政治制度だけでなく、生活や経済の力関係にも及んだ。</p><p class=""related""><strong>関連語</strong><br>女性参政権・農地改革</p>",社会三年 科目::歴史 優先::S 単元::H25 学年::中3
女性の選挙権の実現,"<p>1945年の法改正で女性の選挙権が認められ、1946年の衆議院選挙で初めて行使された。</p><p><strong>ポイント</strong><br>法改正の年と最初の選挙の年を分ける。</p><p class=""related""><strong>関連語</strong><br>男女平等・戦後改革</p>",社会三年 科目::歴史 優先::S 単元::H25 学年::中3
農地改革,"<p>政府が地主の農地を買い上げ、<ruby>小作農<rp>（</rp><rt>こさくのう</rt><rp>）</rp></ruby>へ売り渡して自作農を増やした戦後改革。</p><p><strong>ポイント</strong><br>小作料負担や地主の支配力を弱めようとした。</p><p class=""related""><strong>関連語</strong><br>自作農・小作農</p>",社会三年 科目::歴史 優先::S 単元::H25 学年::中3
自作農,"<p>自分の所有する農地を耕す農民。</p><p><strong>ポイント</strong><br>地主から土地を借りる<ruby>小作農<rp>（</rp><rt>こさくのう</rt><rp>）</rp></ruby>と区別する。</p><p class=""related""><strong>関連語</strong><br>農地改革・土地所有</p>",社会三年 科目::歴史 優先::S 単元::H25 学年::中3
<ruby>小作農<rp>（</rp><rt>こさくのう</rt><rp>）</rp></ruby>,"<p>地主の農地を借り、小作料を納めて耕す農民。</p><p><strong>ポイント</strong><br>江戸・明治・戦前の農村の関係を理解する用語。</p><p class=""related""><strong>関連語</strong><br>地主・小作料</p>",社会三年 科目::歴史 優先::S 単元::H25 学年::中3
財閥解体,"<p>戦後、財閥に集中した経済力を分散しようとした改革。</p><p><strong>ポイント</strong><br>経済の民主化を目指した。全ての企業が消滅したわけではない。</p><p class=""related""><strong>関連語</strong><br>財閥・独占</p>",社会三年 科目::歴史 優先::S 単元::H25 学年::中3
戦後の労働改革,"<p>労働組合の結成や団体交渉などの権利を整え、労働条件の改善を目指した改革。</p><p><strong>ポイント</strong><br>労働組合法・労働基準法などにつながる。</p><p class=""related""><strong>関連語</strong><br>労働者・民主化</p>",社会三年 科目::歴史 優先::A 単元::H25 学年::中3
教育基本法（1947年）,"<p>戦後の教育の基本理念などを定めた法律。個人の尊厳などを重視した。</p><p><strong>ポイント</strong><br>戦前の<ruby>教育勅語<rp>（</rp><rt>きょういくちょくご</rt><rp>）</rp></ruby>と時代・理念を比較する。</p><p class=""related""><strong>関連語</strong><br>教育改革・民主化</p>",社会三年 科目::歴史 優先::S 単元::H25 学年::中3
六・三制,"<p>小学校6年・中学校3年を基本とする学校制度。戦後、この9年間が義務教育となった。</p><p><strong>ポイント</strong><br>義務は保護者が子どもに教育を受けさせることに関わる。</p><p class=""related""><strong>関連語</strong><br>学校教育法・義務教育</p>",社会三年 科目::歴史 優先::S 単元::H25 学年::中3
日本国憲法の<ruby>公布<rp>（</rp><rt>こうふ</rt><rp>）</rp></ruby>と<ruby>施行<rp>（</rp><rt>しこう</rt><rp>）</rp></ruby>,"<p>1946年11月3日に<ruby>公布<rp>（</rp><rt>こうふ</rt><rp>）</rp></ruby>、1947年5月3日に<ruby>施行<rp>（</rp><rt>しこう</rt><rp>）</rp></ruby>された。</p><p><strong>ポイント</strong><br>公布は知らせること、施行は効力を生じること。</p><p class=""related""><strong>関連語</strong><br>日本国憲法・戦後</p>",社会三年 科目::歴史 優先::S 単元::H25 学年::中3
戦前と戦後の主権の変化,"<p>大日本帝国憲法の天皇中心の統治から、日本国憲法の国民主権へ変わった。</p><p><strong>ポイント</strong><br>天皇は象徴となり、国政に関する権能をもたない。</p><p class=""related""><strong>関連語</strong><br>天皇・国民主権</p>",社会三年 科目::歴史 優先::A 単元::H25 学年::中3
極東国際軍事裁判,"<p>1946〜1948年、東京で日本の戦争指導者らを裁いた国際軍事裁判。</p><p><strong>ポイント</strong><br>東京裁判とも呼ぶ。</p><p class=""related""><strong>関連語</strong><br>戦争責任・占領</p>",社会三年 科目::歴史 優先::S 単元::H25 学年::中3
サンフランシスコ平和条約,"<p>1951年に調印し、1952年に発効して日本が主権を回復した講和条約。</p><p><strong>ポイント</strong><br>沖縄などは引き続きアメリカの施政下に置かれた。</p><p class=""related""><strong>関連語</strong><br>独立回復・講和</p>",社会三年 科目::歴史 優先::S 単元::H25 学年::中3
日米安全保障条約,"<p>1951年に結ばれ、1960年に改定された、日本とアメリカの安全保障の条約。</p><p><strong>ポイント</strong><br>講和後もアメリカ軍の駐留が続いた。</p><p class=""related""><strong>関連語</strong><br>日米関係・安全保障</p>",社会三年 科目::歴史 優先::S 単元::H25 学年::中3
占領の終わりと沖縄の違い,"<p>日本は1952年に主権を回復したが、沖縄の日本復帰は1972年だった。</p><p><strong>ポイント</strong><br>地域によって戦後の歩みが異なった。</p><p class=""related""><strong>関連語</strong><br>沖縄・施政権</p>",社会三年 科目::歴史 優先::A 単元::H25 学年::中3
<ruby>復員<rp>（</rp><rt>ふくいん</rt><rp>）</rp></ruby>,"<p>戦争の終結などに伴い、動員された兵士が軍務を解かれて帰ること。</p><p><strong>ポイント</strong><br>海外の民間人などの引揚げとは経緯や対象が異なる。</p><p class=""related""><strong>関連語</strong><br>敗戦・生活</p>",社会三年 科目::歴史 優先::S 単元::H25 学年::中3
引揚げ,"<p>戦後、海外で暮らしていた民間人などが日本へ戻ること。</p><p><strong>ポイント</strong><br>移動だけでなく、帰国後の住居や仕事の確保も課題だった。</p><p class=""related""><strong>関連語</strong><br>戦後・人口移動</p>",社会三年 科目::歴史 優先::S 単元::H25 学年::中3
間接統治,"<p>占領する側などが、既存の政府や行政機構を通じて統治する仕組み。</p><p><strong>ポイント</strong><br>GHQの指令と、日本政府による実施を分けて考える。</p><p class=""related""><strong>関連語</strong><br>占領・行政</p>",社会三年 科目::歴史 優先::S 単元::H25 学年::中3
公職追放,"<p>占領期に、戦争への責任などに関わる人々を公的な職務から排除した措置。</p><p><strong>ポイント</strong><br>占領政策は国際情勢に応じて重点が変わった。</p><p class=""related""><strong>関連語</strong><br>非軍事化・民主化</p>",社会三年 科目::歴史 優先::S 単元::H25 学年::中3
傾斜生産方式,"<p>石炭・鉄鋼など重要部門へ資源を重点配分し、産業の復興を図った政策。</p><p><strong>ポイント</strong><br>産業同士の投入・供給のつながりを利用しようとした。</p><p class=""related""><strong>関連語</strong><br>戦後復興・経済</p>",社会三年 科目::歴史 優先::S 単元::H25 学年::中3
ドッジ・ライン,"<p>1949年、財政均衡などを通じて経済の安定を図った政策。</p><p><strong>ポイント</strong><br>安定化の目的と、不況や雇用などへの影響を分ける。</p><p class=""related""><strong>関連語</strong><br>戦後経済・財政</p>",社会三年 科目::歴史 優先::S 単元::H25 学年::中3
1ドル360円の固定相場,"<p>1949年に設定された、日本の戦後経済の為替制度上の基準。</p><p><strong>ポイント</strong><br>当時の制度であり、現在の相場を示す数値ではない。</p><p class=""related""><strong>関連語</strong><br>輸出入・復興</p>",社会三年 科目::歴史 優先::A 単元::H25 学年::中3
吉田茂,"<p>戦後に首相を務め、復興やサンフランシスコでの講和などに関わった人物。</p><p><strong>ポイント</strong><br>占領、独立回復、安全保障の関係の中で考える。</p><p class=""related""><strong>関連語</strong><br>戦後政治・講和</p>",社会三年 科目::歴史 優先::S 単元::H25 学年::中3
家制度の廃止,"<p>戦後、家の長を中心とする民法上の仕組みを改めたこと。</p><p><strong>ポイント</strong><br>個人の尊厳と両性の平等を基本とする改革に関わる。</p><p class=""related""><strong>関連語</strong><br>民法・民主化</p>",社会三年 科目::歴史 優先::S 単元::H25 学年::中3
男女共学,"<p>男女が同じ学校で学ぶこと。戦後の教育改革の一つとして広がった。</p><p><strong>ポイント</strong><br>教育の機会と、現実の進学・生活条件の差も考える。</p><p class=""related""><strong>関連語</strong><br>学校・平等</p>",社会三年 科目::歴史 優先::S 単元::H25 学年::中3
政治の民主化と経済の民主化,"<p>選挙や人権の制度を整えることに加え、土地・企業・労働の力関係を改めること。</p><p><strong>ポイント</strong><br>政治参加を、選挙の手続きだけで捉えない。</p><p class=""related""><strong>関連語</strong><br>農地改革・労働改革</p>",社会三年 科目::歴史 優先::A 単元::H25 学年::中3
講和と国交正常化の範囲,"<p>一つの平和条約を結んでも、その場ですべての国との関係が解決するわけではない。</p><p><strong>ポイント</strong><br>ソ連・中国などとの関係は別の過程をたどった。</p><p class=""related""><strong>関連語</strong><br>サンフランシスコ・外交</p>",社会三年 科目::歴史 優先::A 単元::H25 学年::中3
冷戦,"<p>第二次世界大戦後の、アメリカ中心の西側とソ連中心の東側の対立。</p><p><strong>ポイント</strong><br>直接の全面戦争は避けられたが、地域戦争や核軍拡は起きた。</p><p class=""related""><strong>関連語</strong><br>米ソ・東西対立</p>",社会三年 科目::歴史 優先::S 単元::H26 学年::中3
朝鮮戦争,"<p>1950年に始まった朝鮮半島の戦争。1953年に休戦協定が結ばれた。</p><p><strong>ポイント</strong><br>平和条約による終結とは区別する。</p><p class=""related""><strong>関連語</strong><br>冷戦・朝鮮半島</p>",社会三年 科目::歴史 優先::S 単元::H26 学年::中3
ベトナム戦争,"<p>冷戦下のベトナムで続いた戦争。アメリカも大規模に介入し、多数の被害を生んだ。</p><p><strong>ポイント</strong><br>1975年に南ベトナム政権が崩壊し、翌年に統一された。</p><p class=""related""><strong>関連語</strong><br>冷戦・民族独立</p>",社会三年 科目::歴史 優先::S 単元::H26 学年::中3
アジア・アフリカ会議,"<p>1955年、バンドンで開かれ、平和共存や植民地主義への反対などを掲げた会議。</p><p><strong>ポイント</strong><br>米ソのどちらにも単純に従わない国々の動き。</p><p class=""related""><strong>関連語</strong><br>バンドン会議・独立</p>",社会三年 科目::歴史 優先::S 単元::H26 学年::中3
国際連合の成立,"<p>第二次世界大戦を踏まえ、1945年に国際連合が成立した。</p><p><strong>ポイント</strong><br>国際連盟の発足1920年と区別する。</p><p class=""related""><strong>関連語</strong><br>国際協調・平和</p>",社会三年 科目::歴史 優先::A 単元::H26 学年::中3
特需,"<p>特別な出来事によって生じる大きな需要。日本では朝鮮戦争に伴う物資・サービスの需要が経済回復を助けた。</p><p><strong>ポイント</strong><br>日本国内の通常の消費の増加とは異なる。</p><p class=""related""><strong>関連語</strong><br>朝鮮戦争・経済回復</p>",社会三年 科目::歴史 優先::S 単元::H26 学年::中3
自衛隊,"<p>1954年に発足した、日本の防衛などを担う組織。</p><p><strong>ポイント</strong><br>日本国憲法の平和主義や安全保障政策と関わる。</p><p class=""related""><strong>関連語</strong><br>防衛・日米関係</p>",社会三年 科目::歴史 優先::S 単元::H26 学年::中3
55年体制,"<p>1955年に成立した、自由民主党と日本社会党の対立を主な軸とする政治体制。</p><p><strong>ポイント</strong><br>自民党の長期政権が続いた。</p><p class=""related""><strong>関連語</strong><br>政党政治・戦後</p>",社会三年 科目::歴史 優先::S 単元::H26 学年::中3
日ソ共同宣言,"<p>1956年、日本とソ連が戦争状態を終わらせ、国交を回復した宣言。</p><p><strong>ポイント</strong><br>同年、日本は国際連合へ加盟した。</p><p class=""related""><strong>関連語</strong><br>国交回復・国連加盟</p>",社会三年 科目::歴史 優先::S 単元::H26 学年::中3
安保闘争,"<p>1960年の日米安全保障条約改定などに反対して広がった運動。</p><p><strong>ポイント</strong><br>安全保障や政治の進め方をめぐり、社会が大きく対立した。</p><p class=""related""><strong>関連語</strong><br>日米安保・民主政治</p>",社会三年 科目::歴史 優先::S 単元::H26 学年::中3
日韓基本条約,"<p>1965年、日本と韓国の国交正常化の基本となった条約。</p><p><strong>ポイント</strong><br>歴史をめぐる全ての問題が解消したという意味ではない。</p><p class=""related""><strong>関連語</strong><br>日韓関係・戦後処理</p>",社会三年 科目::歴史 優先::S 単元::H26 学年::中3
日中共同声明,"<p>1972年、日本と中華人民共和国が国交を正常化した際の共同声明。</p><p><strong>ポイント</strong><br>1978年の日中平和友好条約とは別。</p><p class=""related""><strong>関連語</strong><br>田中角栄・中国</p>",社会三年 科目::歴史 優先::S 単元::H26 学年::中3
日中平和友好条約,"<p>1978年、日本と中国が平和・友好関係などを確認した条約。</p><p><strong>ポイント</strong><br>国交正常化の共同声明は1972年。</p><p class=""related""><strong>関連語</strong><br>日中関係・外交</p>",社会三年 科目::歴史 優先::S 単元::H26 学年::中3
高度経済成長,"<p>1950年代半ばから1973年ごろまでの、日本の急速な経済成長。</p><p><strong>ポイント</strong><br>所得や生産の増加と、公害・都市問題を両方見る。</p><p class=""related""><strong>関連語</strong><br>工業化・生活変化</p>",社会三年 科目::歴史 優先::S 単元::H26 学年::中3
<ruby>三種の神器<rp>（</rp><rt>さんしゅのじんぎ</rt><rp>）</rp></ruby>（戦後の家電）,"<p>高度成長期に普及した、白黒テレビ・洗濯機・冷蔵庫を指す呼び名。</p><p><strong>ポイント</strong><br>後の自動車・クーラー・カラーテレビの3Cとは区別する。</p><p class=""related""><strong>関連語</strong><br>消費生活・家電</p>",社会三年 科目::歴史 優先::S 単元::H26 学年::中3
1964年の東京と交通,"<p>東京オリンピックが開かれ、東海道新幹線が開業した。</p><p><strong>ポイント</strong><br>成長に伴う社会基盤の整備を示す。</p><p class=""related""><strong>関連語</strong><br>高度経済成長・新幹線</p>",社会三年 科目::歴史 優先::S 単元::H26 学年::中3
四大公害病,"<p>水俣病・新潟水俣病・イタイイタイ病・四日市ぜんそく。</p><p><strong>ポイント</strong><br>場所と原因物質を区別する。</p><p class=""related""><strong>関連語</strong><br>公害・環境</p>",社会三年 科目::歴史 優先::S 単元::H26 学年::中3
水俣病・新潟水俣病,"<p>工場排水由来の有機水銀が食物連鎖などを通じて人体へ入り、健康被害を起こした公害病。</p><p><strong>ポイント</strong><br>熊本県の水俣周辺、<ruby>新潟県<rp>（</rp><rt>にいがたけん</rt><rp>）</rp></ruby>の阿賀野川流域で発生。</p><p class=""related""><strong>関連語</strong><br>有機水銀・水質汚染</p>",社会三年 科目::歴史 優先::S 単元::H26 学年::中3
イタイイタイ病,"<p>富山県の神通川流域で発生し、カドミウムを原因とする公害病。</p><p><strong>ポイント</strong><br>有機水銀による水俣病とは原因が異なる。</p><p class=""related""><strong>関連語</strong><br>カドミウム・神通川</p>",社会三年 科目::歴史 優先::S 単元::H26 学年::中3
四日市ぜんそく,"<p>三重県四日市市で、硫黄酸化物などの大気汚染によって起こった健康被害。</p><p><strong>ポイント</strong><br>水ではなく大気の汚染と結び付ける。</p><p class=""related""><strong>関連語</strong><br>大気汚染・石油化学</p>",社会三年 科目::歴史 優先::S 単元::H26 学年::中3
石油危機,"<p>1973年などに、原油価格の急上昇や供給不安が世界経済へ影響した出来事。</p><p><strong>ポイント</strong><br>日本では高度成長の転換点となり、省エネルギーが進んだ。</p><p class=""related""><strong>関連語</strong><br>原油・輸入依存</p>",社会三年 科目::歴史 優先::S 単元::H26 学年::中3
高度成長を評価する複数の観点,"<p>所得・生産・利便性だけでなく、公害、地域格差、混雑、生活の変化も見る。</p><p><strong>ポイント</strong><br>平均の所得が増えても、全員が同じ利益を受けたとは限らない。</p><p class=""related""><strong>関連語</strong><br>経済成長・公正</p>",社会三年 科目::歴史 優先::A 単元::H26 学年::中3
北大西洋条約機構（NATO）,"<p>1949年に成立した、アメリカや西ヨーロッパなどを中心とする軍事同盟。</p><p><strong>ポイント</strong><br>国際連合とは異なる組織。加盟状況の現在値は別に確認する。</p><p class=""related""><strong>関連語</strong><br>冷戦・西側</p>",社会三年 科目::歴史 優先::S 単元::H26 学年::中3
ワルシャワ条約機構,"<p>1955年、ソ連と東ヨーロッパ諸国を中心に成立した軍事同盟。冷戦終結期に解体した。</p><p><strong>ポイント</strong><br>NATOとの対立を歴史上の枠組みとして捉える。</p><p class=""related""><strong>関連語</strong><br>冷戦・東側</p>",社会三年 科目::歴史 優先::S 単元::H26 学年::中3
中華人民共和国,"<p>1949年に成立した、<ruby>毛沢東<rp>（</rp><rt>もうたくとう</rt><rp>）</rp></ruby>ら中国共産党が中心となる国家。</p><p><strong>ポイント</strong><br>1912年成立の中華民国とは国名と時期を区別する。</p><p class=""related""><strong>関連語</strong><br>中国・国共内戦</p>",社会三年 科目::歴史 優先::S 単元::H26 学年::中3
<ruby>毛沢東<rp>（</rp><rt>もうたくとう</rt><rp>）</rp></ruby>,"<p>中国共産党を率い、中華人民共和国の成立に中心的な役割を果たした人物。</p><p><strong>ポイント</strong><br><ruby>孫文<rp>（</rp><rt>そんぶん</rt><rp>）</rp></ruby>らの<ruby>辛亥革命<rp>（</rp><rt>しんがいかくめい</rt><rp>）</rp></ruby>とは時代が異なる。</p><p class=""related""><strong>関連語</strong><br>1949年・中国</p>",社会三年 科目::歴史 優先::S 単元::H26 学年::中3
非同盟の動き,"<p>米ソなどの軍事的な陣営へ単純に従わず、独立した立場で協力しようとする動き。</p><p><strong>ポイント</strong><br>冷戦下の全ての国を二陣営だけで説明しない。</p><p class=""related""><strong>関連語</strong><br>独立国・国際政治</p>",社会三年 科目::歴史 優先::S 単元::H26 学年::中3
休戦と平和条約,"<p>戦闘を止める合意と、戦争後の関係を正式に処理する条約の違い。</p><p><strong>ポイント</strong><br>朝鮮戦争の1953年は休戦協定。</p><p class=""related""><strong>関連語</strong><br>冷戦・朝鮮半島</p>",社会三年 科目::歴史 優先::S 単元::H26 学年::中3
キューバ危機,"<p>1962年、キューバへのミサイル配備などをめぐり米ソの緊張が高まった危機。</p><p><strong>ポイント</strong><br>核兵器と外交交渉の関係を考える。</p><p class=""related""><strong>関連語</strong><br>核軍拡・冷戦</p>",社会三年 科目::歴史 優先::S 単元::H26 学年::中3
国民所得倍増計画,"<p>1960年、池田勇人内閣が決定した、経済成長や生活水準向上などを目指す計画。</p><p><strong>ポイント</strong><br>国全体の成長と、個人・地域への分配を区別する。</p><p class=""related""><strong>関連語</strong><br>高度経済成長・政策</p>",社会三年 科目::歴史 優先::S 単元::H26 学年::中3
エネルギー革命,"<p>日本などで、主要なエネルギー源が石炭から石油へ移っていった変化。</p><p><strong>ポイント</strong><br>炭鉱地域の雇用や、臨海工業の発展にも影響した。</p><p class=""related""><strong>関連語</strong><br>産業構造・高度成長</p>",社会三年 科目::歴史 優先::S 単元::H26 学年::中3
公害対策基本法,"<p>1967年に制定された、公害への対応を進める基本的な法律。</p><p><strong>ポイント</strong><br>当時の対策と、後の環境法制の展開を分ける。</p><p class=""related""><strong>関連語</strong><br>公害・政策</p>",社会三年 科目::歴史 優先::S 単元::H26 学年::中3
環境庁,"<p>1971年に発足した、環境行政を担当する国の機関。</p><p><strong>ポイント</strong><br>現在の省庁名とは時代を区別する。</p><p class=""related""><strong>関連語</strong><br>公害対策・行政</p>",社会三年 科目::歴史 優先::S 単元::H26 学年::中3
沖縄返還,"<p>1972年5月15日、沖縄の施政権がアメリカから日本へ返還されたこと。</p><p><strong>ポイント</strong><br>復帰と、米軍基地などの課題の解消を同じにしない。</p><p class=""related""><strong>関連語</strong><br>戦後・日米関係</p>",社会三年 科目::歴史 優先::S 単元::H26 学年::中3
ベルリンの壁の開放,"<p>1989年、東西ベルリンを隔てた壁の通行が開放された出来事。</p><p><strong>ポイント</strong><br>翌1990年にドイツが統一された。</p><p class=""related""><strong>関連語</strong><br>冷戦終結・ドイツ</p>",社会三年 科目::歴史 優先::S 単元::H27 学年::中3
マルタ会談,"<p>1989年、米ソ首脳が会談し、冷戦の終結を確認した会談。</p><p><strong>ポイント</strong><br>ソ連の解体は1991年。</p><p class=""related""><strong>関連語</strong><br>冷戦・米ソ</p>",社会三年 科目::歴史 優先::S 単元::H27 学年::中3
ソ連の解体,"<p>1991年、ソビエト社会主義共和国連邦が解体し、共和国が独立したこと。</p><p><strong>ポイント</strong><br>ロシア以外の独立国も成立した。</p><p class=""related""><strong>関連語</strong><br>冷戦後・国際社会</p>",社会三年 科目::歴史 優先::S 単元::H27 学年::中3
EU発足の歴史,"<p>ヨーロッパの協力・統合が進み、1993年にヨーロッパ連合が発足した。</p><p><strong>ポイント</strong><br>地理で学ぶEUの仕組みを、戦後史の流れに置く。</p><p class=""related""><strong>関連語</strong><br>地域統合・ヨーロッパ</p>",社会三年 科目::歴史 優先::A 単元::H27 学年::中3
プラザ合意,"<p>1985年、主要国がドル高の是正などに向けて協調した合意。</p><p><strong>ポイント</strong><br>その後、日本では円高が進んだ。</p><p class=""related""><strong>関連語</strong><br>為替・円高</p>",社会三年 科目::歴史 優先::S 単元::H27 学年::中3
バブル経済,"<p>土地や株式などの価格が、実際の経済の力から離れて大きく上がった状態。</p><p><strong>ポイント</strong><br>日本では1980年代後半に膨らみ、1990年代初めに崩壊した。</p><p class=""related""><strong>関連語</strong><br>資産価格・金融</p>",社会三年 科目::歴史 優先::S 単元::H27 学年::中3
<ruby>不良債権<rp>（</rp><rt>ふりょうさいけん</rt><rp>）</rp></ruby>,"<p>貸したお金などのうち、回収が難しくなった債権。</p><p><strong>ポイント</strong><br>バブル崩壊後、金融機関の経営を圧迫した。</p><p class=""related""><strong>関連語</strong><br>銀行・バブル崩壊</p>",社会三年 科目::歴史 優先::S 単元::H27 学年::中3
2008年の世界金融危機,"<p>アメリカの住宅金融問題や金融機関の破綻などを通じ、世界へ広がった金融・経済の危機。</p><p><strong>ポイント</strong><br>リーマン・ショックとも呼ばれる。1929年の<ruby>世界恐慌<rp>（</rp><rt>せかいきょうこう</rt><rp>）</rp></ruby>とは別。</p><p class=""related""><strong>関連語</strong><br>金融・グローバル化</p>",社会三年 科目::歴史 優先::S 単元::H27 学年::中3
1993年の政権交代,"<p>自民党を含まない連立政権が成立し、55年体制が転換点を迎えた。</p><p><strong>ポイント</strong><br>その後の政党の変化や現在の政権は、最新資料で確かめる。</p><p class=""related""><strong>関連語</strong><br>連立政権・政治改革</p>",社会三年 科目::歴史 優先::A 単元::H27 学年::中3
阪神・淡路大震災,"<p>1995年1月17日の地震によって、神戸周辺などに大きな被害が生じた災害。</p><p><strong>ポイント</strong><br>耐震化や地域防災、ボランティアの重要性が見直された。</p><p class=""related""><strong>関連語</strong><br>都市災害・防災</p>",社会三年 科目::歴史 優先::S 単元::H27 学年::中3
ボランティア,"<p>自分の意思で、社会や他者のために行う活動。</p><p><strong>ポイント</strong><br>無償かどうかだけでなく、自発性や公共性を考える。</p><p class=""related""><strong>関連語</strong><br>共助・市民社会</p>",社会三年 科目::歴史 優先::S 単元::H27 学年::中3
経済危機が国境を越える仕組み,"<p>貿易、投資、金融機関の取引などで国同士が結び付き、一国の不況が他国へ波及する。</p><p><strong>ポイント</strong><br>グローバル化の利点とリスクの両方を見る。</p><p class=""related""><strong>関連語</strong><br>金融危機・国際分業</p>",社会三年 科目::歴史 優先::A 単元::H27 学年::中3
資産価格と生産の違い,"<p>土地や株の価格が上がることと、物やサービスの生産が同じだけ増えることは別。</p><p><strong>ポイント</strong><br>バブル経済を実際の生産力の増加と混同しない。</p><p class=""related""><strong>関連語</strong><br>バブル・経済成長</p>",社会三年 科目::歴史 優先::A 単元::H27 学年::中3
SDGsが採択された年,"<p>2015年。国連が、2030年へ向けた持続可能な開発目標を採択した。</p><p><strong>ポイント</strong><br>貧困・教育・環境などを相互につながる課題として扱う。</p><p class=""related""><strong>関連語</strong><br>国際連合・持続可能性</p>",社会三年 科目::歴史 優先::A 単元::H27 学年::中3
歴史上の出来事を現在と比較する方法,"<p>共通点だけでなく、制度・技術・国際関係などの違いも確かめる。</p><p><strong>ポイント</strong><br>似た出来事だから同じ結果になる、と断定しない。</p><p class=""related""><strong>関連語</strong><br>比較・根拠</p>",社会三年 科目::歴史 優先::A 単元::H27 学年::中3
歴史の長期変化を整理する軸,"<p>土地と税、政治参加、外国との交流、産業と技術、人権などの軸で時代を比べる。</p><p><strong>ポイント</strong><br>一つの時代ごとの暗記を、時代をまたぐ理解へつなぐ。</p><p class=""related""><strong>関連語</strong><br>年表・比較表</p>",社会三年 科目::歴史 優先::A 単元::H27 学年::中3
ゴルバチョフ,"<p>冷戦終結期にソ連の指導者として改革や対外関係の見直しを進めた人物。</p><p><strong>ポイント</strong><br>マルタ会談、東欧の変化、ソ連解体を時系列で区別する。</p><p class=""related""><strong>関連語</strong><br>冷戦・ソ連</p>",社会三年 科目::歴史 優先::S 単元::H27 学年::中3
ペレストロイカ,"<p>ゴルバチョフが進めた、ソ連の政治・経済などの立て直しを目指す改革。</p><p><strong>ポイント</strong><br>改革の方針と、その後の結果は同じものではない。</p><p class=""related""><strong>関連語</strong><br>ソ連・体制変化</p>",社会三年 科目::歴史 優先::S 単元::H27 学年::中3
ベルリンの壁,"<p>東西ベルリンの移動を制限し、冷戦の象徴となった壁。</p><p><strong>ポイント</strong><br>1989年の開放と、翌年のドイツ統一は別。</p><p class=""related""><strong>関連語</strong><br>ドイツ・冷戦</p>",社会三年 科目::歴史 優先::S 単元::H27 学年::中3
ドイツ統一,"<p>1990年、東西に分かれていたドイツが統一されたこと。</p><p><strong>ポイント</strong><br>ベルリンの壁の開放1989年、ソ連解体1991年と区別する。</p><p class=""related""><strong>関連語</strong><br>欧州・冷戦後</p>",社会三年 科目::歴史 優先::S 単元::H27 学年::中3
湾岸戦争,"<p>イラクのクウェート侵攻を受け、1991年に起こった戦争。</p><p><strong>ポイント</strong><br>冷戦が終わっても地域の戦争がなくなったわけではない。</p><p class=""related""><strong>関連語</strong><br>中東・国際社会</p>",社会三年 科目::歴史 優先::S 単元::H27 学年::中3
貿易摩擦,"<p>輸出入の拡大などで、国同士の産業・雇用・取引条件をめぐる対立が起こること。</p><p><strong>ポイント</strong><br>国全体の取引と、産業ごとの利害を分けて考える。</p><p class=""related""><strong>関連語</strong><br>国際経済・日本</p>",社会三年 科目::歴史 優先::S 単元::H27 学年::中3
円高不況,"<p>円高による輸出条件などの変化が、景気を弱める状況。</p><p><strong>ポイント</strong><br>円高には輸入の負担を軽くする面もあり、立場で影響が違う。</p><p class=""related""><strong>関連語</strong><br>プラザ合意・企業</p>",社会三年 科目::歴史 優先::S 単元::H27 学年::中3
企業の海外生産と国内地域,"<p>企業が海外へ生産拠点を広げることで、国際分業や国内の仕事・地域産業が変わること。</p><p><strong>ポイント</strong><br>全ての海外進出が国内の雇用を同じだけ減らすとは限らない。</p><p class=""related""><strong>関連語</strong><br>貿易・産業構造</p>",社会三年 科目::歴史 優先::A 単元::H27 学年::中3
担保,"<p>借入れが返済されない場合の回収などを支えるために設定する財産など。</p><p><strong>ポイント</strong><br>土地価格が下がると、処分しても貸出額を回収できない場合がある。</p><p class=""related""><strong>関連語</strong><br>銀行・資産価格</p>",社会三年 科目::歴史 優先::S 単元::H27 学年::中3
<ruby>不良債権<rp>（</rp><rt>ふりょうさいけん</rt><rp>）</rp></ruby>と貸出しの関係,"<p>回収困難な貸出しが増えると、金融機関の経営や新たな融資へ影響する場合がある。</p><p><strong>ポイント</strong><br>貸出しの変化には借り手の需要なども関わる。</p><p class=""related""><strong>関連語</strong><br>バブル崩壊・金融</p>",社会三年 科目::歴史 優先::A 単元::H27 学年::中3
市民活動と支援の調整,"<p>住民・団体などが必要を確かめ、行政や他団体と役割を分けて支援すること。</p><p><strong>ポイント</strong><br>参加人数や寄付額だけでは、必要な支援が届いたかは分からない。</p><p class=""related""><strong>関連語</strong><br>災害・社会参加</p>",社会三年 科目::歴史 優先::A 単元::H27 学年::中3
技術の普及と利用機会,"<p>新しい技術が社会へ広がっても、設備・知識・費用などによる利用の差が残ること。</p><p><strong>ポイント</strong><br>情報化の成果と格差を同時に評価する。</p><p class=""related""><strong>関連語</strong><br>通信・現代社会</p>",社会三年 科目::歴史 優先::A 単元::H27 学年::中3
情報化,"<p>情報通信技術の発達によって、情報の生産・流通・利用が社会で重要になること。</p><p><strong>ポイント</strong><br>便利さと、誤情報や利用格差などの課題を両方見る。</p><p class=""related""><strong>関連語</strong><br>ICT・現代社会</p>",社会三年 科目::公民 優先::S 単元::C01 学年::中3
メディア,"<p>情報を伝える手段や組織。新聞・テレビ・インターネットなど。</p><p><strong>ポイント</strong><br>同じ出来事でも、選ぶ情報や伝え方が異なる。</p><p class=""related""><strong>関連語</strong><br>情報・報道</p>",社会三年 科目::公民 優先::S 単元::C01 学年::中3
メディアリテラシー,"<p>情報の発信者・根拠・意図などを確かめ、適切に読み取り、発信する力。</p><p><strong>ポイント</strong><br>単に機器を操作できることとは異なる。</p><p class=""related""><strong>関連語</strong><br>情報の検証・発信</p>",社会三年 科目::公民 優先::S 単元::C01 学年::中3
事実と意見の区別,"<p>事実は資料などで確かめられる内容、意見は評価・判断・提案など。</p><p><strong>ポイント</strong><br>意見にも根拠が必要で、事実らしい文章にも誤りはありうる。</p><p class=""related""><strong>関連語</strong><br>根拠・判断</p>",社会三年 科目::公民 優先::S 単元::C01 学年::中3
個人情報,"<p>氏名など、特定の個人を識別できる情報。組合せで識別できる場合なども含む。</p><p><strong>ポイント</strong><br>本人が望まない公開や、不適切な利用に注意する。</p><p class=""related""><strong>関連語</strong><br>プライバシー・情報化</p>",社会三年 科目::公民 優先::S 単元::C01 学年::中3
著作権,"<p>文章・音楽・絵などの創作物について、作者らの利益を守る権利。</p><p><strong>ポイント</strong><br>インターネットで見られることと、自由に転載できることは別。</p><p class=""related""><strong>関連語</strong><br>創作物・知的財産</p>",社会三年 科目::公民 優先::S 単元::C01 学年::中3
情報の発信元を確かめる方法,"<p>最初の発表や元の資料へたどり、作成者・日付・根拠・文脈を確認する。</p><p><strong>ポイント</strong><br>転載が多くても、同じ一つの情報源かもしれない。</p><p class=""related""><strong>関連語</strong><br>出典・検証</p>",社会三年 科目::公民 優先::A 単元::C01 学年::中3
自動推薦と情報の偏り,"<p>閲覧履歴などに応じた推薦により、似た内容や意見ばかり見る可能性がある。</p><p><strong>ポイント</strong><br>自分から異なる資料も確かめることが大切。</p><p class=""related""><strong>関連語</strong><br>SNS・情報選択</p>",社会三年 科目::公民 優先::A 単元::C01 学年::中3
文化,"<p>人々が学び、受け継ぎ、つくり出す言葉・芸術・科学・生活習慣などのまとまり。</p><p><strong>ポイント</strong><br>特定の国の中にも多様な文化がある。</p><p class=""related""><strong>関連語</strong><br>伝統・多様性</p>",社会三年 科目::公民 優先::S 単元::C01 学年::中3
伝統文化,"<p>地域や社会で長く受け継がれてきた文化。</p><p><strong>ポイント</strong><br>昔の形から全く変えてはいけないという意味ではない。</p><p class=""related""><strong>関連語</strong><br>継承・創造</p>",社会三年 科目::公民 優先::S 単元::C01 学年::中3
多様性,"<p>人々の背景・考え・性質・生き方などにさまざまな違いがあること。</p><p><strong>ポイント</strong><br>違いを理由に権利や尊厳を否定しない。</p><p class=""related""><strong>関連語</strong><br>個人・共生</p>",社会三年 科目::公民 優先::S 単元::C01 学年::中3
現代社会の変化を結び付ける方法,"<p>人口、情報、国際的な交流などが、同じ生活上の問題へどう関わるかを考える。</p><p><strong>ポイント</strong><br>例えば高齢者の買い物支援と通信・物流を関連付ける。</p><p class=""related""><strong>関連語</strong><br>少子高齢化・情報化・グローバル化</p>",社会三年 科目::公民 優先::A 単元::C01 学年::中3
デジタル化,"<p>文字・画像・音などをデータとして扱い、処理・保存・共有すること。</p><p><strong>ポイント</strong><br>情報が公開されても、機器や知識などの利用条件が必要。</p><p class=""related""><strong>関連語</strong><br>情報化・社会</p>",社会三年 科目::公民 優先::S 単元::C01 学年::中3
一次情報,"<p>当事者の記録や調査結果、公的発表など、直接の根拠となる情報。</p><p><strong>ポイント</strong><br>発表者や調査方法にも注意し、無条件に正しいとしない。</p><p class=""related""><strong>関連語</strong><br>情報源・根拠</p>",社会三年 科目::公民 優先::S 単元::C01 学年::中3
二次情報,"<p>一次情報を紹介・整理・解説する情報。</p><p><strong>ポイント</strong><br>背景の理解に役立つ一方、元の資料と解釈の区別が必要。</p><p class=""related""><strong>関連語</strong><br>解説・報道</p>",社会三年 科目::公民 優先::S 単元::C01 学年::中3
発信日時と出来事の日時,"<p>情報を公開した日と、写真や記録が対象とする出来事の日は異なる場合がある。</p><p><strong>ポイント</strong><br>新しい投稿の画像が、今の出来事を示すとは限らない。</p><p class=""related""><strong>関連語</strong><br>検証・文脈</p>",社会三年 科目::公民 優先::A 単元::C01 学年::中3
アルゴリズム,"<p>目的を達成するための、定められた処理や判断の手順。</p><p><strong>ポイント</strong><br>検索・推薦では、何を選んで表示するかへ関わる。</p><p class=""related""><strong>関連語</strong><br>情報技術・推薦</p>",社会三年 科目::公民 優先::S 単元::C01 学年::中3
フィルターバブル,"<p>個人に合わせた情報選択などにより、異なる見方に触れにくくなる状態。</p><p><strong>ポイント</strong><br>便利な推薦と、情報の偏りの両面を考える。</p><p class=""related""><strong>関連語</strong><br>情報選択・SNS</p>",社会三年 科目::公民 優先::S 単元::C01 学年::中3
エコーチェンバー,"<p>似た考えの人同士で同じ意見が繰り返され、強く支持されているように感じやすくなる現象。</p><p><strong>ポイント</strong><br>周囲の反応だけで社会全体の意見と判断しない。</p><p class=""related""><strong>関連語</strong><br>SNS・世論</p>",社会三年 科目::公民 優先::S 単元::C01 学年::中3
確証バイアス,"<p>自分の考えに合う情報を重視し、反する情報を軽く扱いやすい傾向。</p><p><strong>ポイント</strong><br>自分の判断にも働きうるため、別の根拠を確かめる。</p><p class=""related""><strong>関連語</strong><br>情報判断・検証</p>",社会三年 科目::公民 優先::S 単元::C01 学年::中3
広告と報道の目的,"<p>広告は商品などの選択を促すことを目的とし、報道は出来事を伝える役割をもつ。</p><p><strong>ポイント</strong><br>形式だけで中立性や正しさを決めず、費用や利益関係も確認する。</p><p class=""related""><strong>関連語</strong><br>メディア・消費者</p>",社会三年 科目::公民 優先::A 単元::C01 学年::中3
写真に写る範囲と文脈,"<p>写真は一場面を示し、画面外や撮影前後の状況までは含まない。</p><p><strong>ポイント</strong><br>撮影日時・場所・説明との関係を確認する。</p><p class=""related""><strong>関連語</strong><br>画像・検証</p>",社会三年 科目::公民 優先::A 単元::C01 学年::中3
誤情報の訂正,"<p>誤りの内容と根拠、正しい情報を示して、誤解の拡大を抑えること。</p><p><strong>ポイント</strong><br>削除だけでは転載先などへ訂正が伝わらない場合がある。</p><p class=""related""><strong>関連語</strong><br>情報発信・責任</p>",社会三年 科目::公民 優先::A 単元::C01 学年::中3
情報公開と利用可能性,"<p>情報が見える場所にあることと、実際に読めて使えることは異なる。</p><p><strong>ポイント</strong><br>言語・機器・障害への配慮なども必要。</p><p class=""related""><strong>関連語</strong><br>情報格差・人権</p>",社会三年 科目::公民 優先::A 単元::C01 学年::中3
希少性,"<p>人々の欲求に対して、使える資源や時間などに限りがあること。</p><p><strong>ポイント</strong><br>限りがあるため、選択が必要になる。</p><p class=""related""><strong>関連語</strong><br>資源・選択</p>",社会三年 科目::公民 優先::S 単元::C02 学年::中3
対立,"<p>目的・意見・利益などが両立しにくく、食い違うこと。</p><p><strong>ポイント</strong><br>何がぶつかるのかを具体的にすると解決策を考えやすい。</p><p class=""related""><strong>関連語</strong><br>合意・利害</p>",社会三年 科目::公民 優先::S 単元::C02 学年::中3
合意形成,"<p>異なる意見をもつ人々が話し合い、受け入れられる決定へ近づく過程。</p><p><strong>ポイント</strong><br>全員の希望を無条件に全て実現することではない。</p><p class=""related""><strong>関連語</strong><br>対話・決定</p>",社会三年 科目::公民 優先::S 単元::C02 学年::中3
効率,"<p>限られた資源や時間をむだなく使い、目的を達成しようとする観点。</p><p><strong>ポイント</strong><br>誰に利益・負担が生じるかという公正の観点も必要。</p><p class=""related""><strong>関連語</strong><br>費用・効果</p>",社会三年 科目::公民 優先::S 単元::C02 学年::中3
公正,"<p>手続きや利益・負担の配分が公平で、権利が適切に尊重されるかという観点。</p><p><strong>ポイント</strong><br>全員を形式的に同じに扱うだけでは不十分な場合がある。</p><p class=""related""><strong>関連語</strong><br>平等・手続き</p>",社会三年 科目::公民 優先::S 単元::C02 学年::中3
トレードオフ,"<p>一方を得たり増やしたりすると、他方を失ったり減らしたりする関係。</p><p><strong>ポイント</strong><br>案の利点だけでなく、何をあきらめるかも示す。</p><p class=""related""><strong>関連語</strong><br>選択・機会費用</p>",社会三年 科目::公民 優先::A 単元::C02 学年::中3
機会費用,"<p>ある選択のためにあきらめた、最も価値のある別の選択肢の価値。</p><p><strong>ポイント</strong><br>現金の支払いだけを指すわけではない。</p><p class=""related""><strong>関連語</strong><br>時間・選択</p>",社会三年 科目::公民 優先::A 単元::C02 学年::中3
多数決,"<p>多数の支持を得た案を採用する決定方法。</p><p><strong>ポイント</strong><br>十分な討議、少数意見の尊重、人権の保障が必要。</p><p class=""related""><strong>関連語</strong><br>民主政治・少数意見</p>",社会三年 科目::公民 優先::S 単元::C02 学年::中3
少数意見の尊重,"<p>支持者が少ない意見でも、理由を聞き、権利や不利益に配慮すること。</p><p><strong>ポイント</strong><br>多数決で負けた人の人権がなくなるわけではない。</p><p class=""related""><strong>関連語</strong><br>多数決・公正</p>",社会三年 科目::公民 優先::S 単元::C02 学年::中3
ルール,"<p>人々が共に活動するための、行動や手続きのきまり。</p><p><strong>ポイント</strong><br>目的・対象・決め方・変更方法を明確にする。</p><p class=""related""><strong>関連語</strong><br>秩序・合意</p>",社会三年 科目::公民 優先::S 単元::C02 学年::中3
形式的な平等と実質的な参加,"<p>全員に同じ条件を課しても、障害などによって参加できない場合がある。必要な調整で機会を確保することも重要。</p><p><strong>ポイント</strong><br>違う扱いが、いつも不公平とは限らない。</p><p class=""related""><strong>関連語</strong><br>合理的配慮・公正</p>",社会三年 科目::公民 優先::A 単元::C02 学年::中3
ルールを見直す判断,"<p>目的に役立っているか、特定の人へ不当に負担が集中していないかなどを検証する。</p><p><strong>ポイント</strong><br>決めたことを無条件に固定せず、変更も公正な手続きで行う。</p><p class=""related""><strong>関連語</strong><br>効率・公正・評価</p>",社会三年 科目::公民 優先::A 単元::C02 学年::中3
利害関係者,"<p>ある決定や活動によって利益・負担などの影響を受ける人や団体。</p><p><strong>ポイント</strong><br>賛成者だけでなく、不利益を受ける側の条件も調べる。</p><p class=""related""><strong>関連語</strong><br>合意形成・地域</p>",社会三年 科目::公民 優先::S 単元::C02 学年::中3
目的と手段の区別,"<p>何を実現したいかという目的と、そのための方法を分けること。</p><p><strong>ポイント</strong><br>方法に対立があっても、共通する目的が見つかる場合がある。</p><p class=""related""><strong>関連語</strong><br>話合い・代替案</p>",社会三年 科目::公民 優先::A 単元::C02 学年::中3
代替案,"<p>最初の方法以外に、同じ目的などを実現するため考える別の案。</p><p><strong>ポイント</strong><br>二つの案だけを無条件に固定せず、組合せや調整も検討する。</p><p class=""related""><strong>関連語</strong><br>選択・政策</p>",社会三年 科目::公民 優先::S 単元::C02 学年::中3
初期費用と維持費,"<p>建設などの開始時にかかる費用と、その後の運営・修理などにかかる費用。</p><p><strong>ポイント</strong><br>建設できることと、長く運営できることを分けて考える。</p><p class=""related""><strong>関連語</strong><br>公共施設・予算</p>",社会三年 科目::公民 優先::S 単元::C02 学年::中3
現在と将来の負担,"<p>今の利用による利益と、将来の返済・維持などの負担の関係。</p><p><strong>ポイント</strong><br>現在の利用者だけでなく、後の住民や世代も考慮する。</p><p class=""related""><strong>関連語</strong><br>持続可能性・公正</p>",社会三年 科目::公民 優先::A 単元::C02 学年::中3
手続きの公正,"<p>情報や意見表明の機会、決定方法などが公平であるかという観点。</p><p><strong>ポイント</strong><br>結果が自分の希望と同じかどうかだけでは評価しない。</p><p class=""related""><strong>関連語</strong><br>討議・ルール</p>",社会三年 科目::公民 優先::S 単元::C02 学年::中3
配分の公正,"<p>利益や負担の分かれ方が公平で、権利が不当に損なわれないかという観点。</p><p><strong>ポイント</strong><br>人数に等分するだけが唯一の公正ではない。</p><p class=""related""><strong>関連語</strong><br>負担・権利</p>",社会三年 科目::公民 優先::S 単元::C02 学年::中3
同量・同機会・必要性の比較,"<p>同じ量を配る、等しい機会を与える、必要の違いに応じて調整するという異なる基準。</p><p><strong>ポイント</strong><br>目的に応じ、なぜその基準が適切か説明する。</p><p class=""related""><strong>関連語</strong><br>平等・公正</p>",社会三年 科目::公民 優先::A 単元::C02 学年::中3
全員一致,"<p>全ての参加者が同じ決定に賛成すること。</p><p><strong>ポイント</strong><br>多数決や、異なる意見が残る中の合意と区別する。</p><p class=""related""><strong>関連語</strong><br>合意形成・決定</p>",社会三年 科目::公民 優先::S 単元::C02 学年::中3
説明責任,"<p>判断の理由や用いた情報、実施の結果などを関係者へ説明する責任。</p><p><strong>ポイント</strong><br>決定した事実だけを告げることではない。</p><p class=""related""><strong>関連語</strong><br>行政・組織</p>",社会三年 科目::公民 優先::S 単元::C02 学年::中3
試行と見直し,"<p>小さな範囲などで実施して結果を確かめ、問題があれば方法を修正すること。</p><p><strong>ポイント</strong><br>一度決めたルールを無条件に固定しない。</p><p class=""related""><strong>関連語</strong><br>評価・改善</p>",社会三年 科目::公民 優先::A 単元::C02 学年::中3
数値化しにくい価値,"<p>安全・尊厳・文化など、単一の金額や人数だけでは十分に表せない価値。</p><p><strong>ポイント</strong><br>計算しやすい項目だけで政策を評価しない。</p><p class=""related""><strong>関連語</strong><br>公正・判断</p>",社会三年 科目::公民 優先::A 単元::C02 学年::中3
憲法,"<p>国家の基本的な仕組みや権力の限界を定め、人権を保障する基本法。</p><p><strong>ポイント</strong><br>政治を行う側の力を制限する役割がある。</p><p class=""related""><strong>関連語</strong><br>立憲主義・人権</p>",社会三年 科目::公民 優先::S 単元::C03 学年::中3
立憲主義,"<p>憲法によって国家権力を制限し、人々の自由や権利を守る考え方。</p><p><strong>ポイント</strong><br>憲法があるだけで、実際に保障されているとは限らない。</p><p class=""related""><strong>関連語</strong><br>権力の制限・人権</p>",社会三年 科目::公民 優先::S 単元::C03 学年::中3
最高法規,"<p>国の法体系で最も上位にある法。日本では憲法がこれに当たる。</p><p><strong>ポイント</strong><br>憲法に反する法律・命令などは効力をもたない。</p><p class=""related""><strong>関連語</strong><br>日本国憲法・違憲審査</p>",社会三年 科目::公民 優先::S 単元::C03 学年::中3
日本国憲法,"<p>国民主権、基本的人権の尊重、平和主義を基本原理とする、日本の現行憲法。</p><p><strong>ポイント</strong><br>1946年公布、1947年施行。</p><p class=""related""><strong>関連語</strong><br>国民主権・人権・平和主義</p>",社会三年 科目::公民 優先::S 単元::C03 学年::中3
国民主権,"<p>国の政治のあり方を最終的に決める権力が、国民にあるという原理。</p><p><strong>ポイント</strong><br>代表者を選んで政治を行う仕組みとも両立する。</p><p class=""related""><strong>関連語</strong><br>民主政治・主権</p>",社会三年 科目::公民 優先::S 単元::C03 学年::中3
基本的人権,"<p>人が生まれながらにもつ、人間らしく生きるための基本的な権利。</p><p><strong>ポイント</strong><br>義務を果たした人だけに与えられるものではない。</p><p class=""related""><strong>関連語</strong><br>尊厳・自由・平等</p>",社会三年 科目::公民 優先::S 単元::C03 学年::中3
平和主義,"<p>戦争の惨禍を繰り返さず、平和を求めるという日本国憲法の基本原理。</p><p><strong>ポイント</strong><br>第9条の内容と、現実の安全保障政策を区別して読む。</p><p class=""related""><strong>関連語</strong><br>戦争放棄・憲法第9条</p>",社会三年 科目::公民 優先::S 単元::C03 学年::中3
憲法第9条,"<p>戦争放棄、戦力不保持、交戦権の否認を定める条文。</p><p><strong>ポイント</strong><br>政府の解釈や制度を説明するときは、条文そのものと分ける。</p><p class=""related""><strong>関連語</strong><br>平和主義・安全保障</p>",社会三年 科目::公民 優先::S 単元::C03 学年::中3
象徴天皇制,"<p>天皇を日本国と日本国民統合の象徴とし、国政に関する権能をもたせない制度。</p><p><strong>ポイント</strong><br>地位は主権者である国民の総意に基づく。</p><p class=""related""><strong>関連語</strong><br>国民主権・天皇</p>",社会三年 科目::公民 優先::S 単元::C03 学年::中3
国事行為,"<p>天皇が憲法に定められた範囲で行う、<ruby>公布<rp>（</rp><rt>こうふ</rt><rp>）</rp></ruby>や任命などの行為。</p><p><strong>ポイント</strong><br>内閣の助言と承認が必要で、天皇が政策を決める行為ではない。</p><p class=""related""><strong>関連語</strong><br>天皇・内閣</p>",社会三年 科目::公民 優先::S 単元::C03 学年::中3
憲法改正の発議,"<p>衆参それぞれの総議員の3分の2以上の賛成により、国会が改正案を国民へ提案すること。</p><p><strong>ポイント</strong><br>出席議員の3分の2ではない。</p><p class=""related""><strong>関連語</strong><br>憲法第96条・国民投票</p>",社会三年 科目::公民 優先::S 単元::C03 学年::中3
憲法改正の国民投票,"<p>国会が発議した改正案に、国民が賛成・反対を投票する手続き。</p><p><strong>ポイント</strong><br>賛成票と反対票の合計の過半数の賛成が必要。</p><p class=""related""><strong>関連語</strong><br>憲法改正・主権</p>",社会三年 科目::公民 優先::S 単元::C03 学年::中3
<ruby>公布<rp>（</rp><rt>こうふ</rt><rp>）</rp></ruby>と<ruby>施行<rp>（</rp><rt>しこう</rt><rp>）</rp></ruby>,"<p><ruby>公布<rp>（</rp><rt>こうふ</rt><rp>）</rp></ruby>は成立した法を広く知らせること、<ruby>施行<rp>（</rp><rt>しこう</rt><rp>）</rp></ruby>は法として効力を生じること。</p><p><strong>ポイント</strong><br>同じ日とは限らない。</p><p class=""related""><strong>関連語</strong><br>法律・日本国憲法</p>",社会三年 科目::公民 優先::S 単元::C03 学年::中3
国民の三つの義務,"<p>保護する子どもに普通教育を受けさせる義務、勤労の義務、納税の義務。</p><p><strong>ポイント</strong><br>教育の義務は、子ども自身への就学の義務と同じではない。</p><p class=""related""><strong>関連語</strong><br>教育・勤労・納税</p>",社会三年 科目::公民 優先::S 単元::C03 学年::中3
憲法尊重擁護義務,"<p>憲法第99条が天皇・国務大臣・国会議員・裁判官などに課す、憲法を尊重し守る義務。</p><p><strong>ポイント</strong><br>権力を使う側に憲法を守らせるという立憲主義と結び付く。</p><p class=""related""><strong>関連語</strong><br>公務員・立憲主義</p>",社会三年 科目::公民 優先::A 単元::C03 学年::中3
権利と義務の関係,"<p>義務があることを理由に、義務を果たせない人の人権を全面的に否定することはできない。</p><p><strong>ポイント</strong><br>人権は社会への貢献点と交換するものではない。</p><p class=""related""><strong>関連語</strong><br>人権・尊厳</p>",社会三年 科目::公民 優先::A 単元::C03 学年::中3
法の支配,"<p>権力者も法に従い、権力を人権保障などの原理と手続きによって制限する考え方。</p><p><strong>ポイント</strong><br>命令を法律の形にするだけで、何でも正当化されるわけではない。</p><p class=""related""><strong>関連語</strong><br>立憲主義・権力</p>",社会三年 科目::公民 優先::S 単元::C03 学年::中3
人の支配,"<p>権力者の意思や都合によって、権力を制約する仕組みが十分でない統治。</p><p><strong>ポイント</strong><br>法の支配との比較に用いる概念。</p><p class=""related""><strong>関連語</strong><br>独裁・法</p>",社会三年 科目::公民 優先::S 単元::C03 学年::中3
法令の上下関係,"<p>憲法を最高法規とし、法律・命令などは上位の法に反することができないという関係。</p><p><strong>ポイント</strong><br>行政の命令だけで法律を自由に変更できるわけではない。</p><p class=""related""><strong>関連語</strong><br>憲法・法律</p>",社会三年 科目::公民 優先::A 単元::C03 学年::中3
憲法前文,"<p>憲法の条文の前に置かれ、国の政治や平和などの基本的な考えを示す部分。</p><p><strong>ポイント</strong><br>前文と個々の条文の規定を分けて読む。</p><p class=""related""><strong>関連語</strong><br>日本国憲法・原理</p>",社会三年 科目::公民 優先::S 単元::C03 学年::中3
代表者の権限と憲法,"<p>選挙で選ばれた人も、憲法や法律、人権の保障に従って権限を使う必要がある。</p><p><strong>ポイント</strong><br>多数の支持は無制限の権力を意味しない。</p><p class=""related""><strong>関連語</strong><br>国民主権・立憲主義</p>",社会三年 科目::公民 優先::A 単元::C03 学年::中3
政治的な判断と国事行為,"<p>国会や内閣が判断する内容と、天皇が憲法に従って行う形式的・儀礼的な行為の違い。</p><p><strong>ポイント</strong><br>首相の指名と任命などを同じ裁量と考えない。</p><p class=""related""><strong>関連語</strong><br>天皇・内閣</p>",社会三年 科目::公民 優先::A 単元::C03 学年::中3
硬性憲法,"<p>普通の法律より厳しい改正手続きを定める憲法。</p><p><strong>ポイント</strong><br>日本国憲法では国会の発議と国民の承認が必要。</p><p class=""related""><strong>関連語</strong><br>憲法改正・手続き</p>",社会三年 科目::公民 優先::S 単元::C03 学年::中3
発議と承認,"<p>憲法改正で国会が案を国民へ提案する段階と、国民投票で承認する段階。</p><p><strong>ポイント</strong><br>国会だけで改正を最終決定するわけではない。</p><p class=""related""><strong>関連語</strong><br>国民主権・国民投票</p>",社会三年 科目::公民 優先::A 単元::C03 学年::中3
両議院それぞれの賛成,"<p>憲法改正の発議では、衆議院と参議院の各総議員の3分の2以上が必要。</p><p><strong>ポイント</strong><br>二院を合計した賛成割合だけでは判断できない。</p><p class=""related""><strong>関連語</strong><br>国会・改正</p>",社会三年 科目::公民 優先::A 単元::C03 学年::中3
過半数,"<p>対象となる数の半分を超える数。</p><p><strong>ポイント</strong><br>半分ちょうどではない。何を分母にするかは制度ごとに確認する。</p><p class=""related""><strong>関連語</strong><br>議決・投票</p>",社会三年 科目::公民 優先::S 単元::C03 学年::中3
教育の権利と保護者の義務,"<p>子どもが教育を受ける権利と、保護する子どもに普通教育を受けさせる義務の関係。</p><p><strong>ポイント</strong><br>義務を子ども自身への命令だけとして説明しない。</p><p class=""related""><strong>関連語</strong><br>憲法第26条・教育</p>",社会三年 科目::公民 優先::A 単元::C03 学年::中3
義務の条件と人権保障,"<p>義務は法の条件に従って定まり、人権は義務を果たした人だけに与えられる報酬ではない。</p><p><strong>ポイント</strong><br>働けない事情などを理由に尊厳を否定しない。</p><p class=""related""><strong>関連語</strong><br>納税・勤労・人権</p>",社会三年 科目::公民 優先::A 単元::C03 学年::中3
個人の尊重,"<p>一人ひとりを、かけがえのない個人として大切にすること。</p><p><strong>ポイント</strong><br>社会や多数者の都合だけで個人の尊厳を否定しない。</p><p class=""related""><strong>関連語</strong><br>憲法第13条・人権</p>",社会三年 科目::公民 優先::S 単元::C04 学年::中3
法の下の平等,"<p>法律やその適用で、不合理な差別を受けないこと。</p><p><strong>ポイント</strong><br>全員への同一の扱いが、いつも実質的な平等になるとは限らない。</p><p class=""related""><strong>関連語</strong><br>憲法第14条・差別</p>",社会三年 科目::公民 優先::S 単元::C04 学年::中3
自由権,"<p>国家などから不当な干渉を受けず、自由に生きる権利。</p><p><strong>ポイント</strong><br>精神・身体・経済活動の自由などがある。</p><p class=""related""><strong>関連語</strong><br>表現の自由・身体の自由</p>",社会三年 科目::公民 優先::S 単元::C04 学年::中3
思想・良心の自由,"<p>どのような考えや信念をもつかを、不当に強制・禁止されない自由。</p><p><strong>ポイント</strong><br>心の中の考えと、他者へ害を与える外部の行為は区別する。</p><p class=""related""><strong>関連語</strong><br>精神の自由・憲法第19条</p>",社会三年 科目::公民 優先::S 単元::C04 学年::中3
信教の自由,"<p>宗教を信じる、信じない、宗教的な活動に参加する・しないなどの自由。</p><p><strong>ポイント</strong><br>国が特定の信仰を強制しないことも重要。</p><p class=""related""><strong>関連語</strong><br>政教分離・精神の自由</p>",社会三年 科目::公民 優先::S 単元::C04 学年::中3
表現の自由,"<p>意見や情報を、言論・出版などで表す自由。</p><p><strong>ポイント</strong><br>他人の権利を無制限に侵害してよいわけではない。</p><p class=""related""><strong>関連語</strong><br>報道・民主政治</p>",社会三年 科目::公民 優先::S 単元::C04 学年::中3
身体の自由,"<p>不当な逮捕や拘束、刑罰などから守られる自由。</p><p><strong>ポイント</strong><br>適正な手続きや裁判を受ける権利と結び付く。</p><p class=""related""><strong>関連語</strong><br>令状・刑事手続き</p>",社会三年 科目::公民 優先::S 単元::C04 学年::中3
経済活動の自由,"<p>職業を選ぶ自由や財産権など、経済活動に関する自由。</p><p><strong>ポイント</strong><br>他者の権利や社会への影響を考慮する規制もありうる。</p><p class=""related""><strong>関連語</strong><br>職業選択・財産権</p>",社会三年 科目::公民 優先::S 単元::C04 学年::中3
社会権,"<p>人間らしい生活の条件を整えることを、国などに求める権利。</p><p><strong>ポイント</strong><br>生存権・教育を受ける権利・勤労の権利など。</p><p class=""related""><strong>関連語</strong><br>社会保障・教育</p>",社会三年 科目::公民 優先::S 単元::C04 学年::中3
生存権,"<p>健康で文化的な最低限度の生活を営む権利。</p><p><strong>ポイント</strong><br>憲法第25条。単に生きていれば十分という意味ではない。</p><p class=""related""><strong>関連語</strong><br>社会権・社会保障</p>",社会三年 科目::公民 優先::S 単元::C04 学年::中3
教育を受ける権利,"<p>能力に応じて、ひとしく教育を受ける権利。</p><p><strong>ポイント</strong><br>学ぶ機会の保障と、保護者の教育を受けさせる義務を区別する。</p><p class=""related""><strong>関連語</strong><br>憲法第26条・社会権</p>",社会三年 科目::公民 優先::S 単元::C04 学年::中3
参政権,"<p>選挙などを通じて政治に参加する権利。</p><p><strong>ポイント</strong><br>選挙権と被選挙権では年齢などの条件が異なる。</p><p class=""related""><strong>関連語</strong><br>選挙・国民主権</p>",社会三年 科目::公民 優先::S 単元::C04 学年::中3
請求権,"<p>権利を守るため、裁判や国家による救済などを求める権利。</p><p><strong>ポイント</strong><br>裁判を受ける権利、国家賠償請求権など。</p><p class=""related""><strong>関連語</strong><br>権利救済・裁判</p>",社会三年 科目::公民 優先::S 単元::C04 学年::中3
プライバシーの権利,"<p>私生活の情報をみだりに公開されないことなどを求める権利。</p><p><strong>ポイント</strong><br>情報化によって個人情報の保護が重要になる。</p><p class=""related""><strong>関連語</strong><br>個人の尊重・個人情報</p>",社会三年 科目::公民 優先::S 単元::C04 学年::中3
知る権利,"<p>政治や社会の判断に必要な情報を得ることを求める権利。</p><p><strong>ポイント</strong><br>報道の自由や情報公開制度と結び付く。</p><p class=""related""><strong>関連語</strong><br>民主政治・情報公開</p>",社会三年 科目::公民 優先::S 単元::C04 学年::中3
環境権,"<p>良好な環境の中で生活することを求める権利として論じられるもの。</p><p><strong>ポイント</strong><br>憲法にこの名称で明記された条文があるわけではない。</p><p class=""related""><strong>関連語</strong><br>公害・新しい人権</p>",社会三年 科目::公民 優先::S 単元::C04 学年::中3
公共の福祉,"<p>個人の権利を尊重しつつ、権利同士の衝突などを調整するための原理。</p><p><strong>ポイント</strong><br>多数者の都合だけで人権を制限できるという意味ではない。</p><p class=""related""><strong>関連語</strong><br>人権の調整・自由</p>",社会三年 科目::公民 優先::S 単元::C04 学年::中3
合理的配慮,"<p>障害のある人が等しく参加できるよう、過重な負担でない範囲で必要な調整などを行うこと。</p><p><strong>ポイント</strong><br>本人と対話し、実際の障壁に対応する。</p><p class=""related""><strong>関連語</strong><br>障害・平等</p>",社会三年 科目::公民 優先::S 単元::C04 学年::中3
男女平等,"<p>性別を理由として、権利や機会を不合理に制限しないという考え方。</p><p><strong>ポイント</strong><br>同じ規則でも実際の参加条件に差がないかを確認する。</p><p class=""related""><strong>関連語</strong><br>法の下の平等・人権</p>",社会三年 科目::公民 優先::S 単元::C04 学年::中3
政教分離,"<p>国家と宗教の結び付きに制限を設ける原則。</p><p><strong>ポイント</strong><br>個人が宗教を信じることを禁止する意味ではない。</p><p class=""related""><strong>関連語</strong><br>信教の自由・憲法</p>",社会三年 科目::公民 優先::S 単元::C04 学年::中3
職業選択の自由,"<p>どの職業に就くかを、不当に制限されずに選ぶ自由。</p><p><strong>ポイント</strong><br>安全や他者の権利を守る資格・規制などとの関係も考える。</p><p class=""related""><strong>関連語</strong><br>自由権・経済活動</p>",社会三年 科目::公民 優先::S 単元::C04 学年::中3
財産権,"<p>財産を所有・利用することなどに関わる権利。</p><p><strong>ポイント</strong><br>他者の権利や公共の目的との調整が必要になる場合がある。</p><p class=""related""><strong>関連語</strong><br>経済活動・自由権</p>",社会三年 科目::公民 優先::S 単元::C04 学年::中3
適正手続,"<p>権利や自由を制限する際、法に基づく公正な手続きを求める原則。</p><p><strong>ポイント</strong><br>刑事手続きでは証拠の検討や弁護の機会などが重要。</p><p class=""related""><strong>関連語</strong><br>身体の自由・裁判</p>",社会三年 科目::公民 優先::S 単元::C04 学年::中3
国家賠償請求権,"<p>公務員の違法な行為によって損害を受けた場合、法に基づき国などへ賠償を求める権利。</p><p><strong>ポイント</strong><br>実際の請求には法律上の条件がある。</p><p class=""related""><strong>関連語</strong><br>憲法第17条・救済</p>",社会三年 科目::公民 優先::S 単元::C04 学年::中3
刑事補償請求権,"<p>拘束された後に無罪となった場合など、法に基づき補償を求める権利。</p><p><strong>ポイント</strong><br>国家賠償請求権とは、対象となる場面や根拠が異なる。</p><p class=""related""><strong>関連語</strong><br>憲法第40条・無罪</p>",社会三年 科目::公民 優先::S 単元::C04 学年::中3
肖像権,"<p>自分の姿をみだりに撮影・公表されないことなどに関わる権利。</p><p><strong>ポイント</strong><br>撮影者の著作権と、写った人の権利を区別する。</p><p class=""related""><strong>関連語</strong><br>写真・プライバシー</p>",社会三年 科目::公民 優先::S 単元::C04 学年::中3
自己決定権,"<p>自分の生活や生き方に関わる事柄を、自ら決めることについて論じられる権利。</p><p><strong>ポイント</strong><br>個人の尊重などから考え、具体的な範囲は事例に応じて検討する。</p><p class=""related""><strong>関連語</strong><br>新しい人権・尊厳</p>",社会三年 科目::公民 優先::S 単元::C04 学年::中3
権利制限の必要性と程度,"<p>目的に必要か、制限が過大でないか、別の方法がないかを検討すること。</p><p><strong>ポイント</strong><br>公共の福祉という言葉だけで無制限の制約を認めない。</p><p class=""related""><strong>関連語</strong><br>人権の調整・比例</p>",社会三年 科目::公民 優先::A 単元::C04 学年::中3
撮影者と被写体の権利,"<p>写真をつくった人の権利と、写った人の肖像・私生活に関する権利は異なる。</p><p><strong>ポイント</strong><br>自分で撮った写真なら無条件に公開できるとは限らない。</p><p class=""related""><strong>関連語</strong><br>著作権・プライバシー</p>",社会三年 科目::公民 優先::A 単元::C04 学年::中3
権利救済と相談の仕組み,"<p>相談窓口や調停・裁判などを通じ、侵害への対応や手続きを求めること。</p><p><strong>ポイント</strong><br>相談しただけで特定の結論が必ず実現するわけではない。</p><p class=""related""><strong>関連語</strong><br>人権・法の利用</p>",社会三年 科目::公民 優先::A 単元::C04 学年::中3
民主政治,"<p>人々の意思をもとに政治を行い、権利や公正な手続きを尊重する政治。</p><p><strong>ポイント</strong><br>多数決だけが民主政治の全てではない。</p><p class=""related""><strong>関連語</strong><br>国民主権・人権</p>",社会三年 科目::公民 優先::S 単元::C05 学年::中3
直接民主制,"<p>人々が代表者を介さず、政治の決定に直接参加する仕組み。</p><p><strong>ポイント</strong><br>国民投票や一部の住民投票など。</p><p class=""related""><strong>関連語</strong><br>国民投票・住民参加</p>",社会三年 科目::公民 優先::S 単元::C05 学年::中3
間接民主制,"<p>選挙で選んだ代表者を通じて政治を行う仕組み。</p><p><strong>ポイント</strong><br>代表民主制・議会制民主主義ともいう。</p><p class=""related""><strong>関連語</strong><br>選挙・議会</p>",社会三年 科目::公民 優先::S 単元::C05 学年::中3
普通選挙,"<p>財産や納税額などによって選挙権を制限しない選挙。</p><p><strong>ポイント</strong><br>年齢や国籍などの要件が全くないという意味ではない。</p><p class=""related""><strong>関連語</strong><br>平等選挙・参政権</p>",社会三年 科目::公民 優先::S 単元::C05 学年::中3
秘密選挙,"<p>誰に投票したかを秘密にし、自由な意思で投票できるようにする原則。</p><p><strong>ポイント</strong><br>投票内容を言うことを強制されない。</p><p class=""related""><strong>関連語</strong><br>投票の自由・人権</p>",社会三年 科目::公民 優先::S 単元::C05 学年::中3
平等選挙,"<p>有権者の票を平等に扱うという原則。</p><p><strong>ポイント</strong><br>一人一票だけでなく、票の価値の格差も問題になる。</p><p class=""related""><strong>関連語</strong><br>一票の格差・法の下の平等</p>",社会三年 科目::公民 優先::S 単元::C05 学年::中3
選挙権と被選挙権,"<p>選挙権は投票して選ぶ権利、被選挙権は選ばれる側になる権利。</p><p><strong>ポイント</strong><br>日本の国政選挙では18歳、衆議院立候補25歳、参議院立候補30歳が年齢の基準。</p><p class=""related""><strong>関連語</strong><br>参政権・年齢</p>",社会三年 科目::公民 優先::S 単元::C05 学年::中3
小選挙区制,"<p>一つの選挙区から一人の議員を選ぶ制度。</p><p><strong>ポイント</strong><br>落選者への票が議席へ結び付きにくい面がある。</p><p class=""related""><strong>関連語</strong><br>死票・選挙区</p>",社会三年 科目::公民 優先::S 単元::C05 学年::中3
比例代表制,"<p>政党などの得票数に応じて議席を配分する制度。</p><p><strong>ポイント</strong><br>多様な意見を議席へ反映しやすい。配分方式などに違いもある。</p><p class=""related""><strong>関連語</strong><br>得票率・議席</p>",社会三年 科目::公民 優先::S 単元::C05 学年::中3
小選挙区比例代表並立制,"<p>衆議院で、小選挙区と比例代表を組み合わせて行う選挙制度。</p><p><strong>ポイント</strong><br>二つの部分を別々に計算して議席を決める。</p><p class=""related""><strong>関連語</strong><br>衆議院・選挙</p>",社会三年 科目::公民 優先::S 単元::C05 学年::中3
一票の格差,"<p>選挙区ごとに議員一人当たりの有権者数などが違い、票の価値に差が生じること。</p><p><strong>ポイント</strong><br>人口移動や区割り・定数の見直しと関わる。</p><p class=""related""><strong>関連語</strong><br>平等選挙・違憲審査</p>",社会三年 科目::公民 優先::S 単元::C05 学年::中3
政党,"<p>共通する政策や理念をもち、政権や政策の実現を目指す政治組織。</p><p><strong>ポイント</strong><br>選挙で政策を示し、議会などで活動する。</p><p class=""related""><strong>関連語</strong><br>政策・選挙</p>",社会三年 科目::公民 優先::S 単元::C05 学年::中3
与党と野党,"<p>与党は政権を担う側の政党、野党はそれ以外の政党。</p><p><strong>ポイント</strong><br>野党も政府の監視や政策提案を行う。</p><p class=""related""><strong>関連語</strong><br>政権・議会</p>",社会三年 科目::公民 優先::S 単元::C05 学年::中3
連立政権,"<p>複数の政党が協力して担う政権。</p><p><strong>ポイント</strong><br>政策の共通点や役割分担について調整する。</p><p class=""related""><strong>関連語</strong><br>政党・合意</p>",社会三年 科目::公民 優先::S 単元::C05 学年::中3
世論,"<p>政治や社会の問題に対する、人々の意見や考え。</p><p><strong>ポイント</strong><br>調査の質問・対象・時期によって見え方が変わる。</p><p class=""related""><strong>関連語</strong><br>世論調査・報道</p>",社会三年 科目::公民 優先::S 単元::C05 学年::中3
死票,"<p>選挙で、当選や議席獲得に結び付かなかった票。</p><p><strong>ポイント</strong><br>小選挙区では落選者への票が議席に反映されにくい。票を投じる意味自体がなくなるわけではない。</p><p class=""related""><strong>関連語</strong><br>小選挙区制・代表</p>",社会三年 科目::公民 優先::A 単元::C05 学年::中3
得票率と議席率,"<p>得票率は投票に占める票の割合、議席率は全議席に占める獲得議席の割合。</p><p><strong>ポイント</strong><br>選挙制度によって二つは一致しない場合がある。</p><p class=""related""><strong>関連語</strong><br>選挙・代表</p>",社会三年 科目::公民 優先::S 単元::C05 学年::中3
選挙区,"<p>議員を選ぶために区切られた地域の範囲。</p><p><strong>ポイント</strong><br>一つの区域から何人を選ぶかという定数も確認する。</p><p class=""related""><strong>関連語</strong><br>選挙制度・地域</p>",社会三年 科目::公民 優先::S 単元::C05 学年::中3
議員定数,"<p>議会や選挙区などで、選ぶ議員の人数として定められた数。</p><p><strong>ポイント</strong><br>一議席当たりの有権者数の比較にも関わる。</p><p class=""related""><strong>関連語</strong><br>議会・一票の格差</p>",社会三年 科目::公民 優先::S 単元::C05 学年::中3
投票率,"<p>投票する資格をもつ対象者のうち、実際に投票した人の割合。</p><p><strong>ポイント</strong><br>ある候補の得票率とは分母が違う。</p><p class=""related""><strong>関連語</strong><br>政治参加・統計</p>",社会三年 科目::公民 優先::S 単元::C05 学年::中3
選挙人名簿,"<p>選挙権を行使できる人を確認するために登録する名簿。</p><p><strong>ポイント</strong><br>具体的な登録や投票の条件は選挙管理委員会の案内を確認する。</p><p class=""related""><strong>関連語</strong><br>選挙権・手続き</p>",社会三年 科目::公民 優先::S 単元::C05 学年::中3
期日前投票,"<p>投票日に投票できない事情がある人などのため、事前に投票する制度。</p><p><strong>ポイント</strong><br>実際の期間・場所・条件は、その選挙の公式案内による。</p><p class=""related""><strong>関連語</strong><br>政治参加・投票</p>",社会三年 科目::公民 優先::S 単元::C05 学年::中3
公約,"<p>候補者や政党が、選挙で有権者へ示す政策や約束。</p><p><strong>ポイント</strong><br>目標だけでなく、方法・費用・影響を比較する。</p><p class=""related""><strong>関連語</strong><br>政党・政策</p>",社会三年 科目::公民 優先::S 単元::C05 学年::中3
マニフェスト,"<p>政策の目標に加え、期限や財源などを示す文書として用いられる言葉。</p><p><strong>ポイント</strong><br>名称だけで実現性が保証されるわけではない。</p><p class=""related""><strong>関連語</strong><br>公約・比較</p>",社会三年 科目::公民 優先::S 単元::C05 学年::中3
世論調査,"<p>政治や社会の問題について、人々の意見の分布を調べる調査。</p><p><strong>ポイント</strong><br>対象の選び方、質問、調査時期が結果に関わる。</p><p class=""related""><strong>関連語</strong><br>世論・資料</p>",社会三年 科目::公民 優先::S 単元::C05 学年::中3
投票者と全有権者の違い,"<p>実際に投票した人は、有権者全体の一部である場合が多い。</p><p><strong>ポイント</strong><br>投票者内の割合を、全有権者の意見の割合と同一視しない。</p><p class=""related""><strong>関連語</strong><br>投票率・代表性</p>",社会三年 科目::公民 優先::A 単元::C05 学年::中3
議会の多数派と少数派,"<p>多数派は議決に強い影響をもち、少数派にも質問・監視・別案の提示などの役割がある。</p><p><strong>ポイント</strong><br>選挙で勝ったことが検証不要を意味するわけではない。</p><p class=""related""><strong>関連語</strong><br>民主政治・討議</p>",社会三年 科目::公民 優先::A 単元::C05 学年::中3
浮動票,"<p>特定の政党などへの支持を固定していない有権者の票を指す言葉。</p><p><strong>ポイント</strong><br>支持の変化の理由は、結果の数字だけでは確定しない。</p><p class=""related""><strong>関連語</strong><br>選挙・世論</p>",社会三年 科目::公民 優先::S 単元::C05 学年::中3
国会,"<p>国民の代表が審議し、法律制定・予算議決などを行う、衆議院と参議院からなる機関。</p><p><strong>ポイント</strong><br>国権の最高機関、国の唯一の立法機関と定められる。</p><p class=""related""><strong>関連語</strong><br>立法・国民主権</p>",社会三年 科目::公民 優先::S 単元::C06 学年::中3
二院制,"<p>議会を二つの議院で構成する仕組み。</p><p><strong>ポイント</strong><br>日本の国会は衆議院・参議院。慎重な審議や相互の抑制を図る。</p><p class=""related""><strong>関連語</strong><br>衆議院・参議院</p>",社会三年 科目::公民 優先::S 単元::C06 学年::中3
衆議院,"<p>任期4年で解散があり、国会で一定の優越が認められる議院。</p><p><strong>ポイント</strong><br>解散されると4年未満でも任期が終わる。</p><p class=""related""><strong>関連語</strong><br>衆議院の優越・国会</p>",社会三年 科目::公民 優先::S 単元::C06 学年::中3
参議院,"<p>任期6年で解散がなく、3年ごとに半数を改選する議院。</p><p><strong>ポイント</strong><br>衆議院とは任期・選び方が異なる。</p><p class=""related""><strong>関連語</strong><br>二院制・国会</p>",社会三年 科目::公民 優先::S 単元::C06 学年::中3
常会・臨時会・特別会,"<p>常会は毎年、臨時会は必要に応じて、特別会は衆議院解散後の総選挙を受けて開かれる国会。</p><p><strong>ポイント</strong><br>特別会と臨時会を、単に臨時の開催という意味で混同しない。</p><p class=""related""><strong>関連語</strong><br>国会の種類・首相指名</p>",社会三年 科目::公民 優先::S 単元::C06 学年::中3
委員会,"<p>法律案などを、分野ごとに詳しく審議する議員の集まり。</p><p><strong>ポイント</strong><br>本会議での議決に先立ち、詳細な検討を行う。</p><p class=""related""><strong>関連語</strong><br>国会・審議</p>",社会三年 科目::公民 優先::S 単元::C06 学年::中3
本会議,"<p>各議院の全議員で構成され、議案の最終的な議決などを行う会議。</p><p><strong>ポイント</strong><br>原則公開。実際の出席者数と総議員数を区別する。</p><p class=""related""><strong>関連語</strong><br>議決・国会</p>",社会三年 科目::公民 優先::S 単元::C06 学年::中3
法律案の成立,"<p>原則として、衆議院と参議院の両方が同じ内容を可決すると成立する。</p><p><strong>ポイント</strong><br>憲法に定める衆議院の再可決などの例外がある。</p><p class=""related""><strong>関連語</strong><br>立法・二院制</p>",社会三年 科目::公民 優先::S 単元::C06 学年::中3
法律案の再可決,"<p>衆議院が可決した法律案に参議院が異なる議決をした場合、衆議院が出席議員の3分の2以上で再び可決すること。</p><p><strong>ポイント</strong><br>憲法改正発議の総議員の3分の2とは違う。</p><p class=""related""><strong>関連語</strong><br>衆議院の優越・法律</p>",社会三年 科目::公民 優先::S 単元::C06 学年::中3
衆議院の優越,"<p>法律案・予算・条約・首相指名などで、憲法上、衆議院へ強い権限が認められること。</p><p><strong>ポイント</strong><br>案件によって条件や手続きは異なる。</p><p class=""related""><strong>関連語</strong><br>二院制・国民の意思</p>",社会三年 科目::公民 優先::S 単元::C06 学年::中3
予算の議決,"<p>内閣が作成・提出する予算案を、国会が審議して決めること。</p><p><strong>ポイント</strong><br>予算案は衆議院へ先に提出される。</p><p class=""related""><strong>関連語</strong><br>財政・国会</p>",社会三年 科目::公民 優先::S 単元::C06 学年::中3
条約の承認,"<p>内閣が締結する条約について、国会が原則事前、場合により事後に認めること。</p><p><strong>ポイント</strong><br>条約を交渉・締結する内閣と、承認する国会を区別する。</p><p class=""related""><strong>関連語</strong><br>外交・内閣</p>",社会三年 科目::公民 優先::S 単元::C06 学年::中3
内閣総理大臣の指名,"<p>国会が、国会議員の中から内閣総理大臣となる人を選ぶこと。</p><p><strong>ポイント</strong><br>天皇による任命とは別の手続き。</p><p class=""related""><strong>関連語</strong><br>国会・首相</p>",社会三年 科目::公民 優先::S 単元::C06 学年::中3
国政調査権,"<p>各議院が国政を調べ、証人の出頭や記録の提出などを求める権限。</p><p><strong>ポイント</strong><br>行政を監視し、立法や審議へ役立てる。</p><p class=""related""><strong>関連語</strong><br>国会・証人喚問</p>",社会三年 科目::公民 優先::S 単元::C06 学年::中3
内閣不信任決議,"<p>衆議院が、内閣を信任しないと表明する決議。</p><p><strong>ポイント</strong><br>内閣は10日以内に衆議院を解散しない限り、総辞職する。</p><p class=""related""><strong>関連語</strong><br>議院内閣制・総辞職</p>",社会三年 科目::公民 優先::S 単元::C06 学年::中3
<ruby>弾劾裁判所<rp>（</rp><rt>だんがいさいばんしょ</rt><rp>）</rp></ruby>,"<p>国会議員から構成され、訴追された裁判官の<ruby>罷免<rp>（</rp><rt>ひめん</rt><rp>）</rp></ruby>を審理する裁判所。</p><p><strong>ポイント</strong><br>通常の民事・刑事事件を裁く裁判所とは違う。</p><p class=""related""><strong>関連語</strong><br>国会・裁判官</p>",社会三年 科目::公民 優先::S 単元::C06 学年::中3
公聴会,"<p>議案などの審議で、専門家や利害関係者などの意見を聴くために開く会。</p><p><strong>ポイント</strong><br>議員だけの考えに限らず、判断に必要な意見を集める。</p><p class=""related""><strong>関連語</strong><br>国会・委員会</p>",社会三年 科目::公民 優先::S 単元::C06 学年::中3
法律案と予算の手続きの違い,"<p>法律案の再可決には衆議院の出席議員の3分の2以上が必要。予算は両院協議会など所定の手続きで衆議院の議決が優先する。</p><p><strong>ポイント</strong><br>全てを同じ再可決のルールで処理しない。</p><p class=""related""><strong>関連語</strong><br>衆議院の優越・予算</p>",社会三年 科目::公民 優先::A 単元::C06 学年::中3
定足数,"<p>会議を開いて議決するために必要な出席者数。国会の各議院では総議員の3分の1以上。</p><p><strong>ポイント</strong><br>可決に必要な賛成数とは別の条件。</p><p class=""related""><strong>関連語</strong><br>国会・会議</p>",社会三年 科目::公民 優先::S 単元::C06 学年::中3
通常の議決と特別多数,"<p>通常の議事は原則出席議員の過半数、憲法に特別の定めがある場合は別の多数を要する。</p><p><strong>ポイント</strong><br>何の議案か、総議員か出席議員かを確認する。</p><p class=""related""><strong>関連語</strong><br>国会・議決</p>",社会三年 科目::公民 優先::A 単元::C06 学年::中3
議員立法,"<p>国会議員が提出する法律案による立法。</p><p><strong>ポイント</strong><br>内閣が提出する案と、提出者が異なる。</p><p class=""related""><strong>関連語</strong><br>法律案・国会</p>",社会三年 科目::公民 優先::S 単元::C06 学年::中3
内閣提出法案,"<p>内閣が国会へ提出する法律案。</p><p><strong>ポイント</strong><br>提出するだけで法律になるのではなく、国会の議決が必要。</p><p class=""related""><strong>関連語</strong><br>内閣・立法</p>",社会三年 科目::公民 優先::S 単元::C06 学年::中3
議長,"<p>議会の会議を進め、議事の整理などを担う役職。</p><p><strong>ポイント</strong><br>行政を担う首相や地方の<ruby>首長<rp>（</rp><rt>しゅちょう</rt><rp>）</rp></ruby>とは役割が違う。</p><p class=""related""><strong>関連語</strong><br>議会・会議</p>",社会三年 科目::公民 優先::S 単元::C06 学年::中3
会期,"<p>国会などが活動する期間。</p><p><strong>ポイント</strong><br>常会・臨時会・特別会の召集理由や手続きと合わせて見る。</p><p class=""related""><strong>関連語</strong><br>国会・審議</p>",社会三年 科目::公民 優先::S 単元::C06 学年::中3
議事録,"<p>会議での発言や議事などを記録したもの。</p><p><strong>ポイント</strong><br>政策の理由や審議の経過を後から確かめる資料。</p><p class=""related""><strong>関連語</strong><br>情報公開・国会</p>",社会三年 科目::公民 優先::S 単元::C06 学年::中3
両院協議会,"<p>衆参両議院の意見が異なる場合などに、調整を図るため設ける会議。</p><p><strong>ポイント</strong><br>案件によって開く条件やその後の手続きが違う。</p><p class=""related""><strong>関連語</strong><br>二院制・衆議院の優越</p>",社会三年 科目::公民 優先::S 単元::C06 学年::中3
予算の先議権,"<p>予算を先に審議する衆議院の権限。</p><p><strong>ポイント</strong><br>予算の作成は内閣、議決は国会という分担も確認する。</p><p class=""related""><strong>関連語</strong><br>予算・衆議院</p>",社会三年 科目::公民 優先::S 単元::C06 学年::中3
優越の対象ごとの手続き,"<p>法律案、予算・条約、首相指名では、両院不一致などへの対応が異なる。</p><p><strong>ポイント</strong><br>法律案の再可決の3分の2を、全案件へ当てはめない。</p><p class=""related""><strong>関連語</strong><br>憲法第59〜61・67条</p>",社会三年 科目::公民 優先::A 単元::C06 学年::中3
参議院の緊急集会,"<p>衆議院解散中、国に緊急の必要がある場合に内閣が求める参議院の集会。</p><p><strong>ポイント</strong><br>臨時の措置で、次の国会で衆議院の同意を要する。</p><p class=""related""><strong>関連語</strong><br>国会・解散</p>",社会三年 科目::公民 優先::S 単元::C06 学年::中3
予算と法律の違い,"<p>予算は一定年度の収支計画、法律は国のきまりを定めるもの。</p><p><strong>ポイント</strong><br>事業によっては予算と法律の両方の整備が必要。</p><p class=""related""><strong>関連語</strong><br>立法・財政</p>",社会三年 科目::公民 優先::A 単元::C06 学年::中3
行政,"<p>法律や予算などに基づき、公共の仕事を具体的に実行する活動。</p><p><strong>ポイント</strong><br>立法・司法と役割を区別する。</p><p class=""related""><strong>関連語</strong><br>内閣・省庁</p>",社会三年 科目::公民 優先::S 単元::C07 学年::中3
内閣,"<p>内閣総理大臣と国務大臣からなり、行政権を担う機関。</p><p><strong>ポイント</strong><br>行政権の行使について国会に連帯して責任を負う。</p><p class=""related""><strong>関連語</strong><br>行政・議院内閣制</p>",社会三年 科目::公民 優先::S 単元::C07 学年::中3
内閣総理大臣,"<p>内閣の<ruby>首長<rp>（</rp><rt>しゅちょう</rt><rp>）</rp></ruby>。国会が国会議員から指名し、天皇が任命する。</p><p><strong>ポイント</strong><br>国民の直接選挙で選ぶわけではない。</p><p class=""related""><strong>関連語</strong><br>国会・首相</p>",社会三年 科目::公民 優先::S 単元::C07 学年::中3
国務大臣,"<p>首相とともに内閣を構成する大臣。首相が任命・<ruby>罷免<rp>（</rp><rt>ひめん</rt><rp>）</rp></ruby>する。</p><p><strong>ポイント</strong><br>過半数は国会議員から選ぶ。全員である必要はない。</p><p class=""related""><strong>関連語</strong><br>内閣・文民</p>",社会三年 科目::公民 優先::S 単元::C07 学年::中3
文民,"<p>軍人ではない立場の人。憲法は首相・国務大臣が文民であることを求める。</p><p><strong>ポイント</strong><br>軍事を民主的な政治の統制の下に置く考え方と関わる。</p><p class=""related""><strong>関連語</strong><br>文民統制・内閣</p>",社会三年 科目::公民 優先::S 単元::C07 学年::中3
議院内閣制,"<p>内閣が議会の信任を基礎に成立し、議会に責任を負う仕組み。</p><p><strong>ポイント</strong><br>大統領を国民が別に選ぶ制度とは異なる。</p><p class=""related""><strong>関連語</strong><br>内閣・国会</p>",社会三年 科目::公民 優先::S 単元::C07 学年::中3
内閣の総辞職,"<p>首相と全ての国務大臣が、そろって辞職すること。</p><p><strong>ポイント</strong><br>不信任への対応や、衆議院総選挙後の初めの国会召集時などに行われる。</p><p class=""related""><strong>関連語</strong><br>議院内閣制・首相指名</p>",社会三年 科目::公民 優先::S 単元::C07 学年::中3
衆議院の解散,"<p>任期の途中で、衆議院議員全員の地位を終わらせること。</p><p><strong>ポイント</strong><br>総選挙で国民の判断を求める。参議院には解散がない。</p><p class=""related""><strong>関連語</strong><br>総選挙・内閣</p>",社会三年 科目::公民 優先::S 単元::C07 学年::中3
閣議,"<p>内閣総理大臣と国務大臣が集まり、内閣の方針などを決める会議。</p><p><strong>ポイント</strong><br>国会の本会議とは構成員も役割も違う。</p><p class=""related""><strong>関連語</strong><br>内閣・政策</p>",社会三年 科目::公民 優先::S 単元::C07 学年::中3
政令,"<p>憲法や法律を実施するために、内閣が制定する命令。</p><p><strong>ポイント</strong><br>法律に反する内容を自由に定められるわけではない。</p><p class=""related""><strong>関連語</strong><br>内閣・法令</p>",社会三年 科目::公民 優先::S 単元::C07 学年::中3
公務員,"<p>国や地方公共団体などの公的な仕事を担う人々。</p><p><strong>ポイント</strong><br>全体の奉仕者であって、一部の人だけの奉仕者ではない。</p><p class=""related""><strong>関連語</strong><br>行政・公共性</p>",社会三年 科目::公民 優先::S 単元::C07 学年::中3
官僚,"<p>行政機関で、専門的・継続的な行政の仕事を担う公務員を指す呼び名。</p><p><strong>ポイント</strong><br>専門性を生かすことと、民主的な監視の両方が必要。</p><p class=""related""><strong>関連語</strong><br>省庁・行政</p>",社会三年 科目::公民 優先::S 単元::C07 学年::中3
情報公開制度,"<p>行政機関などが保有する情報の開示を求め、行政を知るための制度。</p><p><strong>ポイント</strong><br>個人情報など、公開を制限する必要がある情報もある。</p><p class=""related""><strong>関連語</strong><br>知る権利・行政監視</p>",社会三年 科目::公民 優先::S 単元::C07 学年::中3
規制緩和,"<p>行政による規制を、目的や効果を検討して緩めたり見直したりすること。</p><p><strong>ポイント</strong><br>競争や便利さへの効果と、安全・公正への影響を両方確かめる。</p><p class=""related""><strong>関連語</strong><br>行政改革・市場</p>",社会三年 科目::公民 優先::A 単元::C07 学年::中3
会計検査院,"<p>国の収入・支出の決算などを検査する、内閣から独立した機関。</p><p><strong>ポイント</strong><br>予算を作る内閣、予算を議決する国会とは役割が異なる。</p><p class=""related""><strong>関連語</strong><br>決算・財政監視</p>",社会三年 科目::公民 優先::S 単元::C07 学年::中3
内閣と国会の仕事の分担,"<p>内閣は予算を作成し条約を締結し、国会は予算を議決し条約を承認する。</p><p><strong>ポイント</strong><br>同じ案件でも、手続きの段階によって担当が違う。</p><p class=""related""><strong>関連語</strong><br>予算・条約</p>",社会三年 科目::公民 優先::A 単元::C07 学年::中3
政策の立案と執行,"<p>目標や方法・費用などを検討することと、決まった方針を実際に実施すること。</p><p><strong>ポイント</strong><br>計画したことと実施結果を分けて評価する。</p><p class=""related""><strong>関連語</strong><br>行政・政策</p>",社会三年 科目::公民 優先::S 単元::C07 学年::中3
省庁,"<p>内閣のもとで、分野ごとの行政を担当する国の組織。</p><p><strong>ポイント</strong><br>専門性と継続性を生かす一方、組織間の連携も必要。</p><p class=""related""><strong>関連語</strong><br>行政・公務員</p>",社会三年 科目::公民 優先::S 単元::C07 学年::中3
縦割り行政,"<p>担当する組織ごとの区分が強く、組織を越えた連携が不十分になる問題を指す言葉。</p><p><strong>ポイント</strong><br>分野別の専門性をなくすことだけが改善策ではない。</p><p class=""related""><strong>関連語</strong><br>省庁・調整</p>",社会三年 科目::公民 優先::S 単元::C07 学年::中3
省令,"<p>各省の大臣が、法律や政令などに基づいて定める命令。</p><p><strong>ポイント</strong><br>国会が定める法律や、内閣の政令と制定者が異なる。</p><p class=""related""><strong>関連語</strong><br>法令・行政</p>",社会三年 科目::公民 優先::S 単元::C07 学年::中3
委任立法,"<p>法律が一定の事項を行政の命令などへ委ね、具体的な規則を定めること。</p><p><strong>ポイント</strong><br>行政が委任の範囲や上位の法を越えて自由に決めることではない。</p><p class=""related""><strong>関連語</strong><br>政令・省令</p>",社会三年 科目::公民 優先::S 単元::C07 学年::中3
許認可,"<p>法律上の条件に従い、一定の行為を認めるなどの行政の働き。</p><p><strong>ポイント</strong><br>安全や公正などの目的に応じた基準が必要。</p><p class=""related""><strong>関連語</strong><br>行政・規制</p>",社会三年 科目::公民 優先::S 単元::C07 学年::中3
行政指導,"<p>行政機関が一定の行動を求める助言・勧告など。相手の任意の協力を基本とする。</p><p><strong>ポイント</strong><br>強制的な処分や命令とは性格が異なる。</p><p class=""related""><strong>関連語</strong><br>行政手続・協力</p>",社会三年 科目::公民 優先::S 単元::C07 学年::中3
行政の裁量,"<p>法律が認める範囲で、具体的な事情に応じて判断する余地。</p><p><strong>ポイント</strong><br>担当者が理由なく自由に決めてよいという意味ではない。</p><p class=""related""><strong>関連語</strong><br>基準・行政</p>",社会三年 科目::公民 優先::S 単元::C07 学年::中3
行政不服申立て,"<p>行政の処分などについて、法に基づいて行政機関へ見直しを求める仕組み。</p><p><strong>ポイント</strong><br>裁判所への訴訟とは機関や手続きが異なる。</p><p class=""related""><strong>関連語</strong><br>権利救済・行政</p>",社会三年 科目::公民 優先::S 単元::C07 学年::中3
政策評価,"<p>政策の必要性や効果、費用などを調べ、改善へ生かすこと。</p><p><strong>ポイント</strong><br>予算を使ったことだけで目的を達成したとは判断しない。</p><p class=""related""><strong>関連語</strong><br>行政・説明責任</p>",社会三年 科目::公民 優先::S 単元::C07 学年::中3
大統領制,"<p>議会と別に大統領を選ぶなどして、行政と立法の関係を構成する制度。</p><p><strong>ポイント</strong><br>国ごとに具体的な選出方法や権限は異なる。</p><p class=""related""><strong>関連語</strong><br>政治制度・比較</p>",社会三年 科目::公民 優先::S 単元::C07 学年::中3
内閣の連帯責任と信任,"<p>内閣全体が行政について国会に責任を負い、議会の信任との関係で存立すること。</p><p><strong>ポイント</strong><br>個々の省庁が国会と無関係に政策を決める仕組みではない。</p><p class=""related""><strong>関連語</strong><br>議院内閣制・内閣</p>",社会三年 科目::公民 優先::A 単元::C07 学年::中3
司法,"<p>具体的な争いや事件に、法を適用して判断する国家の働き。</p><p><strong>ポイント</strong><br>裁判所が担い、立法・行政と分担する。</p><p class=""related""><strong>関連語</strong><br>裁判所・三権分立</p>",社会三年 科目::公民 優先::S 単元::C08 学年::中3
民事裁判,"<p>人や企業などの間の、権利・義務をめぐる争いを解決する裁判。</p><p><strong>ポイント</strong><br>契約代金や損害賠償など。原告と被告が争う。</p><p class=""related""><strong>関連語</strong><br>原告・被告</p>",社会三年 科目::公民 優先::S 単元::C08 学年::中3
刑事裁判,"<p>起訴された人について、犯罪の有無や刑罰を判断する裁判。</p><p><strong>ポイント</strong><br>検察官が有罪を立証し、被告人は弁護人の援助を受けられる。</p><p class=""related""><strong>関連語</strong><br>検察官・被告人</p>",社会三年 科目::公民 優先::S 単元::C08 学年::中3
原告と被告,"<p>民事裁判などで、原告は訴えを起こす側、被告は訴えられた側。</p><p><strong>ポイント</strong><br>刑事裁判の被告人とは用語を区別する。</p><p class=""related""><strong>関連語</strong><br>民事裁判・訴え</p>",社会三年 科目::公民 優先::S 単元::C08 学年::中3
被疑者と被告人,"<p>被疑者は犯罪の疑いで捜査の対象となる人、被告人は起訴された人。</p><p><strong>ポイント</strong><br>どちらも有罪と確定した人という意味ではない。</p><p class=""related""><strong>関連語</strong><br>捜査・起訴</p>",社会三年 科目::公民 優先::S 単元::C08 学年::中3
検察官,"<p>犯罪を捜査し、起訴するか判断し、刑事裁判で立証などを行う公務員。</p><p><strong>ポイント</strong><br>有罪・無罪を最終的に判決するのは裁判所。</p><p class=""related""><strong>関連語</strong><br>起訴・刑事裁判</p>",社会三年 科目::公民 優先::S 単元::C08 学年::中3
弁護人,"<p>刑事手続きで、被疑者・被告人の権利や利益を守る法律の専門家。</p><p><strong>ポイント</strong><br>不人気な人にも、公正な手続きと弁護が必要。</p><p class=""related""><strong>関連語</strong><br>弁護士・人権</p>",社会三年 科目::公民 優先::S 単元::C08 学年::中3
無罪推定,"<p>有罪が立証され、確定するまでは、有罪であることを前提に扱わないという原則。</p><p><strong>ポイント</strong><br>疑われたり逮捕されたりしただけで、犯罪者と決め付けない。</p><p class=""related""><strong>関連語</strong><br>刑事裁判・人権</p>",社会三年 科目::公民 優先::S 単元::C08 学年::中3
令状,"<p>逮捕・捜索などの強制処分について、裁判官が発する許可などの文書。</p><p><strong>ポイント</strong><br>原則として必要だが、現行犯逮捕など法定の例外もある。</p><p class=""related""><strong>関連語</strong><br>身体の自由・適正手続き</p>",社会三年 科目::公民 優先::S 単元::C08 学年::中3
司法権の独立,"<p>裁判が行政などから不当に干渉されず、裁判官が憲法・法律・良心に従って判断すること。</p><p><strong>ポイント</strong><br>権力をもつ側の都合で判決を変えさせない。</p><p class=""related""><strong>関連語</strong><br>裁判官・人権</p>",社会三年 科目::公民 優先::S 単元::C08 学年::中3
三審制,"<p>裁判の誤りを正すため、原則として三段階の裁判所へ判断を求められる制度。</p><p><strong>ポイント</strong><br>全ての事件を無条件に三回やり直せるわけではない。</p><p class=""related""><strong>関連語</strong><br>上訴・裁判所</p>",社会三年 科目::公民 優先::S 単元::C08 学年::中3
控訴と上告,"<p>原則として、第一審の判決への不服申立てが控訴、第二審の判決への不服申立てが上告。</p><p><strong>ポイント</strong><br>期限や理由などには法定の条件がある。</p><p class=""related""><strong>関連語</strong><br>上訴・三審制</p>",社会三年 科目::公民 優先::S 単元::C08 学年::中3
最高裁判所,"<p>日本の最上位の裁判所。違憲審査についても最終判断を行う。</p><p><strong>ポイント</strong><br>全ての事件の最初の審理を行うわけではない。</p><p class=""related""><strong>関連語</strong><br>終審裁判所・違憲審査</p>",社会三年 科目::公民 優先::S 単元::C08 学年::中3
裁判員制度,"<p>選ばれた国民が裁判官とともに、重大な犯罪の刑事裁判を審理する制度。</p><p><strong>ポイント</strong><br>満18歳以上が選任対象となりうる。全ての裁判が対象ではない。</p><p class=""related""><strong>関連語</strong><br>国民参加・刑事裁判</p>",社会三年 科目::公民 優先::S 単元::C08 学年::中3
三権分立,"<p>立法・行政・司法を分け、互いに抑制して権力の集中を防ぐ仕組み。</p><p><strong>ポイント</strong><br>国会・内閣・裁判所を、矢印と権限で結び付ける。</p><p class=""related""><strong>関連語</strong><br>人権・権力の抑制</p>",社会三年 科目::公民 優先::S 単元::C08 学年::中3
違憲審査権,"<p>法律や命令、行政の行為などが憲法に反していないか、裁判所が審査する権限。</p><p><strong>ポイント</strong><br>下級裁判所も審査でき、最高裁判所が最終判断を行う。</p><p class=""related""><strong>関連語</strong><br>憲法・司法</p>",社会三年 科目::公民 優先::S 単元::C08 学年::中3
最高裁判所裁判官の国民審査,"<p>任命後最初の衆議院総選挙時など、憲法に定める時期に、国民が最高裁裁判官の<ruby>罷免<rp>（</rp><rt>ひめん</rt><rp>）</rp></ruby>について投票する制度。</p><p><strong>ポイント</strong><br>裁判官を新しく選ぶ選挙ではない。</p><p class=""related""><strong>関連語</strong><br>司法・国民の監視</p>",社会三年 科目::公民 優先::S 単元::C08 学年::中3
三権分立と人権の関係,"<p>法律を作る人、実行する人、裁く人を分け、互いの行き過ぎを抑えて人権を守る。</p><p><strong>ポイント</strong><br>三つの機関が全く連絡しないという意味ではない。</p><p class=""related""><strong>関連語</strong><br>立憲主義・抑制と均衡</p>",社会三年 科目::公民 優先::A 単元::C08 学年::中3
高等裁判所,"<p>主に下級裁判所の判断への不服などを審理する裁判所。</p><p><strong>ポイント</strong><br>事件の種類に応じて、担当する裁判の経路は異なる。</p><p class=""related""><strong>関連語</strong><br>三審制・上訴</p>",社会三年 科目::公民 優先::S 単元::C08 学年::中3
地方裁判所,"<p>多くの民事・刑事事件の第一審などを扱う裁判所。</p><p><strong>ポイント</strong><br>全ての事件が必ず地方裁判所から始まるわけではない。</p><p class=""related""><strong>関連語</strong><br>裁判・第一審</p>",社会三年 科目::公民 優先::S 単元::C08 学年::中3
家庭裁判所,"<p>家族に関する事件や少年事件などを扱う裁判所。</p><p><strong>ポイント</strong><br>専門的な事情や当事者の状況を踏まえる仕組みをもつ。</p><p class=""related""><strong>関連語</strong><br>家事事件・少年</p>",社会三年 科目::公民 優先::S 単元::C08 学年::中3
簡易裁判所,"<p>一定の民事事件や比較的軽い刑事事件などを扱う裁判所。</p><p><strong>ポイント</strong><br>担当範囲は法律で定められ、事件に応じて確認する。</p><p class=""related""><strong>関連語</strong><br>裁判・司法</p>",社会三年 科目::公民 優先::S 単元::C08 学年::中3
訴訟代理人,"<p>民事訴訟などで、当事者に代わって手続き上の行為を行う者。</p><p><strong>ポイント</strong><br>刑事事件の弁護人とは手続き上の立場が違う。</p><p class=""related""><strong>関連語</strong><br>弁護士・民事</p>",社会三年 科目::公民 優先::S 単元::C08 学年::中3
和解,"<p>当事者が合意して争いを解決すること。</p><p><strong>ポイント</strong><br>裁判所が一方的に結論を示す判決とは方法が異なる。</p><p class=""related""><strong>関連語</strong><br>紛争解決・合意</p>",社会三年 科目::公民 優先::S 単元::C08 学年::中3
調停,"<p>裁判所の調停委員会などが間に入り、話合いで解決を図る手続き。</p><p><strong>ポイント</strong><br>一般の私的な話合いと全く同じではなく、成立した合意に法的効力が生じる場合がある。</p><p class=""related""><strong>関連語</strong><br>民事・家事・解決</p>",社会三年 科目::公民 優先::S 単元::C08 学年::中3
立証責任,"<p>裁判で必要な事実を証明する責任。</p><p><strong>ポイント</strong><br>刑事では検察側が有罪を立証する。事件の種類で考え方や対象を確認する。</p><p class=""related""><strong>関連語</strong><br>証拠・裁判</p>",社会三年 科目::公民 優先::S 単元::C08 学年::中3
審理と判決,"<p>審理は主張や証拠を調べる過程、判決はその結果の裁判所の判断。</p><p><strong>ポイント</strong><br>訴えた内容が、そのまま認定された事実になるわけではない。</p><p class=""related""><strong>関連語</strong><br>裁判手続・証拠</p>",社会三年 科目::公民 優先::S 単元::C08 学年::中3
再審,"<p>確定した判決について、法律が定める特別の理由に基づき審理をやり直す制度。</p><p><strong>ポイント</strong><br>通常の上訴とは異なり、無条件に何度でも請求が認められるわけではない。</p><p class=""related""><strong>関連語</strong><br>誤判・救済</p>",社会三年 科目::公民 優先::S 単元::C08 学年::中3
検察審査会,"<p>国民から選ばれた11人が、検察官の不起訴処分の当否などを審査する制度。</p><p><strong>ポイント</strong><br>有罪・無罪や量刑を判断する裁判員制度とは異なる。</p><p class=""related""><strong>関連語</strong><br>国民参加・不起訴</p>",社会三年 科目::公民 優先::S 単元::C08 学年::中3
行政事件訴訟,"<p>行政の処分の取消しなどを裁判所へ求める訴訟。</p><p><strong>ポイント</strong><br>行政機関への不服申立てとは、判断する機関が異なる。</p><p class=""related""><strong>関連語</strong><br>司法・権利救済</p>",社会三年 科目::公民 優先::S 単元::C08 学年::中3
地方自治,"<p>地域のことを、住民の意思に基づいて地方公共団体が自主的に処理すること。</p><p><strong>ポイント</strong><br>住民自治と団体自治の二つの面がある。</p><p class=""related""><strong>関連語</strong><br>地方公共団体・住民</p>",社会三年 科目::公民 優先::S 単元::C09 学年::中3
地方公共団体,"<p>都道府県や市町村など、一定の地域の公的な仕事を担う団体。</p><p><strong>ポイント</strong><br>自治体とも呼ぶ。国の一つの省庁とは異なる。</p><p class=""related""><strong>関連語</strong><br>地方自治・行政</p>",社会三年 科目::公民 優先::S 単元::C09 学年::中3
住民自治,"<p>地域のことを、住民の意思と参加に基づいて決めるという地方自治の面。</p><p><strong>ポイント</strong><br><ruby>首長<rp>（</rp><rt>しゅちょう</rt><rp>）</rp></ruby>・議員の選挙や住民参加が重要。</p><p class=""related""><strong>関連語</strong><br>地方自治・政治参加</p>",社会三年 科目::公民 優先::S 単元::C09 学年::中3
団体自治,"<p>地方公共団体が、国から一定の独立性をもって事務を行うという地方自治の面。</p><p><strong>ポイント</strong><br>法律を無視してよいという意味ではない。</p><p class=""related""><strong>関連語</strong><br>地方分権・条例</p>",社会三年 科目::公民 優先::S 単元::C09 学年::中3
条例,"<p>地方公共団体が、法令の範囲内で定める地域のきまり。</p><p><strong>ポイント</strong><br>国会が制定する法律と区別する。</p><p class=""related""><strong>関連語</strong><br>地方議会・地域</p>",社会三年 科目::公民 優先::S 単元::C09 学年::中3
<ruby>首長<rp>（</rp><rt>しゅちょう</rt><rp>）</rp></ruby>,"<p>地方公共団体の行政を担う長。都道府県知事や市町村長など。</p><p><strong>ポイント</strong><br>地方議会の議長とは役割が違う。</p><p class=""related""><strong>関連語</strong><br>知事・市町村長</p>",社会三年 科目::公民 優先::S 単元::C09 学年::中3
二元代表制,"<p>住民が地方議会の議員と<ruby>首長<rp>（</rp><rt>しゅちょう</rt><rp>）</rp></ruby>を、それぞれ直接選ぶ仕組み。</p><p><strong>ポイント</strong><br>国の議院内閣制とは代表者の選び方が違う。</p><p class=""related""><strong>関連語</strong><br>地方議会・首長</p>",社会三年 科目::公民 優先::S 単元::C09 学年::中3
地方議会,"<p>住民が選んだ議員からなり、条例・予算などを議決する機関。</p><p><strong>ポイント</strong><br><ruby>首長<rp>（</rp><rt>しゅちょう</rt><rp>）</rp></ruby>の行政を監視する役割もある。</p><p class=""related""><strong>関連語</strong><br>条例・予算</p>",社会三年 科目::公民 優先::S 単元::C09 学年::中3
直接請求権,"<p>住民が署名などの条件を満たして、条例の制定・改廃や監査、解散・解職などを求める権利。</p><p><strong>ポイント</strong><br>種類ごとに要件や手続きが異なる。</p><p class=""related""><strong>関連語</strong><br>住民参加・リコール</p>",社会三年 科目::公民 優先::S 単元::C09 学年::中3
リコール,"<p>議員や<ruby>首長<rp>（</rp><rt>しゅちょう</rt><rp>）</rp></ruby>などの解職を求める直接請求の制度。</p><p><strong>ポイント</strong><br>署名後にも投票などの手続きがあり、自動的に解職されるわけではない。</p><p class=""related""><strong>関連語</strong><br>直接請求・解職</p>",社会三年 科目::公民 優先::S 単元::C09 学年::中3
地方税,"<p>地方公共団体が法律などに基づいて住民や企業へ課す税。</p><p><strong>ポイント</strong><br>住民税・固定資産税など。国が課す国税と区別する。</p><p class=""related""><strong>関連語</strong><br>地方財政・自主財源</p>",社会三年 科目::公民 優先::S 単元::C09 学年::中3
地方交付税交付金,"<p>地域間の財源の不均衡を調整し、行政サービスの財源を保障するため国から地方へ交付されるお金。</p><p><strong>ポイント</strong><br>原則として使い道が特定されない一般財源。</p><p class=""related""><strong>関連語</strong><br>財政調整・地方自治</p>",社会三年 科目::公民 優先::S 単元::C09 学年::中3
国庫支出金,"<p>特定の事業や目的のため、国から地方公共団体へ支出されるお金。</p><p><strong>ポイント</strong><br>地方交付税交付金と使い道の自由度を比較する。</p><p class=""related""><strong>関連語</strong><br>補助・地方財政</p>",社会三年 科目::公民 優先::S 単元::C09 学年::中3
地方債,"<p>地方公共団体が資金を借り入れるために負う債務。</p><p><strong>ポイント</strong><br>将来の返済や、整備する施設の長期的な利用も考える。</p><p class=""related""><strong>関連語</strong><br>借入・地方財政</p>",社会三年 科目::公民 優先::S 単元::C09 学年::中3
地方分権,"<p>国から地方へ権限や財源などを移し、地域の自主的な判断を広げること。</p><p><strong>ポイント</strong><br>地域の事情への対応と、地域間格差への対応を両方考える。</p><p class=""related""><strong>関連語</strong><br>地方自治・権限</p>",社会三年 科目::公民 優先::S 単元::C09 学年::中3
施設の費用を考える方法,"<p>建設費だけでなく、人件費・修繕費などの維持費や将来の利用も含めて比較する。</p><p><strong>ポイント</strong><br>今つくれるかと、長く運営できるかは別の問い。</p><p class=""related""><strong>関連語</strong><br>予算・持続可能性</p>",社会三年 科目::公民 優先::A 単元::C09 学年::中3
条例の制定・改廃の直接請求,"<p>原則として有権者の50分の1以上の署名を集め、<ruby>首長<rp>（</rp><rt>しゅちょう</rt><rp>）</rp></ruby>に条例の制定・改廃を求める制度。</p><p><strong>ポイント</strong><br>地方税の賦課徴収などに関する条例は対象外。署名だけで条例が成立するわけではない。</p><p class=""related""><strong>関連語</strong><br>直接請求・首長・地方議会</p>",社会三年 科目::公民 優先::S 単元::C09 学年::中3
事務の監査請求,"<p>有権者の50分の1以上の署名を集め、地方公共団体の事務について監査委員に監査を求める直接請求。</p><p><strong>ポイント</strong><br>財務会計上の行為などを対象とし、住民が一人でも行える住民監査請求とは別の制度。</p><p class=""related""><strong>関連語</strong><br>直接請求・監査委員</p>",社会三年 科目::公民 優先::S 単元::C09 学年::中3
解散・解職請求の署名と請求先,"<p>議会の解散、議員・<ruby>首長<rp>（</rp><rt>しゅちょう</rt><rp>）</rp></ruby>の解職は、原則として有権者の3分の1以上の署名を集め、選挙管理委員会へ請求する。</p><p><strong>ポイント</strong><br>有権者40万人超などでは署名数の計算に特例がある。署名だけで解散・解職されるわけではない。</p><p class=""related""><strong>関連語</strong><br>リコール・直接請求・住民投票</p>",社会三年 科目::公民 優先::S 単元::C09 学年::中3
条例と規則,"<p>条例は地方議会が定め、規則は<ruby>首長<rp>（</rp><rt>しゅちょう</rt><rp>）</rp></ruby>などが権限に属する事務について定めるきまり。</p><p><strong>ポイント</strong><br>制定する主体と、上位の法との関係を確認する。</p><p class=""related""><strong>関連語</strong><br>地方自治・法令</p>",社会三年 科目::公民 優先::S 単元::C09 学年::中3
再議,"<p><ruby>首長<rp>（</rp><rt>しゅちょう</rt><rp>）</rp></ruby>が議会の議決について、再び審議することを求める仕組み。</p><p><strong>ポイント</strong><br>首長が議会の決定を無条件に無視できることではない。</p><p class=""related""><strong>関連語</strong><br>二元代表制・調整</p>",社会三年 科目::公民 優先::S 単元::C09 学年::中3
住民投票,"<p>地域の課題などについて、住民が直接投票する方法。</p><p><strong>ポイント</strong><br>根拠となる法律・条例によって資格や結果の効力が異なる。</p><p class=""related""><strong>関連語</strong><br>直接参加・地方自治</p>",社会三年 科目::公民 優先::S 単元::C09 学年::中3
パブリックコメント,"<p>政策や規則の案などを公表し、意見を広く集めて検討する手続き。</p><p><strong>ポイント</strong><br>単に賛否の件数で決める多数決ではない。</p><p class=""related""><strong>関連語</strong><br>意見公募・行政</p>",社会三年 科目::公民 優先::S 単元::C09 学年::中3
陳情,"<p>公的な機関などへ希望や事情を伝え、対応を求めること。</p><p><strong>ポイント</strong><br>請願と手続きや議会での扱いが異なる場合がある。</p><p class=""related""><strong>関連語</strong><br>住民参加・議会</p>",社会三年 科目::公民 優先::S 単元::C09 学年::中3
住民監査請求,"<p>自治体の財務会計上の違法・不当な行為などについて、住民が監査委員へ監査を求める制度。</p><p><strong>ポイント</strong><br>一人から行えるが、対象や期限などの条件がある。</p><p class=""related""><strong>関連語</strong><br>監査・地方財政</p>",社会三年 科目::公民 優先::S 単元::C09 学年::中3
住民訴訟,"<p>住民監査請求を経た上で、一定の条件で財務会計上の違法行為などを裁判所に問う制度。</p><p><strong>ポイント</strong><br>あらゆる地域の意見対立を対象とするわけではない。</p><p class=""related""><strong>関連語</strong><br>地方自治・司法</p>",社会三年 科目::公民 優先::S 単元::C09 学年::中3
事務監査と住民監査の違い,"<p>事務監査の直接請求は有権者の署名を要し、住民監査請求は財務会計上の行為などについて一人から行える。</p><p><strong>ポイント</strong><br>名前が似ていても対象・人数・条件は異なる。</p><p class=""related""><strong>関連語</strong><br>直接請求・監査</p>",社会三年 科目::公民 優先::A 単元::C09 学年::中3
自主財源,"<p>地方税や使用料など、自治体が自らの権限に基づいて確保する収入。</p><p><strong>ポイント</strong><br>割合だけで行政サービスの十分さを判断しない。</p><p class=""related""><strong>関連語</strong><br>地方財政・自治</p>",社会三年 科目::公民 優先::S 単元::C09 学年::中3
使用料,"<p>公共施設などを利用する際に、その利用に応じて支払うお金。</p><p><strong>ポイント</strong><br>住民全体に法の条件で課される税とは仕組みが異なる。</p><p class=""related""><strong>関連語</strong><br>公共施設・収入</p>",社会三年 科目::公民 優先::S 単元::C09 学年::中3
広域連携,"<p>複数の自治体が、施設や業務などを共同で担うこと。</p><p><strong>ポイント</strong><br>費用の節約と、利用距離や負担の配分を合わせて考える。</p><p class=""related""><strong>関連語</strong><br>地方行政・協力</p>",社会三年 科目::公民 優先::S 単元::C09 学年::中3
自治体の財政比較の条件,"<p>人口、面積、住民の年齢構成、サービスの対象などをそろえて費用と効果を見ること。</p><p><strong>ポイント</strong><br>総額が小さいだけで必ず効率的とはいえない。</p><p class=""related""><strong>関連語</strong><br>地方財政・資料</p>",社会三年 科目::公民 優先::A 単元::C09 学年::中3
家計,"<p>家庭の収入・支出・貯蓄などを中心にした経済活動。</p><p><strong>ポイント</strong><br>企業や政府の経済活動と結び付いている。</p><p class=""related""><strong>関連語</strong><br>消費・所得</p>",社会三年 科目::公民 優先::S 単元::C10 学年::中3
<ruby>可処分所得<rp>（</rp><rt>かしょぶんしょとく</rt><rp>）</rp></ruby>,"<p>所得から税や社会保険料などを差し引いた、消費・貯蓄に回せる所得。</p><p><strong>ポイント</strong><br>給料の総額と手取りを同じにしない。</p><p class=""related""><strong>関連語</strong><br>家計・税</p>",社会三年 科目::公民 優先::S 単元::C10 学年::中3
消費と貯蓄,"<p>消費は生活のために財・サービスを使うこと、貯蓄は所得のうち消費せず将来へ残すこと。</p><p><strong>ポイント</strong><br>将来の支出や予想外の出来事も考えて配分する。</p><p class=""related""><strong>関連語</strong><br>家計・将来</p>",社会三年 科目::公民 優先::S 単元::C10 学年::中3
契約,"<p>当事者の意思の合意によって、権利や義務を生じさせる約束。</p><p><strong>ポイント</strong><br>原則として口頭でも成立しうる。特別な方式が必要な場合もある。</p><p class=""related""><strong>関連語</strong><br>申込み・承諾</p>",社会三年 科目::公民 優先::S 単元::C10 学年::中3
売買契約,"<p>売り手が財産権を移し、買い手が代金を支払うことを約束する契約。</p><p><strong>ポイント</strong><br>日常の買い物も契約である。</p><p class=""related""><strong>関連語</strong><br>商品・代金</p>",社会三年 科目::公民 優先::S 単元::C10 学年::中3
クレジットカード,"<p>信用に基づいて、利用した代金を後で支払う仕組みのカード。</p><p><strong>ポイント</strong><br>支払義務が生じ、分割などでは手数料がかかる場合がある。</p><p class=""related""><strong>関連語</strong><br>後払い・家計</p>",社会三年 科目::公民 優先::S 単元::C10 学年::中3
元金と利息,"<p>元金は借りたお金そのもの、利息はお金を借りる対価などとして払うお金。</p><p><strong>ポイント</strong><br>返済では合計額と支払時期を確認する。</p><p class=""related""><strong>関連語</strong><br>借入・金利</p>",社会三年 科目::公民 優先::S 単元::C10 学年::中3
成年年齢,"<p>民法上、一人で契約する能力などを認められる基準の年齢。日本では2022年4月から18歳。</p><p><strong>ポイント</strong><br>飲酒・喫煙が可能になる年齢とは同じではない。</p><p class=""related""><strong>関連語</strong><br>契約・未成年者</p>",社会三年 科目::公民 優先::S 単元::C10 学年::中3
未成年者取消権,"<p>未成年者が法定代理人の同意を得ずにした契約を、原則として取り消せる仕組み。</p><p><strong>ポイント</strong><br>同意がある場合や詐術を用いた場合など、例外がある。</p><p class=""related""><strong>関連語</strong><br>契約・保護</p>",社会三年 科目::公民 優先::S 単元::C10 学年::中3
消費者契約法,"<p>消費者と事業者の情報量や交渉力の差を踏まえ、不当な勧誘や契約条項などから消費者を守る法律。</p><p><strong>ポイント</strong><br>全ての契約を気分で取り消せる制度ではない。</p><p class=""related""><strong>関連語</strong><br>消費者保護・契約</p>",社会三年 科目::公民 優先::S 単元::C10 学年::中3
製造物責任法,"<p>製品の欠陥で生命・身体や他の財産に被害が生じた場合など、製造業者等の責任を定める法律。</p><p><strong>ポイント</strong><br>PL法ともいう。単なる買い間違いを扱う制度ではない。</p><p class=""related""><strong>関連語</strong><br>欠陥製品・損害</p>",社会三年 科目::公民 優先::S 単元::C10 学年::中3
クーリング・オフ,"<p>法律で定める取引で、一定期間内に契約を解除できる制度。</p><p><strong>ポイント</strong><br>通信販売には一般的なクーリング・オフ制度はない。対象・期間を確認する。</p><p class=""related""><strong>関連語</strong><br>訪問販売・消費者保護</p>",社会三年 科目::公民 優先::S 単元::C10 学年::中3
消費者ホットライン188,"<p>消費生活のトラブルについて、身近な相談窓口につなぐ電話番号。</p><p><strong>ポイント</strong><br>いやや、と覚える。困ったときは契約画面や書類なども保管して相談する。</p><p class=""related""><strong>関連語</strong><br>消費生活センター・相談</p>",社会三年 科目::公民 優先::S 単元::C10 学年::中3
消費者主権,"<p>消費者の選択が、何を生産するかなどの経済活動に影響するという考え方。</p><p><strong>ポイント</strong><br>正しい情報と、実際に選べる条件が重要。</p><p class=""related""><strong>関連語</strong><br>市場・消費者</p>",社会三年 科目::公民 優先::S 単元::C10 学年::中3
エシカル消費,"<p>人や社会、環境などへの影響を考えて商品・サービスを選ぶ消費。</p><p><strong>ポイント</strong><br>価格だけでなく、生産・廃棄までの条件にも目を向ける。</p><p class=""related""><strong>関連語</strong><br>フェアトレード・環境</p>",社会三年 科目::公民 優先::S 単元::C10 学年::中3
総支払額を確認する理由,"<p>月額が小さくても、回数・手数料・追加費用によって合計の負担が大きくなることがあるため。</p><p><strong>ポイント</strong><br>広告の目立つ金額だけで契約を判断しない。</p><p class=""related""><strong>関連語</strong><br>分割払い・契約条件</p>",社会三年 科目::公民 優先::A 単元::C10 学年::中3
プリペイド方式,"<p>先に支払った金額の範囲で利用する前払いの仕組み。</p><p><strong>ポイント</strong><br>後払いのクレジットや即時払いのデビットと時期が異なる。</p><p class=""related""><strong>関連語</strong><br>決済・残高</p>",社会三年 科目::公民 優先::S 単元::C10 学年::中3
デビットカード,"<p>利用した代金を、原則としてその時に銀行口座などから引き落とすカード。</p><p><strong>ポイント</strong><br>後で支払うクレジットカードとは資金の動きが違う。</p><p class=""related""><strong>関連語</strong><br>即時払い・家計</p>",社会三年 科目::公民 優先::S 単元::C10 学年::中3
契約成立と履行の時点,"<p>約束が成立することと、代金の支払いや商品の引渡しを実行することは異なる場合がある。</p><p><strong>ポイント</strong><br>申込みの確定後に画面を閉じても契約が消えるとは限らない。</p><p class=""related""><strong>関連語</strong><br>契約・義務</p>",社会三年 科目::公民 優先::A 単元::C10 学年::中3
定期購入,"<p>一定の条件で商品を継続して購入する契約。</p><p><strong>ポイント</strong><br>初回価格だけでなく、回数・次回価格・解約条件を確認する。</p><p class=""related""><strong>関連語</strong><br>通信販売・総額</p>",社会三年 科目::公民 優先::S 単元::C10 学年::中3
サブスクリプション,"<p>一定期間ごとに料金を支払うなどして、商品やサービスを継続利用する契約の形。</p><p><strong>ポイント</strong><br>利用しなかった場合の料金や自動更新の条件も確認する。</p><p class=""related""><strong>関連語</strong><br>契約期間・家計</p>",社会三年 科目::公民 優先::S 単元::C10 学年::中3
リボルビング払い,"<p>定めた方法による一定額などを毎月支払う後払いの方式。</p><p><strong>ポイント</strong><br>残高や手数料、新たな利用により期間・総額が増える場合がある。</p><p class=""related""><strong>関連語</strong><br>クレジット・負担</p>",社会三年 科目::公民 優先::S 単元::C10 学年::中3
返品特約,"<p>返品ができる場合や条件について、販売者が定めて表示する取り決め。</p><p><strong>ポイント</strong><br>通信販売では法律上の規定と合わせて確認する。</p><p class=""related""><strong>関連語</strong><br>返品・契約</p>",社会三年 科目::公民 優先::S 単元::C10 学年::中3
返品とクーリング・オフの違い,"<p>商品を返す条件と、法定の取引で一定期間内に契約を解除できる制度は同じではない。</p><p><strong>ポイント</strong><br>通販に一般的なクーリング・オフがなくても、あらゆる返品が不可能とは限らない。</p><p class=""related""><strong>関連語</strong><br>消費者保護・取引</p>",社会三年 科目::公民 優先::A 単元::C10 学年::中3
無効・取消し・解除の区別,"<p>契約の効力が認められない場合と、法や契約に基づいて効力を解消する場合などの違い。</p><p><strong>ポイント</strong><br>具体的な根拠や手続きは事例によるため、相談で確認する。</p><p class=""related""><strong>関連語</strong><br>契約・救済</p>",社会三年 科目::公民 優先::A 単元::C10 学年::中3
保証条件,"<p>故障や不具合などについて、修理・交換等を受けられる範囲や期間の取り決め。</p><p><strong>ポイント</strong><br>保証があるという表示だけで、全ての損害が対象とは判断しない。</p><p class=""related""><strong>関連語</strong><br>商品・比較</p>",社会三年 科目::公民 優先::S 単元::C10 学年::中3
製品のリコール,"<p>安全上の問題などがある製品を、事業者が回収・修理するなどの対応。</p><p><strong>ポイント</strong><br>地方政治での解職請求というリコールとは別の意味。</p><p class=""related""><strong>関連語</strong><br>欠陥・消費者安全</p>",社会三年 科目::公民 優先::S 単元::C10 学年::中3
購入価格と使用期間の費用,"<p>本体価格に加え、修理・維持・廃棄などを含め、使う期間全体で負担を考えること。</p><p><strong>ポイント</strong><br>最初に安い商品が、長期にも必ず安いとは限らない。</p><p class=""related""><strong>関連語</strong><br>家計・選択</p>",社会三年 科目::公民 優先::A 単元::C10 学年::中3
市場,"<p>財やサービスを売りたい人と買いたい人が、取引を行う仕組み。</p><p><strong>ポイント</strong><br>店舗や市場の建物だけでなく、オンラインの取引も含む。</p><p class=""related""><strong>関連語</strong><br>需要・供給</p>",社会三年 科目::公民 優先::S 単元::C11 学年::中3
需要量,"<p>ある価格で、買い手が買おうとする量。</p><p><strong>ポイント</strong><br>他の条件が同じなら、一般に価格が上がると減る。</p><p class=""related""><strong>関連語</strong><br>価格・買い手</p>",社会三年 科目::公民 優先::S 単元::C11 学年::中3
供給量,"<p>ある価格で、売り手が売ろうとする量。</p><p><strong>ポイント</strong><br>他の条件が同じなら、一般に価格が上がると増える。</p><p class=""related""><strong>関連語</strong><br>価格・売り手</p>",社会三年 科目::公民 優先::S 単元::C11 学年::中3
均衡価格,"<p>需要量と供給量が一致する価格。</p><p><strong>ポイント</strong><br>現実の市場が必ずすぐこの価格になるとは限らない。</p><p class=""related""><strong>関連語</strong><br>市場・均衡</p>",社会三年 科目::公民 優先::S 単元::C11 学年::中3
売れ残りと価格の調整,"<p>供給量が需要量を上回ると、売り手には値下げや供給を減らす動機が生まれる。</p><p><strong>ポイント</strong><br>他の条件や調整にかかる時間も考える。</p><p class=""related""><strong>関連語</strong><br>供給超過・市場</p>",社会三年 科目::公民 優先::A 単元::C11 学年::中3
品不足と価格の調整,"<p>需要量が供給量を上回ると、価格上昇や増産へ向かう動きが生じうる。</p><p><strong>ポイント</strong><br>価格規制や在庫などの条件で結果は変わる。</p><p class=""related""><strong>関連語</strong><br>需要超過・市場</p>",社会三年 科目::公民 優先::A 単元::C11 学年::中3
競争,"<p>企業などが、価格・品質・サービスなどで選ばれようと工夫すること。</p><p><strong>ポイント</strong><br>不正な競争や談合を防ぎ、公正な条件を整える必要がある。</p><p class=""related""><strong>関連語</strong><br>効率・消費者</p>",社会三年 科目::公民 優先::S 単元::C11 学年::中3
独占,"<p>一つの企業が、ある市場の供給などを支配する状態。</p><p><strong>ポイント</strong><br>価格や品質をめぐる競争が弱くなる場合がある。</p><p class=""related""><strong>関連語</strong><br>市場支配・競争</p>",社会三年 科目::公民 優先::S 単元::C11 学年::中3
<ruby>寡占<rp>（</rp><rt>かせん</rt><rp>）</rp></ruby>,"<p>少数の企業に、ある市場の供給などが集中する状態。</p><p><strong>ポイント</strong><br>一企業の独占と区別する。</p><p class=""related""><strong>関連語</strong><br>競争・大企業</p>",社会三年 科目::公民 優先::S 単元::C11 学年::中3
カルテル,"<p>企業同士が価格や生産量などを申し合わせ、競争を制限すること。</p><p><strong>ポイント</strong><br>消費者が不利な価格などを受け入れざるを得なくなる場合がある。</p><p class=""related""><strong>関連語</strong><br>独占禁止法・談合</p>",社会三年 科目::公民 優先::S 単元::C11 学年::中3
独占禁止法,"<p>私的独占や不当な取引制限などを規制し、公正で自由な競争を守る法律。</p><p><strong>ポイント</strong><br>大きな会社を全て禁止する法律ではない。</p><p class=""related""><strong>関連語</strong><br>公正取引委員会・競争</p>",社会三年 科目::公民 優先::S 単元::C11 学年::中3
公正取引委員会,"<p>独占禁止法などを運用し、公正で自由な競争を守る行政機関。</p><p><strong>ポイント</strong><br>裁判所や国会とは役割が異なる。</p><p class=""related""><strong>関連語</strong><br>独占禁止法・市場</p>",社会三年 科目::公民 優先::S 単元::C11 学年::中3
情報の非対称性,"<p>取引に必要な情報を、売り手と買い手などが同じ程度にはもっていないこと。</p><p><strong>ポイント</strong><br>中古品の品質や契約条件などで問題になる場合がある。</p><p class=""related""><strong>関連語</strong><br>消費者保護・市場の失敗</p>",社会三年 科目::公民 優先::A 単元::C11 学年::中3
外部効果,"<p>経済活動が、取引の当事者以外へ、価格に十分反映されない利益や損失を与えること。</p><p><strong>ポイント</strong><br>公害は負の外部効果の例。</p><p class=""related""><strong>関連語</strong><br>環境・市場</p>",社会三年 科目::公民 優先::S 単元::C11 学年::中3
市場の失敗,"<p>市場の取引だけでは、資源を適切に配分できないこと。</p><p><strong>ポイント</strong><br>独占、外部効果、公共財、情報の問題などが関わる。</p><p class=""related""><strong>関連語</strong><br>政府の役割・公共財</p>",社会三年 科目::公民 優先::S 単元::C11 学年::中3
需要の変化を読む注意点,"<p>価格が変わって買う量が変わる場合と、好みや所得などが変わる場合を区別する。</p><p><strong>ポイント</strong><br>グラフでは何を一定にした比較かを確認する。</p><p class=""related""><strong>関連語</strong><br>需要曲線・条件</p>",社会三年 科目::公民 優先::A 単元::C11 学年::中3
経済の三主体,"<p>家計・企業・政府。消費、労働、生産、納税、公共サービスなどを通じて結び付く。</p><p><strong>ポイント</strong><br>海外や金融機関との関係も含め、お金と財・サービスの流れを考える。</p><p class=""related""><strong>関連語</strong><br>家計・企業・政府</p>",社会三年 科目::公民 優先::S 単元::C11 学年::中3
国内総生産（GDP）,"<p>一定期間に国内で生産された財やサービスの付加価値の合計。</p><p><strong>ポイント</strong><br>企業の売上を単純に全て足した額ではなく、材料などの重複を除く。</p><p class=""related""><strong>関連語</strong><br>付加価値・経済成長</p>",社会三年 科目::公民 優先::S 単元::C11 学年::中3
付加価値,"<p>生産活動によって新しく加えられた価値。生産額から原材料などの中間投入を差し引いて考える。</p><p><strong>ポイント</strong><br>売上や利益とは異なる。賃金なども付加価値の分配に含まれる。</p><p class=""related""><strong>関連語</strong><br>GDP・生産</p>",社会三年 科目::公民 優先::S 単元::C11 学年::中3
名目GDPと実質GDP,"<p>名目GDPはその時の価格で測り、実質GDPは物価変動の影響を除いて比較する。</p><p><strong>ポイント</strong><br>名目の増加が、同じだけの生産量の増加を意味するとは限らない。</p><p class=""related""><strong>関連語</strong><br>物価・経済成長</p>",社会三年 科目::公民 優先::A 単元::C11 学年::中3
需要曲線,"<p>他の条件を一定にして、価格と需要量の関係を示す図の線。</p><p><strong>ポイント</strong><br>好みや所得などが変わる場合は、曲線そのものの変化を考える。</p><p class=""related""><strong>関連語</strong><br>市場・価格</p>",社会三年 科目::公民 優先::S 単元::C11 学年::中3
供給曲線,"<p>他の条件を一定にして、価格と供給量の関係を示す図の線。</p><p><strong>ポイント</strong><br>原料費や天候などが変わると、同価格での供給量も変わる。</p><p class=""related""><strong>関連語</strong><br>生産・市場</p>",社会三年 科目::公民 優先::S 単元::C11 学年::中3
曲線上の移動とシフト,"<p>価格変化による同じ曲線上の数量の変化と、他の条件による曲線そのものの変化の違い。</p><p><strong>ポイント</strong><br>需要が増える理由を、価格とその他の条件に分ける。</p><p class=""related""><strong>関連語</strong><br>経済モデル・因果</p>",社会三年 科目::公民 優先::A 単元::C11 学年::中3
価格競争,"<p>価格を下げるなど、値段を通じて顧客に選ばれようとする競争。</p><p><strong>ポイント</strong><br>品質やサービスによる非価格競争とは方法が違う。</p><p class=""related""><strong>関連語</strong><br>企業・市場</p>",社会三年 科目::公民 優先::S 単元::C11 学年::中3
非価格競争,"<p>品質・機能・デザイン・サービスなど、価格以外で選ばれようとする競争。</p><p><strong>ポイント</strong><br>安さだけで商品の価値や企業の競争力は決まらない。</p><p class=""related""><strong>関連語</strong><br>品質・消費者</p>",社会三年 科目::公民 優先::S 単元::C11 学年::中3
入札,"<p>複数の事業者が価格や条件などを示し、発注者が相手を選ぶ方法。</p><p><strong>ポイント</strong><br>事業者同士の事前の申し合わせは競争を損なう場合がある。</p><p class=""related""><strong>関連語</strong><br>公共調達・競争</p>",社会三年 科目::公民 優先::S 単元::C11 学年::中3
入札談合,"<p>入札する事業者が、受注者や価格などを事前に申し合わせて競争を制限すること。</p><p><strong>ポイント</strong><br>発注者の費用が不当に高くなるなどの問題がある。</p><p class=""related""><strong>関連語</strong><br>独占禁止法・公正取引</p>",社会三年 科目::公民 優先::S 単元::C11 学年::中3
正の外部効果,"<p>取引の当事者以外へ、価格に十分反映されない利益が及ぶこと。</p><p><strong>ポイント</strong><br>教育や予防などは本人以外にも便益をもつ場合がある。</p><p class=""related""><strong>関連語</strong><br>市場の失敗・社会</p>",社会三年 科目::公民 優先::S 単元::C11 学年::中3
個人の費用と社会の費用,"<p>事業者などが負担する費用と、周囲への被害を含む社会全体の負担の違い。</p><p><strong>ポイント</strong><br>企業の帳簿にない損害でも、社会では負担が生じうる。</p><p class=""related""><strong>関連語</strong><br>外部効果・環境</p>",社会三年 科目::公民 優先::A 単元::C11 学年::中3
中間財と最終財,"<p>生産の材料・部品として使われる財と、最終的な利用に供される財。</p><p><strong>ポイント</strong><br>GDPでは材料の価値を完成品と重複して数えないようにする。</p><p class=""related""><strong>関連語</strong><br>生産・GDP</p>",社会三年 科目::公民 優先::S 単元::C11 学年::中3
売上の合計と付加価値の合計,"<p>各工程の売上を単純に足すと材料の価値を重複するため、新しく加えた価値で集計する必要がある。</p><p><strong>ポイント</strong><br>材料100・完成品250なら、単純に350とは数えない。</p><p class=""related""><strong>関連語</strong><br>国内総生産・計算</p>",社会三年 科目::公民 優先::A 単元::C11 学年::中3
一人当たりGDP,"<p>GDPの総額を人口で割った値。</p><p><strong>ポイント</strong><br>一人ひとりの実際の所得や分配が同じという意味ではない。</p><p class=""related""><strong>関連語</strong><br>経済比較・平均</p>",社会三年 科目::公民 優先::S 単元::C11 学年::中3
企業,"<p>人材・設備・原材料・資金などを組み合わせ、財やサービスを生産する組織。</p><p><strong>ポイント</strong><br>私企業、公企業などさまざまな形がある。</p><p class=""related""><strong>関連語</strong><br>生産・利益</p>",社会三年 科目::公民 優先::S 単元::C12 学年::中3
売上と利益,"<p>売上は販売による収入、利益は売上などから必要な費用を差し引いたもの。</p><p><strong>ポイント</strong><br>売上が多くても赤字の場合がある。</p><p class=""related""><strong>関連語</strong><br>企業・費用</p>",社会三年 科目::公民 優先::S 単元::C12 学年::中3
株式会社,"<p>株式を発行して出資を集める仕組みをもつ会社。</p><p><strong>ポイント</strong><br>所有する株主と経営を担う人が分かれる場合が多い。</p><p class=""related""><strong>関連語</strong><br>株式・株主</p>",社会三年 科目::公民 優先::S 単元::C12 学年::中3
株式,"<p>株式会社への出資者としての地位などを表すもの。</p><p><strong>ポイント</strong><br>価格や配当は変動し、元本は保証されない。</p><p class=""related""><strong>関連語</strong><br>出資・資金調達</p>",社会三年 科目::公民 優先::S 単元::C12 学年::中3
株主,"<p>株式会社の株式を保有する出資者。</p><p><strong>ポイント</strong><br>株主総会への参加や配当などの権利をもつが、内容は株式等の条件による。</p><p class=""related""><strong>関連語</strong><br>株式会社・株主総会</p>",社会三年 科目::公民 優先::S 単元::C12 学年::中3
有限責任,"<p>株主などが、原則として出資額の範囲に限って責任を負うこと。</p><p><strong>ポイント</strong><br>出資したお金を必ず取り戻せるという意味ではない。</p><p class=""related""><strong>関連語</strong><br>株式会社・出資</p>",社会三年 科目::公民 優先::S 単元::C12 学年::中3
配当,"<p>会社が、利益などを原資として株主へ分配するお金など。</p><p><strong>ポイント</strong><br>必ず毎年支払われるとは限らない。借入の利息とは違う。</p><p class=""related""><strong>関連語</strong><br>株主・利益</p>",社会三年 科目::公民 優先::S 単元::C12 学年::中3
企業の社会的責任（CSR）,"<p>企業が法令、安全、人権、環境、地域社会などへ配慮して活動する責任。</p><p><strong>ポイント</strong><br>寄付だけでなく、本業の生産や雇用のあり方も含む。</p><p class=""related""><strong>関連語</strong><br>企業・持続可能性</p>",社会三年 科目::公民 優先::S 単元::C12 学年::中3
技術革新,"<p>新しい技術や方法によって、生産やサービス、社会の仕組みを変えること。</p><p><strong>ポイント</strong><br>効率や新しい需要を生む一方、必要な技能も変わる。</p><p class=""related""><strong>関連語</strong><br>生産性・イノベーション</p>",社会三年 科目::公民 優先::S 単元::C12 学年::中3
労働基準法,"<p>賃金・労働時間・休憩など、労働条件の最低基準を定める法律。</p><p><strong>ポイント</strong><br>本人が同意しても、最低基準を下回る条件が有効になるとは限らない。</p><p class=""related""><strong>関連語</strong><br>労働者・最低基準</p>",社会三年 科目::公民 優先::S 単元::C12 学年::中3
労働三権,"<p>団結権・団体交渉権・団体行動権という、労働基本権。</p><p><strong>ポイント</strong><br>働く人々がまとまり、条件改善を求めることを支える。</p><p class=""related""><strong>関連語</strong><br>憲法第28条・労働組合</p>",社会三年 科目::公民 優先::S 単元::C12 学年::中3
団結権,"<p>労働者が労働組合をつくり、加入するなどして団結する権利。</p><p><strong>ポイント</strong><br>一人では弱い交渉力を補う。</p><p class=""related""><strong>関連語</strong><br>労働三権・労働組合</p>",社会三年 科目::公民 優先::S 単元::C12 学年::中3
団体交渉権,"<p>労働者が労働組合などを通じ、使用者と労働条件などを交渉する権利。</p><p><strong>ポイント</strong><br>必ず要求が全て通るという意味ではない。</p><p class=""related""><strong>関連語</strong><br>賃金・労働条件</p>",社会三年 科目::公民 優先::S 単元::C12 学年::中3
団体行動権,"<p>労働条件の改善などを求め、ストライキなどの団体行動を行う権利。</p><p><strong>ポイント</strong><br>公務員などには法による制限がある。</p><p class=""related""><strong>関連語</strong><br>争議権・労働三権</p>",社会三年 科目::公民 優先::S 単元::C12 学年::中3
労働三法,"<p>労働基準法・労働組合法・労働関係調整法の三つ。</p><p><strong>ポイント</strong><br>最低条件、組合活動、争いの調整という役割の違いを押さえる。</p><p class=""related""><strong>関連語</strong><br>労働者保護・法律</p>",社会三年 科目::公民 優先::S 単元::C12 学年::中3
最低賃金,"<p>法律に基づいて定められる、使用者が支払う賃金の最低額。</p><p><strong>ポイント</strong><br>地域や産業、改定時期によって異なるため、最新の適用額を確認する。</p><p class=""related""><strong>関連語</strong><br>労働条件・賃金</p>",社会三年 科目::公民 優先::S 単元::C12 学年::中3
雇用形態と労働者の権利,"<p>正規・非正規などの違いがあっても、労働法による保護が全てなくなるわけではない。</p><p><strong>ポイント</strong><br>仕事内容や責任などを踏まえ、不合理な待遇差をなくすことが重要。</p><p class=""related""><strong>関連語</strong><br>非正規雇用・公正</p>",社会三年 科目::公民 優先::A 単元::C12 学年::中3
ワーク・ライフ・バランス,"<p>仕事と、育児・介護・学び・休養などの生活を調和させること。</p><p><strong>ポイント</strong><br>個人の健康だけでなく、企業や社会の持続性にも関わる。</p><p class=""related""><strong>関連語</strong><br>働き方・生活</p>",社会三年 科目::公民 優先::S 単元::C12 学年::中3
固定費,"<p>生産量が変わっても、短期には大きく変わりにくい費用。</p><p><strong>ポイント</strong><br>店舗の賃料などが例。期間や状況で費用の性格は変わりうる。</p><p class=""related""><strong>関連語</strong><br>企業・費用</p>",社会三年 科目::公民 優先::S 単元::C12 学年::中3
変動費,"<p>材料費など、生産量に応じて変わる費用。</p><p><strong>ポイント</strong><br>売上から材料費だけでなく固定費も差し引いて利益を考える。</p><p class=""related""><strong>関連語</strong><br>企業・生産量</p>",社会三年 科目::公民 優先::S 単元::C12 学年::中3
損益分岐点,"<p>売上と費用が一致し、利益も損失もない生産・販売の水準。</p><p><strong>ポイント</strong><br>固定費、単価、変動費の条件が変われば変化する。</p><p class=""related""><strong>関連語</strong><br>利益・計算</p>",社会三年 科目::公民 優先::S 単元::C12 学年::中3
法人,"<p>法律上、権利や義務の主体として認められた組織。</p><p><strong>ポイント</strong><br>個人そのものとは別の主体として扱われる。</p><p class=""related""><strong>関連語</strong><br>会社・法</p>",社会三年 科目::公民 優先::S 単元::C12 学年::中3
株主総会,"<p>株主が会社の重要事項などについて議決する場。</p><p><strong>ポイント</strong><br>株主と経営者、働く人の役割を分けて理解する。</p><p class=""related""><strong>関連語</strong><br>株式会社・経営</p>",社会三年 科目::公民 優先::S 単元::C12 学年::中3
労働契約,"<p>労働者と使用者が、働くことと賃金などの条件を約束する契約。</p><p><strong>ポイント</strong><br>法律の最低基準を無条件に下回れるわけではない。</p><p class=""related""><strong>関連語</strong><br>雇用・労働条件</p>",社会三年 科目::公民 優先::S 単元::C12 学年::中3
就業規則,"<p>事業場の労働条件や服務の規律などを定める規則。</p><p><strong>ポイント</strong><br>労働組合と使用者が結ぶ労働協約とは性格が違う。</p><p class=""related""><strong>関連語</strong><br>企業・働き方</p>",社会三年 科目::公民 優先::S 単元::C12 学年::中3
労働協約,"<p>労働組合と使用者が、労働条件などについて結ぶ合意。</p><p><strong>ポイント</strong><br>個人の労働契約や事業場の就業規則と区別する。</p><p class=""related""><strong>関連語</strong><br>団体交渉・労働組合</p>",社会三年 科目::公民 優先::S 単元::C12 学年::中3
<ruby>36協定<rp>（</rp><rt>さぶろくきょうてい</rt><rp>）</rp></ruby>,"<p>時間外・休日労働などについて、労働基準法第36条に基づいて結ぶ労使の協定。</p><p><strong>ポイント</strong><br>届出などの条件や上限があり、無制限の残業を認めるものではない。</p><p class=""related""><strong>関連語</strong><br>労働時間・労使</p>",社会三年 科目::公民 優先::S 単元::C12 学年::中3
労働基準監督署,"<p>労働条件や安全・衛生などに関する法の履行を監督する機関。</p><p><strong>ポイント</strong><br>労働組合そのものや裁判所とは異なる。</p><p class=""related""><strong>関連語</strong><br>行政・労働者保護</p>",社会三年 科目::公民 優先::S 単元::C12 学年::中3
労働災害,"<p>仕事に関わって起こるけがや病気など。</p><p><strong>ポイント</strong><br>補償だけでなく、設備・教育・管理による予防も重要。</p><p class=""related""><strong>関連語</strong><br>安全・労働</p>",社会三年 科目::公民 優先::S 単元::C12 学年::中3
職業訓練,"<p>働くために必要な知識や技能を身に付ける訓練。</p><p><strong>ポイント</strong><br>技術の変化や転職に対応し、就業の機会を支える。</p><p class=""related""><strong>関連語</strong><br>人材・雇用</p>",社会三年 科目::公民 優先::S 単元::C12 学年::中3
<ruby>貨幣<rp>（</rp><rt>かへい</rt><rp>）</rp></ruby>,"<p>支払い、価値の比較、価値の保存などに使うお金。</p><p><strong>ポイント</strong><br>物価が変わると、同じ金額で買える物の量も変わる。</p><p class=""related""><strong>関連語</strong><br>交換・価値尺度</p>",社会三年 科目::公民 優先::S 単元::C13 学年::中3
金融,"<p>資金に余裕があるところから、必要とするところへ資金を融通すること。</p><p><strong>ポイント</strong><br>預金・貸出、株式や債券の発行などがある。</p><p class=""related""><strong>関連語</strong><br>資金・経済</p>",社会三年 科目::公民 優先::S 単元::C13 学年::中3
間接金融,"<p>銀行などが預金を集め、借り手へ貸す形の資金の流れ。</p><p><strong>ポイント</strong><br>家計と企業の間に銀行が自らの責任で入る。</p><p class=""related""><strong>関連語</strong><br>預金・貸出</p>",社会三年 科目::公民 優先::S 単元::C13 学年::中3
直接金融,"<p>企業などが株式や債券を発行し、投資家から資金を集めること。</p><p><strong>ポイント</strong><br>証券会社などの仲介が一切ないという意味ではない。</p><p class=""related""><strong>関連語</strong><br>株式・債券</p>",社会三年 科目::公民 優先::S 単元::C13 学年::中3
債券,"<p>国や企業などが資金を借り入れ、返済や利払いなどを約束して発行するもの。</p><p><strong>ポイント</strong><br>株式の出資者という地位とは異なる。条件や発行者によってリスクも違う。</p><p class=""related""><strong>関連語</strong><br>国債・社債</p>",社会三年 科目::公民 優先::S 単元::C13 学年::中3
銀行の主な仕事,"<p>預金、貸出、振込などの決済を行い、資金と支払いの流れを支える。</p><p><strong>ポイント</strong><br>全ての資金を銀行内に現金のまま置いているわけではない。</p><p class=""related""><strong>関連語</strong><br>間接金融・決済</p>",社会三年 科目::公民 優先::S 単元::C13 学年::中3
金利,"<p>借りたお金などに対する利息の割合。</p><p><strong>ポイント</strong><br>金額だけでなく、年率か月率かなど期間も確認する。</p><p class=""related""><strong>関連語</strong><br>元金・利息</p>",社会三年 科目::公民 優先::S 単元::C13 学年::中3
日本銀行,"<p>日本の中央銀行。銀行券の発行や金融政策などを担う。</p><p><strong>ポイント</strong><br>普通の銀行、政府・財務省とは役割が異なる。</p><p class=""related""><strong>関連語</strong><br>中央銀行・物価</p>",社会三年 科目::公民 優先::S 単元::C13 学年::中3
発券銀行,"<p>銀行券を発行する銀行という、日本銀行の役割。</p><p><strong>ポイント</strong><br>日本の硬貨は政府が発行する。</p><p class=""related""><strong>関連語</strong><br>日本銀行券・<ruby>貨幣<rp>（</rp><rt>かへい</rt><rp>）</rp></ruby></p>",社会三年 科目::公民 優先::S 単元::C13 学年::中3
銀行の銀行・政府の銀行,"<p>日本銀行が、金融機関の決済や資金のやり取り、国のお金の受払いなどを担うこと。</p><p><strong>ポイント</strong><br>一般家庭の普通預金を広く扱うという意味ではない。</p><p class=""related""><strong>関連語</strong><br>日本銀行・決済</p>",社会三年 科目::公民 優先::S 単元::C13 学年::中3
金融政策,"<p>中央銀行が金利や金融市場などへ働きかけ、物価の安定などを図る政策。</p><p><strong>ポイント</strong><br>政府の税や支出による財政政策とは違う。</p><p class=""related""><strong>関連語</strong><br>日本銀行・金利</p>",社会三年 科目::公民 優先::S 単元::C13 学年::中3
金融緩和,"<p>資金調達をしやすくするなどして、経済活動を支える方向の金融政策。</p><p><strong>ポイント</strong><br>通常は金利を低くすることなどで消費・投資を促すが、効果は条件による。</p><p class=""related""><strong>関連語</strong><br>不況・投資</p>",社会三年 科目::公民 優先::S 単元::C13 学年::中3
金融引締め,"<p>資金調達を抑制するなどして、経済の過熱や物価上昇を抑える方向の金融政策。</p><p><strong>ポイント</strong><br>通常は金利を高くすることなどが用いられる。</p><p class=""related""><strong>関連語</strong><br>インフレ・金利</p>",社会三年 科目::公民 優先::S 単元::C13 学年::中3
インフレーション,"<p>物価が全体として継続的に上がること。略してインフレ。</p><p><strong>ポイント</strong><br>特定の商品の一時的な値上がりだけとは区別する。</p><p class=""related""><strong>関連語</strong><br>購買力・物価</p>",社会三年 科目::公民 優先::S 単元::C13 学年::中3
デフレーション,"<p>物価が全体として継続的に下がること。略してデフレ。</p><p><strong>ポイント</strong><br>賃金や雇用の悪化、借金の実質負担増を伴う場合がある。</p><p class=""related""><strong>関連語</strong><br>不況・物価</p>",社会三年 科目::公民 優先::S 単元::C13 学年::中3
景気と物価を読む注意点,"<p>生産・雇用・賃金・物価などを組み合わせ、家計や企業への影響を考える。</p><p><strong>ポイント</strong><br>物価が安い、または生産が増えたという一つの条件だけで全員に有利と判断しない。</p><p class=""related""><strong>関連語</strong><br>金融政策・経済判断</p>",社会三年 科目::公民 優先::A 単元::C13 学年::中3
公開市場操作,"<p>中央銀行が国債の売買などを通じて、金融市場へ資金を供給・吸収すること。</p><p><strong>ポイント</strong><br>国債買入れは資金供給、売却は資金吸収の方向。政府の予算のための国債発行と混同しない。</p><p class=""related""><strong>関連語</strong><br>日本銀行・金融政策</p>",社会三年 科目::公民 優先::S 単元::C13 学年::中3
決済,"<p>代金などを支払い、取引上の債務を解消すること。</p><p><strong>ポイント</strong><br>現金の手渡し以外に、口座間の振込などでも行う。</p><p class=""related""><strong>関連語</strong><br>銀行・取引</p>",社会三年 科目::公民 優先::S 単元::C13 学年::中3
預金通貨,"<p>振込など、支払いに使うことができる預金。</p><p><strong>ポイント</strong><br>紙幣や硬貨の現金通貨とは形が異なる。</p><p class=""related""><strong>関連語</strong><br><ruby>貨幣<rp>（</rp><rt>かへい</rt><rp>）</rp></ruby>・銀行</p>",社会三年 科目::公民 優先::S 単元::C13 学年::中3
信用創造,"<p>銀行の貸出しなどを通じて、預金通貨が生まれる働き。</p><p><strong>ポイント</strong><br>返済能力、決済、自己資本や規制などの条件があり、無制限ではない。</p><p class=""related""><strong>関連語</strong><br>銀行・貸出し</p>",社会三年 科目::公民 優先::S 単元::C13 学年::中3
単利と複利,"<p>元金だけを基準に利息を計算する方法と、利息も元金に加えて次の利息を計算する方法。</p><p><strong>ポイント</strong><br>期間が複数になると、同じ利率でも合計額が異なる。</p><p class=""related""><strong>関連語</strong><br>利息・計算</p>",社会三年 科目::公民 優先::S 単元::C13 学年::中3
年率と月率,"<p>利率が一年に対する割合か、一か月に対する割合かという期間の違い。</p><p><strong>ポイント</strong><br>数字が同じでも、利息の負担は同じではない。</p><p class=""related""><strong>関連語</strong><br>金利・契約</p>",社会三年 科目::公民 優先::A 単元::C13 学年::中3
名目金利と実質金利,"<p>金額で示す利率と、物価の変化を考慮した利率。</p><p><strong>ポイント</strong><br>受け取るお金が増えても、買える量が同じだけ増えるとは限らない。</p><p class=""related""><strong>関連語</strong><br>物価・購買力</p>",社会三年 科目::公民 優先::S 単元::C13 学年::中3
消費者物価指数,"<p>家計が購入する財やサービスの価格の動きを、一定の方法でまとめた指数。</p><p><strong>ポイント</strong><br>全商品・全世帯の負担が同じ割合で動くことを意味しない。</p><p class=""related""><strong>関連語</strong><br>物価・統計</p>",社会三年 科目::公民 優先::S 単元::C13 学年::中3
基準年と指数,"<p>基準となる年の値を100などとして、他の時期の水準を比べる表し方。</p><p><strong>ポイント</strong><br>基準年からの変化と前年からの変化を区別する。</p><p class=""related""><strong>関連語</strong><br>統計・比較</p>",社会三年 科目::公民 優先::S 単元::C13 学年::中3
物価水準と物価上昇率,"<p>価格の高さそのものと、前の時期からどれだけ上がったかの割合は別。</p><p><strong>ポイント</strong><br>上昇率が低くなっても、物価が下がったとは限らない。</p><p class=""related""><strong>関連語</strong><br>インフレ・時系列</p>",社会三年 科目::公民 優先::A 単元::C13 学年::中3
金融政策の時間差,"<p>金利などへの働きかけが、投資・消費・物価へ影響するまでに時間がかかること。</p><p><strong>ポイント</strong><br>政策直後の一つの数値だけで、効果を断定しない。</p><p class=""related""><strong>関連語</strong><br>中央銀行・景気</p>",社会三年 科目::公民 優先::A 単元::C13 学年::中3
金利と投資需要,"<p>企業の投資は金利だけでなく、需要の見込みや設備の必要性などにも左右される。</p><p><strong>ポイント</strong><br>金利を下げれば全社が必ず投資するとは限らない。</p><p class=""related""><strong>関連語</strong><br>企業・金融政策</p>",社会三年 科目::公民 優先::A 単元::C13 学年::中3
収益率・期間・リスクの比較,"<p>得られる利益の割合に加え、必要な期間や損失の可能性もそろえて比較すること。</p><p><strong>ポイント</strong><br>過去の利益は将来の利益の保証ではない。</p><p class=""related""><strong>関連語</strong><br>金融・判断</p>",社会三年 科目::公民 優先::A 単元::C13 学年::中3
財政,"<p>国や地方公共団体が収入を得て、公共の目的に支出する活動。</p><p><strong>ポイント</strong><br>資源配分、所得再分配、景気安定化などを担う。</p><p class=""related""><strong>関連語</strong><br>税・公共サービス</p>",社会三年 科目::公民 優先::S 単元::C14 学年::中3
歳入と歳出,"<p>歳入は国や自治体の一年度の収入、歳出は支出。</p><p><strong>ポイント</strong><br>予算は計画、決算は実際の結果。</p><p class=""related""><strong>関連語</strong><br>予算・決算</p>",社会三年 科目::公民 優先::S 単元::C14 学年::中3
公共サービス,"<p>教育・福祉・防災など、公共の利益のために提供されるサービス。</p><p><strong>ポイント</strong><br>経済学でいう公共財と全て同じ範囲ではない。</p><p class=""related""><strong>関連語</strong><br>政府・生活</p>",社会三年 科目::公民 優先::S 単元::C14 学年::中3
公共財,"<p>利用者を排除しにくく、一人の利用が他の人の利用を減らしにくい財・サービス。</p><p><strong>ポイント</strong><br>国の防衛など。公立施設なら何でも純粋な公共財というわけではない。</p><p class=""related""><strong>関連語</strong><br>市場の失敗・政府</p>",社会三年 科目::公民 優先::S 単元::C14 学年::中3
所得再分配,"<p>税や社会保障などを通じ、所得や生活条件の格差を調整すること。</p><p><strong>ポイント</strong><br>全員の収入を完全に同額にすることではない。</p><p class=""related""><strong>関連語</strong><br><ruby>累進課税<rp>（</rp><rt>るいしんかぜい</rt><rp>）</rp></ruby>・社会保障</p>",社会三年 科目::公民 優先::S 単元::C14 学年::中3
国税と地方税,"<p>国税は国が課す税、地方税は地方公共団体が課す税。</p><p><strong>ポイント</strong><br>直接税・間接税とは分類の軸が違う。</p><p class=""related""><strong>関連語</strong><br>所得税・住民税</p>",社会三年 科目::公民 優先::S 単元::C14 学年::中3
直接税,"<p>納税義務者と実際の負担者が、原則として同じとされる税。</p><p><strong>ポイント</strong><br>所得税・法人税・住民税などが代表。</p><p class=""related""><strong>関連語</strong><br>税・納税者</p>",社会三年 科目::公民 優先::S 単元::C14 学年::中3
間接税,"<p>納税義務者と実際の負担者が異なることを想定する税。</p><p><strong>ポイント</strong><br>消費税など。事業者が納め、価格を通じ消費者が負担する仕組み。</p><p class=""related""><strong>関連語</strong><br>消費税・負担</p>",社会三年 科目::公民 優先::S 単元::C14 学年::中3
所得税,"<p>個人の所得に対して国が課す税。</p><p><strong>ポイント</strong><br>所得控除などを踏まえ、累進税率などで計算する。</p><p class=""related""><strong>関連語</strong><br>直接税・<ruby>累進課税<rp>（</rp><rt>るいしんかぜい</rt><rp>）</rp></ruby></p>",社会三年 科目::公民 優先::S 単元::C14 学年::中3
法人税,"<p>会社などの法人の所得に対して国が課す税。</p><p><strong>ポイント</strong><br>売上全体に、そのまま同じ税率を掛ける税ではない。</p><p class=""related""><strong>関連語</strong><br>企業・直接税</p>",社会三年 科目::公民 優先::S 単元::C14 学年::中3
<ruby>累進課税<rp>（</rp><rt>るいしんかぜい</rt><rp>）</rp></ruby>,"<p>所得などが大きくなるにつれて、高い税率が適用される仕組み。</p><p><strong>ポイント</strong><br>超過累進では、段階を超えた部分に高い税率を適用する。</p><p class=""related""><strong>関連語</strong><br>所得税・所得再分配</p>",社会三年 科目::公民 優先::S 単元::C14 学年::中3
税の逆進性,"<p>所得が低い人ほど、所得に対する税負担の割合が高くなりやすい性質。</p><p><strong>ポイント</strong><br>同じ税額を払うことと、同じ重さの負担になることは別。</p><p class=""related""><strong>関連語</strong><br>消費税・公正</p>",社会三年 科目::公民 優先::S 単元::C14 学年::中3
国債,"<p>国が資金を借り入れるために発行する債券。</p><p><strong>ポイント</strong><br><ruby>償還<rp>（</rp><rt>しょうかん</rt><rp>）</rp></ruby>や利払いが必要。使い道と将来の負担を合わせて考える。</p><p class=""related""><strong>関連語</strong><br>財政・借入</p>",社会三年 科目::公民 優先::S 単元::C14 学年::中3
国債費,"<p>国の予算で、国債の<ruby>償還<rp>（</rp><rt>しょうかん</rt><rp>）</rp></ruby>や利払いなどに充てる費用。</p><p><strong>ポイント</strong><br>新たな公共事業の費用と同じではない。</p><p class=""related""><strong>関連語</strong><br>歳出・利払い</p>",社会三年 科目::公民 優先::S 単元::C14 学年::中3
財政政策,"<p>政府が税や公共支出などを通じて経済へ働きかける政策。</p><p><strong>ポイント</strong><br>日本銀行が金利などに働きかける金融政策と区別する。</p><p class=""related""><strong>関連語</strong><br>景気・予算</p>",社会三年 科目::公民 優先::S 単元::C14 学年::中3
予算の評価の観点,"<p>必要性、費用対効果、負担と利益の公正さ、将来の維持費や借入への影響など。</p><p><strong>ポイント</strong><br>一つの費目が増えたことだけで、全ての政策のよしあしを決めない。</p><p class=""related""><strong>関連語</strong><br>財政・効率と公正</p>",社会三年 科目::公民 優先::A 単元::C14 学年::中3
一般会計と特別会計,"<p>国の幅広い政策を扱う会計と、特定の事業や資金などの収支を分けて経理する会計。</p><p><strong>ポイント</strong><br>会計の範囲や相互の資金の移動を確認する。</p><p class=""related""><strong>関連語</strong><br>予算・国の財政</p>",社会三年 科目::公民 優先::S 単元::C14 学年::中3
補正予算,"<p>当初予算の後、事情の変化などに対応して予算を追加・変更するもの。</p><p><strong>ポイント</strong><br>国会の審議・議決が必要。</p><p class=""related""><strong>関連語</strong><br>災害・財政</p>",社会三年 科目::公民 優先::S 単元::C14 学年::中3
決算,"<p>一定期間の実際の収入・支出をまとめたもの。</p><p><strong>ポイント</strong><br>計画である予算と比べ、執行の状況を確かめる。</p><p class=""related""><strong>関連語</strong><br>会計検査・財政</p>",社会三年 科目::公民 優先::S 単元::C14 学年::中3
社会保障関係費,"<p>年金・医療・福祉などの政策に関わる国の支出。</p><p><strong>ポイント</strong><br>一つの予算項目だけで社会保障全体の費用を表すわけではない。</p><p class=""related""><strong>関連語</strong><br>歳出・福祉</p>",社会三年 科目::公民 優先::S 単元::C14 学年::中3
租税法律主義,"<p>税を課したり変更したりすることに、法律などの定めを必要とする原則。</p><p><strong>ポイント</strong><br>行政が根拠なく自由な税額を決める仕組みではない。</p><p class=""related""><strong>関連語</strong><br>憲法第84条・納税</p>",社会三年 科目::公民 優先::S 単元::C14 学年::中3
応能負担,"<p>所得や資産など、負担する能力に応じて費用を分かち合う考え方。</p><p><strong>ポイント</strong><br>受ける利益に応じる応益負担と区別する。</p><p class=""related""><strong>関連語</strong><br>税・公正</p>",社会三年 科目::公民 優先::S 単元::C14 学年::中3
応益負担,"<p>受ける利益に応じて費用を負担する考え方。</p><p><strong>ポイント</strong><br>全ての公共サービスを利用回数だけで負担するのが適切とは限らない。</p><p class=""related""><strong>関連語</strong><br>使用料・公正</p>",社会三年 科目::公民 優先::S 単元::C14 学年::中3
所得控除と税額控除,"<p>課税する所得を求める際に差し引く仕組みと、計算した税額から差し引く仕組み。</p><p><strong>ポイント</strong><br>差し引く対象が異なるため、同額でも税への効果は違う。</p><p class=""related""><strong>関連語</strong><br>税の計算・条件</p>",社会三年 科目::公民 優先::S 単元::C14 学年::中3
課税所得,"<p>所得控除などを踏まえ、税率を適用する対象として計算される所得。</p><p><strong>ポイント</strong><br>収入の総額へ無条件に税率を掛けるわけではない。</p><p class=""related""><strong>関連語</strong><br>所得税・計算</p>",社会三年 科目::公民 優先::S 単元::C14 学年::中3
国債残高,"<p>過去に発行し、まだ返済していない国債などの額。</p><p><strong>ポイント</strong><br>一年度の新しい借入額や利払額とは異なる。</p><p class=""related""><strong>関連語</strong><br>財政・借入れ</p>",社会三年 科目::公民 優先::S 単元::C14 学年::中3
基礎的財政収支,"<p>政策的な経費を税収などで賄えているかを見る財政指標。プライマリーバランスともいう。</p><p><strong>ポイント</strong><br>予算全体の収支や国債残高とは別。資料ごとの定義を確認する。</p><p class=""related""><strong>関連語</strong><br>国債費・財政</p>",社会三年 科目::公民 優先::S 単元::C14 学年::中3
景気の自動安定化,"<p>所得に応じた税や失業時の給付などが、景気変動の影響を和らげる働き。</p><p><strong>ポイント</strong><br>新しい政策を決める財政出動と、既存制度の働きを区別する。</p><p class=""related""><strong>関連語</strong><br>税・社会保障</p>",社会三年 科目::公民 優先::S 単元::C14 学年::中3
社会保障,"<p>病気・老後・失業・生活困窮などに対し、社会全体で生活の安定を支える仕組み。</p><p><strong>ポイント</strong><br>社会保険、<ruby>公的扶助<rp>（</rp><rt>こうてきふじょ</rt><rp>）</rp></ruby>、社会福祉、公衆衛生などからなる。</p><p class=""related""><strong>関連語</strong><br>生存権・生活</p>",社会三年 科目::公民 優先::S 単元::C15 学年::中3
社会保険,"<p>保険料などを出し合い、病気・老後・失業などの際に給付を受ける制度。</p><p><strong>ポイント</strong><br>医療保険・年金・介護保険・雇用保険など。税も使われる。</p><p class=""related""><strong>関連語</strong><br>保険料・給付</p>",社会三年 科目::公民 優先::S 単元::C15 学年::中3
<ruby>公的扶助<rp>（</rp><rt>こうてきふじょ</rt><rp>）</rp></ruby>,"<p>生活に困窮する人の最低限度の生活などを、公費によって保障する仕組み。</p><p><strong>ポイント</strong><br>日本では生活保護が中心。社会保険とは財源や仕組みが異なる。</p><p class=""related""><strong>関連語</strong><br>生活保護・税</p>",社会三年 科目::公民 優先::S 単元::C15 学年::中3
生活保護,"<p>生活に困窮する人に対し、法の要件に基づき最低限度の生活を保障し、自立を助ける制度。</p><p><strong>ポイント</strong><br>実際の利用条件は福祉事務所などの公的窓口へ相談できる。</p><p class=""related""><strong>関連語</strong><br><ruby>公的扶助<rp>（</rp><rt>こうてきふじょ</rt><rp>）</rp></ruby>・生存権</p>",社会三年 科目::公民 優先::S 単元::C15 学年::中3
社会福祉,"<p>子ども、障害のある人、高齢者などの生活や社会参加を支える制度・活動。</p><p><strong>ポイント</strong><br>施設だけでなく、地域で暮らすための支援もある。</p><p class=""related""><strong>関連語</strong><br>福祉サービス・参加</p>",社会三年 科目::公民 優先::S 単元::C15 学年::中3
公衆衛生,"<p>感染症対策、健康づくり、生活環境の整備などで、社会全体の健康を守る取り組み。</p><p><strong>ポイント</strong><br>病気になった一人への治療だけに限らない。</p><p class=""related""><strong>関連語</strong><br>予防・健康</p>",社会三年 科目::公民 優先::S 単元::C15 学年::中3
医療保険,"<p>病気やけがの医療費を、保険料や税などで支え合う制度。</p><p><strong>ポイント</strong><br>自己負担や給付の条件は年齢・所得等で異なる。</p><p class=""related""><strong>関連語</strong><br>社会保険・医療</p>",社会三年 科目::公民 優先::S 単元::C15 学年::中3
公的年金,"<p>老後、障害、家族の死亡などによる生活上のリスクに対し、給付を行う公的な制度。</p><p><strong>ポイント</strong><br>老齢年金だけでなく、障害・遺族年金もある。</p><p class=""related""><strong>関連語</strong><br>社会保険・生活保障</p>",社会三年 科目::公民 優先::S 単元::C15 学年::中3
<ruby>賦課方式<rp>（</rp><rt>ふかほうしき</rt><rp>）</rp></ruby>,"<p>その時期の現役世代の保険料などを、その時期の年金給付へ充てる仕組み。</p><p><strong>ポイント</strong><br>日本の公的年金はこれを基本とし、税や積立金も利用する。</p><p class=""related""><strong>関連語</strong><br>世代間・年金</p>",社会三年 科目::公民 優先::A 単元::C15 学年::中3
介護保険,"<p>介護が必要な人の生活を、保険料や税などで支える制度。</p><p><strong>ポイント</strong><br>家族だけで介護を抱え込まないための仕組みでもある。</p><p class=""related""><strong>関連語</strong><br>高齢化・社会保険</p>",社会三年 科目::公民 優先::S 単元::C15 学年::中3
雇用保険,"<p>失業時の生活や再就職などを支える社会保険。</p><p><strong>ポイント</strong><br>給付には加入や離職等の条件がある。</p><p class=""related""><strong>関連語</strong><br>失業・働く人</p>",社会三年 科目::公民 優先::S 単元::C15 学年::中3
バリアフリー,"<p>移動、情報、制度などの面で、人々の参加を妨げる障壁を取り除くこと。</p><p><strong>ポイント</strong><br>段差だけが障壁ではない。</p><p class=""related""><strong>関連語</strong><br>障害・社会参加</p>",社会三年 科目::公民 優先::S 単元::C15 学年::中3
ユニバーサルデザイン,"<p>初めから、できるだけ多くの人に使いやすいよう設計する考え方。</p><p><strong>ポイント</strong><br>特定の人への個別の配慮と組み合わせることも大切。</p><p class=""related""><strong>関連語</strong><br>設計・多様性</p>",社会三年 科目::公民 優先::S 単元::C15 学年::中3
少子高齢化と社会保障の課題,"<p>給付の必要と財源の関係が変わる中、必要な支援を保障し、負担を公正に分かち合うこと。</p><p><strong>ポイント</strong><br>年齢だけで全員の働き方や生活を決め付けない。</p><p class=""related""><strong>関連語</strong><br>人口・財政</p>",社会三年 科目::公民 優先::A 単元::C15 学年::中3
育児・介護支援と就業の関係,"<p>保育・介護サービスや休暇制度があると、家族が仕事や学びを続けやすくなる。</p><p><strong>ポイント</strong><br>支援の効果は、サービスを直接利用する人だけに限られない。</p><p class=""related""><strong>関連語</strong><br>ワーク・ライフ・バランス・福祉</p>",社会三年 科目::公民 優先::A 単元::C15 学年::中3
社会保障を評価する三つの問い,"<p>必要な人へ届くか、負担と給付が公正か、将来も続けられるかを考える。</p><p><strong>ポイント</strong><br>費用だけでも、給付の大きさだけでも十分な評価にならない。</p><p class=""related""><strong>関連語</strong><br>アクセス・公正・持続可能性</p>",社会三年 科目::公民 優先::A 単元::C15 学年::中3
国民皆保険,"<p>国民が公的な医療保険の仕組みで保障されることを基本とする体制。</p><p><strong>ポイント</strong><br>加入制度と、実際に受診できる条件は分けて考える。</p><p class=""related""><strong>関連語</strong><br>医療・社会保険</p>",社会三年 科目::公民 優先::S 単元::C15 学年::中3
国民皆年金,"<p>国民全体を公的年金の仕組みで支えることを基本とする体制。</p><p><strong>ポイント</strong><br>加入や給付の条件、年金の種類には違いがある。</p><p class=""related""><strong>関連語</strong><br>年金・生活保障</p>",社会三年 科目::公民 優先::S 単元::C15 学年::中3
現金給付,"<p>年金など、金銭を支給して生活を支える給付。</p><p><strong>ポイント</strong><br>サービスとして支える現物給付と方法が異なる。</p><p class=""related""><strong>関連語</strong><br>社会保障・所得</p>",社会三年 科目::公民 優先::S 単元::C15 学年::中3
現物給付,"<p>医療など、必要なサービスの提供などを通じて支える給付。</p><p><strong>ポイント</strong><br>現金を配ることだけで支援の目的が達成されるとは限らない。</p><p class=""related""><strong>関連語</strong><br>医療・福祉</p>",社会三年 科目::公民 優先::S 単元::C15 学年::中3
窓口負担と医療費全体,"<p>患者が支払う額は医療費の一部で、残りは保険料や税などで支えられる場合がある。</p><p><strong>ポイント</strong><br>負担割合は年齢・所得・制度などで異なる。</p><p class=""related""><strong>関連語</strong><br>医療保険・財源</p>",社会三年 科目::公民 優先::A 単元::C15 学年::中3
所得保障,"<p>失業・病気・老後などで収入が減る際、生活に必要な所得を支える働き。</p><p><strong>ポイント</strong><br>医療や介護のサービス提供とは異なる側面をもつ。</p><p class=""related""><strong>関連語</strong><br>社会保障・生活</p>",社会三年 科目::公民 優先::S 単元::C15 学年::中3
サービスの財源と提供体制,"<p>費用を確保することと、人材・施設・交通などを整えて利用可能にすることの両方が必要。</p><p><strong>ポイント</strong><br>予算や給付があるだけで、必要な支援が届くとは限らない。</p><p class=""related""><strong>関連語</strong><br>医療・介護</p>",社会三年 科目::公民 優先::A 単元::C15 学年::中3
予防と治療,"<p>病気や事故を起こりにくくすることと、起きた病気やけがへ対応すること。</p><p><strong>ポイント</strong><br>一方の重要性を理由に、他方の支援をなくせるとは限らない。</p><p class=""related""><strong>関連語</strong><br>健康・公衆衛生</p>",社会三年 科目::公民 優先::S 単元::C15 学年::中3
障害の社会モデル,"<p>本人の状態だけでなく、社会の側の障壁との関係で生活・参加の制約を考える見方。</p><p><strong>ポイント</strong><br>設備や制度・慣行を変えることで参加を支えられる。</p><p class=""related""><strong>関連語</strong><br>合理的配慮・人権</p>",社会三年 科目::公民 優先::S 単元::C15 学年::中3
社会的障壁,"<p>社会で暮らし参加する際に妨げとなる、設備・制度・慣行・偏見など。</p><p><strong>ポイント</strong><br>段差のような物理的な障害だけに限らない。</p><p class=""related""><strong>関連語</strong><br>障害・共生</p>",社会三年 科目::公民 優先::S 単元::C15 学年::中3
世代間と世代内の公正,"<p>年齢層の間の負担・給付と、同じ年齢層の所得や必要の違いを考えること。</p><p><strong>ポイント</strong><br>年齢だけで全員の生活条件を決め付けない。</p><p class=""related""><strong>関連語</strong><br>社会保障・格差</p>",社会三年 科目::公民 優先::A 単元::C15 学年::中3
ノーマライゼーション,"<p>障害のある人なども、地域で暮らし社会へ参加できることを目指す考え方。</p><p><strong>ポイント</strong><br>本人の意思や必要に応じた選択を支える。</p><p class=""related""><strong>関連語</strong><br>福祉・共生</p>",社会三年 科目::公民 優先::S 単元::C15 学年::中3
<ruby>外国為替<rp>（</rp><rt>がいこくかわせ</rt><rp>）</rp></ruby>,"<p>異なる通貨を交換して行う、国際的な支払いなどの仕組み。</p><p><strong>ポイント</strong><br>交換比率を<ruby>為替相場<rp>（</rp><rt>かわせそうば</rt><rp>）</rp></ruby>という。</p><p class=""related""><strong>関連語</strong><br>通貨・国際取引</p>",社会三年 科目::公民 優先::S 単元::C16 学年::中3
<ruby>為替相場<rp>（</rp><rt>かわせそうば</rt><rp>）</rp></ruby>,"<p>異なる通貨を交換する比率。</p><p><strong>ポイント</strong><br>1ドルが何円か、1円が何ドルか、表示の向きを確認する。</p><p class=""related""><strong>関連語</strong><br>円・ドル</p>",社会三年 科目::公民 優先::S 単元::C16 学年::中3
円高,"<p>他の通貨に対する円の価値が上がること。</p><p><strong>ポイント</strong><br>1ドル150円から120円なら、1ドルを少ない円で買えるので円高。</p><p class=""related""><strong>関連語</strong><br><ruby>為替相場<rp>（</rp><rt>かわせそうば</rt><rp>）</rp></ruby>・輸入</p>",社会三年 科目::公民 優先::S 単元::C16 学年::中3
円安,"<p>他の通貨に対する円の価値が下がること。</p><p><strong>ポイント</strong><br>1ドル120円から150円なら、1ドルを買う円が多く必要なので円安。</p><p class=""related""><strong>関連語</strong><br><ruby>為替相場<rp>（</rp><rt>かわせそうば</rt><rp>）</rp></ruby>・輸出</p>",社会三年 科目::公民 優先::S 単元::C16 学年::中3
円高と輸入価格,"<p>ドル価格などが変わらなければ、円高で輸入品を買うための円の額は少なくなる。</p><p><strong>ポイント</strong><br>国内の販売価格が同じ割合ですぐ下がるとは限らない。</p><p class=""related""><strong>関連語</strong><br>円高・価格</p>",社会三年 科目::公民 優先::A 単元::C16 学年::中3
円高と輸出企業の収入,"<p>外貨で受け取る売上が同じなら、円高で円換算の収入は減る。</p><p><strong>ポイント</strong><br>原料価格や海外生産などもあるため、利益への影響は企業ごとに違う。</p><p class=""related""><strong>関連語</strong><br>為替・企業</p>",社会三年 科目::公民 優先::A 単元::C16 学年::中3
関税,"<p>輸入品などに課される税。</p><p><strong>ポイント</strong><br>国内産業を守る面と、消費者・企業の負担となる面がある。</p><p class=""related""><strong>関連語</strong><br>貿易・保護</p>",社会三年 科目::公民 優先::S 単元::C16 学年::中3
自由貿易,"<p>関税や数量制限などの障壁を減らし、国際的な取引を進める考え方・政策。</p><p><strong>ポイント</strong><br>全ての人が同じ利益を得るとは限らず、調整も必要。</p><p class=""related""><strong>関連語</strong><br>国際分業・協定</p>",社会三年 科目::公民 優先::S 単元::C16 学年::中3
保護貿易,"<p>関税や輸入制限などによって、国内の産業を守ろうとする政策。</p><p><strong>ポイント</strong><br>消費者の負担や相手国の対抗措置なども考える。</p><p class=""related""><strong>関連語</strong><br>関税・国内産業</p>",社会三年 科目::公民 優先::S 単元::C16 学年::中3
WTO（世界貿易機関）,"<p>貿易ルールの運用や交渉、貿易紛争の解決などに関わる国際機関。</p><p><strong>ポイント</strong><br>個別の加盟国同士のFTAとは違う。</p><p class=""related""><strong>関連語</strong><br>貿易・国際ルール</p>",社会三年 科目::公民 優先::S 単元::C16 学年::中3
FTA（自由貿易協定）,"<p>特定の国・地域間で、関税など貿易の障壁を減らす協定。</p><p><strong>ポイント</strong><br>例外や移行期間が設けられる場合もある。</p><p class=""related""><strong>関連語</strong><br>自由貿易・協定</p>",社会三年 科目::公民 優先::S 単元::C16 学年::中3
EPA（経済連携協定）,"<p>貿易の自由化に加え、投資、人の移動、協力なども広く扱う協定。</p><p><strong>ポイント</strong><br>FTAより幅広い経済関係を扱う。</p><p class=""related""><strong>関連語</strong><br>投資・国際協力</p>",社会三年 科目::公民 優先::S 単元::C16 学年::中3
比較優位,"<p>別の商品をあきらめる費用で比べたとき、相対的に有利に生産できること。</p><p><strong>ポイント</strong><br>全てを速く作れる国にも、他国との分業の利益が生じうる。</p><p class=""related""><strong>関連語</strong><br>機会費用・国際分業</p>",社会三年 科目::公民 優先::A 単元::C16 学年::中3
国際分業のリスクへの備え,"<p>供給先の分散、必要な在庫、代替輸送などによって、一か所の途絶への弱さを減らす。</p><p><strong>ポイント</strong><br>安さだけでなく、安定供給・人権・環境も評価する。</p><p class=""related""><strong>関連語</strong><br>供給網・経済安全保障</p>",社会三年 科目::公民 優先::A 単元::C16 学年::中3
絶対優位,"<p>同じ資源や時間で、他より多く生産できること。</p><p><strong>ポイント</strong><br>他の生産をあきらめる費用で比べる比較優位とは異なる。</p><p class=""related""><strong>関連語</strong><br>生産性・貿易</p>",社会三年 科目::公民 優先::S 単元::C16 学年::中3
比較優位を機会費用で求める方法,"<p>一つの財を作るために、他の財をどれだけあきらめるかを比べる。</p><p><strong>ポイント</strong><br>全商品の生産量が大きい国にも、分業の利益が生じうる。</p><p class=""related""><strong>関連語</strong><br>機会費用・国際分業</p>",社会三年 科目::公民 優先::A 単元::C16 学年::中3
産業内貿易,"<p>同じ産業に分類される製品を、国同士で互いに輸出入すること。</p><p><strong>ポイント</strong><br>自動車などでも性能や価格の違う製品が取引される。</p><p class=""related""><strong>関連語</strong><br>貿易・製品差</p>",社会三年 科目::公民 優先::S 単元::C16 学年::中3
水平分業と垂直分業,"<p>似た産業段階の製品などを分担する形と、原料・加工など異なる段階を分担する形。</p><p><strong>ポイント</strong><br>実際の生産では複数の形が組み合わさる。</p><p class=""related""><strong>関連語</strong><br>国際分業・工程</p>",社会三年 科目::公民 優先::S 単元::C16 学年::中3
サービス貿易,"<p>旅行・輸送・情報サービスなど、財の売買以外の国際的なサービス取引。</p><p><strong>ポイント</strong><br>商品が箱として国境を通る取引だけを数えるものではない。</p><p class=""related""><strong>関連語</strong><br>国際経済・統計</p>",社会三年 科目::公民 優先::S 単元::C16 学年::中3
経常収支,"<p>貿易・サービス、第一次所得、第二次所得などの対外取引をまとめた収支。</p><p><strong>ポイント</strong><br>物の輸出入だけの貿易収支と同じ範囲ではない。</p><p class=""related""><strong>関連語</strong><br>国際収支・統計</p>",社会三年 科目::公民 優先::S 単元::C16 学年::中3
第一次所得収支,"<p>投資からの利子・配当などの受取りと支払い等を扱う国際収支の区分。</p><p><strong>ポイント</strong><br>商品の輸出代金だけでは対外的な所得を捉えられない。</p><p class=""related""><strong>関連語</strong><br>投資・経常収支</p>",社会三年 科目::公民 優先::S 単元::C16 学年::中3
固定相場制と変動相場制,"<p>一定の交換比率を維持する仕組みと、市場の取引などで相場が動く仕組み。</p><p><strong>ポイント</strong><br>歴史上の固定レートを現在の相場として使わない。</p><p class=""related""><strong>関連語</strong><br>為替・通貨</p>",社会三年 科目::公民 優先::S 単元::C16 学年::中3
外貨建て価格,"<p>ドルなど、自国の通貨以外で示す価格。</p><p><strong>ポイント</strong><br>外貨価格が同じでも、為替が変われば自国通貨での支払額は変わる。</p><p class=""related""><strong>関連語</strong><br>輸入・為替</p>",社会三年 科目::公民 優先::S 単元::C16 学年::中3
輸入費用と価格転嫁,"<p>輸入費用の変化を国内の販売価格へ反映すること。</p><p><strong>ポイント</strong><br>在庫・契約・競争などにより、同じ割合ですぐに変わるとは限らない。</p><p class=""related""><strong>関連語</strong><br>物価・企業</p>",社会三年 科目::公民 優先::A 単元::C16 学年::中3
非関税障壁,"<p>関税以外の制度や条件が国際取引を妨げること。</p><p><strong>ポイント</strong><br>安全・環境の基準が全て不当という意味ではなく、必要性や適用を検討する。</p><p class=""related""><strong>関連語</strong><br>貿易・ルール</p>",社会三年 科目::公民 優先::S 単元::C16 学年::中3
安定供給と調達費用の比較,"<p>供給先の分散などで停止リスクを減らす利益と、価格・管理費用などを比べること。</p><p><strong>ポイント</strong><br>一番安い案が最も安定しているとは限らない。</p><p class=""related""><strong>関連語</strong><br>国際分業・企業</p>",社会三年 科目::公民 優先::A 単元::C16 学年::中3
主権国家,"<p>国内を統治し、他国から独立して対外関係を結ぶ権力をもつ国家。</p><p><strong>ポイント</strong><br>国民主権は国内の主権者が国民であるという原理で、用語の焦点が違う。</p><p class=""related""><strong>関連語</strong><br>領土・国民・主権</p>",社会三年 科目::公民 優先::S 単元::C17 学年::中3
国際法,"<p>条約や国際慣習法などからなる、国際社会のルール。</p><p><strong>ポイント</strong><br>世界政府が全ての法律を一方的に作る仕組みではない。</p><p class=""related""><strong>関連語</strong><br>条約・国家</p>",社会三年 科目::公民 優先::S 単元::C17 学年::中3
条約,"<p>国家間などで結ばれ、国際法上の権利や義務を定める合意。</p><p><strong>ポイント</strong><br>外交で交渉し、各国の手続きに従って締結する。</p><p class=""related""><strong>関連語</strong><br>国際法・外交</p>",社会三年 科目::公民 優先::S 単元::C17 学年::中3
外交,"<p>国家が話し合いや交渉などを通じて、他国との関係を調整する活動。</p><p><strong>ポイント</strong><br>戦争を避け、協力や紛争解決を図る重要な手段。</p><p class=""related""><strong>関連語</strong><br>交渉・平和</p>",社会三年 科目::公民 優先::S 単元::C17 学年::中3
国際連合,"<p>1945年に成立し、平和と安全、人権、開発などに取り組む国際機関。</p><p><strong>ポイント</strong><br>国際連盟とは別の組織。本部はニューヨーク。</p><p class=""related""><strong>関連語</strong><br>国連・国際協力</p>",社会三年 科目::公民 優先::S 単元::C17 学年::中3
国連総会,"<p>国連の全加盟国が参加して議論する機関。原則として一国一票。</p><p><strong>ポイント</strong><br>全ての決議に、各国を強制的に従わせる効力があるわけではない。</p><p class=""related""><strong>関連語</strong><br>国際連合・加盟国</p>",社会三年 科目::公民 優先::S 単元::C17 学年::中3
安全保障理事会,"<p>国際の平和と安全について主要な責任を担う国連の機関。</p><p><strong>ポイント</strong><br>常任5か国と非常任10か国で構成される。</p><p class=""related""><strong>関連語</strong><br>国連・制裁</p>",社会三年 科目::公民 優先::S 単元::C17 学年::中3
常任理事国,"<p>安全保障理事会の常任の5か国。アメリカ・イギリス・フランス・ロシア・中国。</p><p><strong>ポイント</strong><br>現在の非常任理事国とは区別する。</p><p class=""related""><strong>関連語</strong><br>安保理・拒否権</p>",社会三年 科目::公民 優先::S 単元::C17 学年::中3
拒否権,"<p>安保理の手続事項以外の決定で、常任理事国が反対し、成立を妨げることができる権限。</p><p><strong>ポイント</strong><br>棄権は拒否権の行使ではない。</p><p class=""related""><strong>関連語</strong><br>常任理事国・国際協調</p>",社会三年 科目::公民 優先::S 単元::C17 学年::中3
国際司法裁判所,"<p>国家間の法的紛争などを扱う国連の主要な司法機関。オランダのハーグにある。</p><p><strong>ポイント</strong><br>個人を犯罪で裁く国際刑事裁判所とは違う。</p><p class=""related""><strong>関連語</strong><br>ICJ・国際法</p>",社会三年 科目::公民 優先::S 単元::C17 学年::中3
PKO（国連平和維持活動）,"<p>停戦監視などを通じ、紛争地域の平和を維持・支援する国連の活動。</p><p><strong>ポイント</strong><br>任務や原則に従い、軍事・警察・文民などが役割を担う。</p><p class=""related""><strong>関連語</strong><br>平和・国際協力</p>",社会三年 科目::公民 優先::S 単元::C17 学年::中3
UNICEF（国連児童基金）,"<p>子どもの命・健康・教育・権利などを支える国連の基金。</p><p><strong>ポイント</strong><br>UNESCOの教育・科学・文化との重点の違いを確認する。</p><p class=""related""><strong>関連語</strong><br>子ども・国際協力</p>",社会三年 科目::公民 優先::S 単元::C17 学年::中3
UNESCO（国連教育科学文化機関）,"<p>教育・科学・文化などの協力を通じ、平和に貢献する国連の専門機関。</p><p><strong>ポイント</strong><br>世界遺産の保護も仕事の一つだが、それだけではない。</p><p class=""related""><strong>関連語</strong><br>文化・教育</p>",社会三年 科目::公民 優先::S 単元::C17 学年::中3
WHO（世界保健機関）,"<p>国際的な保健や感染症対策などに取り組む国連の専門機関。</p><p><strong>ポイント</strong><br>治療を一国だけで完結させず、情報や対策を共有する。</p><p class=""related""><strong>関連語</strong><br>健康・国際協力</p>",社会三年 科目::公民 優先::S 単元::C17 学年::中3
難民,"<p>迫害のおそれなどにより国境を越え、出身国へ帰れない、または保護を求められない人々。</p><p><strong>ポイント</strong><br>国内避難民や、全ての移住者と同じ分類ではない。</p><p class=""related""><strong>関連語</strong><br>保護・人権</p>",社会三年 科目::公民 優先::S 単元::C17 学年::中3
UNHCR（国連難民高等弁務官事務所）,"<p>難民などの保護や解決策の支援を担う国連機関。</p><p><strong>ポイント</strong><br>人々の安全、権利、帰還や定住などの条件を支える。</p><p class=""related""><strong>関連語</strong><br>難民・国際協力</p>",社会三年 科目::公民 優先::S 単元::C17 学年::中3
軍縮,"<p>兵器や軍備を減らしたり制限したりする取り組み。</p><p><strong>ポイント</strong><br>約束だけでなく、確認や信頼をつくる仕組みが重要。</p><p class=""related""><strong>関連語</strong><br>核兵器・平和</p>",社会三年 科目::公民 優先::S 単元::C17 学年::中3
人間の安全保障,"<p>一人ひとりを深刻な脅威から守り、自ら生活を築く力を発揮できるようにする考え方。</p><p><strong>ポイント</strong><br>国家の防衛だけでなく、貧困・紛争・感染症などを横断して考える。</p><p class=""related""><strong>関連語</strong><br>人権・開発</p>",社会三年 科目::公民 優先::S 単元::C17 学年::中3
非核三原則,"<p>核兵器を持たず・作らず・持ち込ませずという、日本の戦後の政策上の原則。</p><p><strong>ポイント</strong><br>憲法第9条の条文そのものではない。1971年の衆議院決議などに示された。</p><p class=""related""><strong>関連語</strong><br>核兵器・平和主義</p>",社会三年 科目::公民 優先::S 単元::C17 学年::中3
核兵器不拡散条約（NPT）,"<p>核兵器の拡散防止、核軍縮、原子力の平和的利用を柱とする条約。</p><p><strong>ポイント</strong><br>条約上の核兵器国五か国と、実際に核兵器を保有する国の範囲は同一ではない。</p><p class=""related""><strong>関連語</strong><br>軍縮・IAEA・国際協力</p>",社会三年 科目::公民 優先::S 単元::C17 学年::中3
国際慣習法,"<p>一般的な国家の実行が、法として認められることなどによって成立する国際法。</p><p><strong>ポイント</strong><br>似た習慣が複数国にあるだけで、全てが法になるわけではない。</p><p class=""related""><strong>関連語</strong><br>条約・国際法</p>",社会三年 科目::公民 優先::S 単元::C17 学年::中3
国際刑事裁判所（ICC）,"<p>国際的な重大犯罪について、個人の刑事責任を扱う裁判所。</p><p><strong>ポイント</strong><br>国家間の紛争を扱うICJとは役割・制度が違う。</p><p class=""related""><strong>関連語</strong><br>国際法・刑事責任</p>",社会三年 科目::公民 優先::S 単元::C17 学年::中3
国家間の紛争と個人の犯罪,"<p>国同士の権利・義務を争うことと、個人の刑事責任を問うことの違い。</p><p><strong>ポイント</strong><br>国際司法裁判所と国際刑事裁判所を区別する軸。</p><p class=""related""><strong>関連語</strong><br>ICJ・ICC</p>",社会三年 科目::公民 優先::A 単元::C17 学年::中3
国連事務局,"<p>事務総長を長とし、国際連合の活動を支える実務などを担う機関。</p><p><strong>ポイント</strong><br>事務総長一人が国連の全ての政策を決めるわけではない。</p><p class=""related""><strong>関連語</strong><br>国連・組織</p>",社会三年 科目::公民 優先::S 単元::C17 学年::中3
国連分担金,"<p>加盟国が国連の活動費として負担する資金。</p><p><strong>ポイント</strong><br>任意の拠出などとは仕組みが異なり、活動には財源も必要。</p><p class=""related""><strong>関連語</strong><br>国際機関・費用</p>",社会三年 科目::公民 優先::S 単元::C17 学年::中3
専門機関と基金の違い,"<p>国連に関係する組織にも、専門機関、基金・計画など異なる形態がある。</p><p><strong>ポイント</strong><br>役割や財源を確かめ、略称だけで全て同じ組織と扱わない。</p><p class=""related""><strong>関連語</strong><br>WHO・UNICEF</p>",社会三年 科目::公民 優先::A 単元::C17 学年::中3
拒否権と棄権の区別,"<p>安保理の常任理事国の反対は拒否権となりうるが、棄権は同じではない。</p><p><strong>ポイント</strong><br>必要な賛成数も別に満たす必要がある。</p><p class=""related""><strong>関連語</strong><br>安全保障理事会・議決</p>",社会三年 科目::公民 優先::A 単元::C17 学年::中3
国内避難民,"<p>紛争や災害などで住む場所を離れても、国境を越えていない人々。</p><p><strong>ポイント</strong><br>難民の保護の制度とは区別して考える。</p><p class=""related""><strong>関連語</strong><br>人道支援・移動</p>",社会三年 科目::公民 優先::S 単元::C17 学年::中3
無国籍者,"<p>どの国からも、その法律上の国民と認められていない人。</p><p><strong>ポイント</strong><br>難民と同じ定義ではなく、両方に当たる場合もある。</p><p class=""related""><strong>関連語</strong><br>国籍・人権</p>",社会三年 科目::公民 優先::S 単元::C17 学年::中3
人道支援,"<p>危機にある人々の生命や生活を守るため、食料・水・医療・避難場所などを支える活動。</p><p><strong>ポイント</strong><br>必要や安全に応じた支援を考える。</p><p class=""related""><strong>関連語</strong><br>国際協力・災害</p>",社会三年 科目::公民 優先::S 単元::C17 学年::中3
紛争予防,"<p>対話や制度の改善などで、対立が暴力や戦争へ進むことを防ぐ取り組み。</p><p><strong>ポイント</strong><br>軍事的な対応だけが平和を守る方法ではない。</p><p class=""related""><strong>関連語</strong><br>外交・人権</p>",社会三年 科目::公民 優先::S 単元::C17 学年::中3
平和構築,"<p>紛争後などに生活や制度・信頼を立て直し、平和を続けられる条件を整えること。</p><p><strong>ポイント</strong><br>戦闘が止まったことだけで、社会の問題が全て解消するわけではない。</p><p class=""related""><strong>関連語</strong><br>国際協力・復興</p>",社会三年 科目::公民 優先::S 単元::C17 学年::中3
持続可能な開発,"<p>将来の世代の可能性を損なわず、現在の人々の必要にも応えることを目指す開発。</p><p><strong>ポイント</strong><br>環境・経済・社会を相互に関わるものとして考える。</p><p class=""related""><strong>関連語</strong><br>将来世代・公正</p>",社会三年 科目::公民 優先::S 単元::C18 学年::中3
SDGs（持続可能な開発目標）,"<p>2015年に国連で採択された、2030年へ向けた17の目標。</p><p><strong>ポイント</strong><br>貧困・教育・環境などを結び付け、誰一人取り残さないことを目指す。</p><p class=""related""><strong>関連語</strong><br>国際連合・持続可能性</p>",社会三年 科目::公民 優先::S 単元::C18 学年::中3
温室効果ガス,"<p>地球から出る熱を吸収するなどして、地表付近の温度に影響する気体。</p><p><strong>ポイント</strong><br>二酸化炭素・メタンなど。人間活動による増加が温暖化を進める。</p><p class=""related""><strong>関連語</strong><br>気候変動・排出</p>",社会三年 科目::公民 優先::S 単元::C18 学年::中3
地球温暖化,"<p>地球の平均的な気温が長期的に上がること。近年の主な原因は人間活動による温室効果ガスの増加。</p><p><strong>ポイント</strong><br>一日の天気や、一地域の寒さだけでは判断しない。</p><p class=""related""><strong>関連語</strong><br>気候変動・温室効果ガス</p>",社会三年 科目::公民 優先::S 単元::C18 学年::中3
パリ協定,"<p>2015年に採択された、気候変動への国際的な取り組みを定める協定。</p><p><strong>ポイント</strong><br>気温上昇を2℃より十分低く保ち、1.5℃に抑える努力を追求する。</p><p class=""related""><strong>関連語</strong><br>温暖化・国際協力</p>",社会三年 科目::公民 優先::S 単元::C18 学年::中3
緩和策,"<p>温室効果ガスの排出を減らす、吸収を増やすなどして、気候変動を抑える対策。</p><p><strong>ポイント</strong><br>省エネルギーなど。変化への備えである適応策と区別する。</p><p class=""related""><strong>関連語</strong><br>排出削減・気候変動</p>",社会三年 科目::公民 優先::S 単元::C18 学年::中3
適応策,"<p>気候の変化による被害を減らすなど、変化へ備えて対応する対策。</p><p><strong>ポイント</strong><br>暑さ対策や水害への備えなど。緩和策と併用する。</p><p class=""related""><strong>関連語</strong><br>防災・気候変動</p>",社会三年 科目::公民 優先::S 単元::C18 学年::中3
循環型社会,"<p>資源の消費や廃棄物を減らし、再使用・再生利用などを進める社会。</p><p><strong>ポイント</strong><br>回収だけでなく、製造から廃棄までの負担を考える。</p><p class=""related""><strong>関連語</strong><br>3R・資源</p>",社会三年 科目::公民 優先::S 単元::C18 学年::中3
3R,"<p>リデュース、リユース、リサイクルという資源・ごみへの取り組み。</p><p><strong>ポイント</strong><br>まず発生を減らし、繰り返し使い、資源として再生することを考える。</p><p class=""related""><strong>関連語</strong><br>循環型社会・ごみ</p>",社会三年 科目::公民 優先::S 単元::C18 学年::中3
リデュース,"<p>ごみや資源の使用そのものを減らすこと。</p><p><strong>ポイント</strong><br>必要以上に買わない、包装を減らすなど。</p><p class=""related""><strong>関連語</strong><br>3R・発生抑制</p>",社会三年 科目::公民 優先::S 単元::C18 学年::中3
リユース,"<p>物を繰り返し使うこと。</p><p><strong>ポイント</strong><br>そのまま使う再使用と、原料へ戻す再生利用を区別する。</p><p class=""related""><strong>関連語</strong><br>3R・再使用</p>",社会三年 科目::公民 優先::S 単元::C18 学年::中3
リサイクル,"<p>使い終えた物などを、資源として再び利用すること。</p><p><strong>ポイント</strong><br>分別、回収、処理には費用やエネルギーも必要。</p><p class=""related""><strong>関連語</strong><br>3R・再生利用</p>",社会三年 科目::公民 優先::S 単元::C18 学年::中3
ODA（政府開発援助）,"<p>政府や政府機関が行う、開発途上地域の開発などへの支援。</p><p><strong>ポイント</strong><br>無償の援助だけでなく、借款や技術協力などもある。</p><p class=""related""><strong>関連語</strong><br>国際協力・政府</p>",社会三年 科目::公民 優先::S 単元::C18 学年::中3
NGO（非政府組織）,"<p>政府から独立した民間の立場で、国際協力や人権などに取り組む組織。</p><p><strong>ポイント</strong><br>NPOと重なる場合もある。</p><p class=""related""><strong>関連語</strong><br>民間・国際協力</p>",社会三年 科目::公民 優先::S 単元::C18 学年::中3
NPO（非営利組織）,"<p>利益を構成員へ分配することを目的とせず、社会的な活動などを行う組織。</p><p><strong>ポイント</strong><br>収入や有給職員をもつことまで禁止されるわけではない。</p><p class=""related""><strong>関連語</strong><br>市民活動・非営利</p>",社会三年 科目::公民 優先::S 単元::C18 学年::中3
政策提案をまとめる三つの段階,"<p>現状と根拠、複数案の費用・効果・公正、実施後に確かめる指標を整理する。</p><p><strong>ポイント</strong><br>結論だけでなく、他の人が検討できる理由と条件を示す。</p><p class=""related""><strong>関連語</strong><br>資料活用・合意形成</p>",社会三年 科目::公民 優先::A 単元::C18 学年::中3
カーボンニュートラル,"<p>温室効果ガスの排出と吸収・除去などを差し引き、全体として実質ゼロを目指す考え方。</p><p><strong>ポイント</strong><br>対象のガス・活動・地域・期間を明確にする。</p><p class=""related""><strong>関連語</strong><br>脱炭素・環境</p>",社会三年 科目::公民 優先::S 単元::C18 学年::中3
排出原単位,"<p>製品一個や一定の生産額など当たりの排出量。</p><p><strong>ポイント</strong><br>原単位が下がっても、生産量が増えれば総排出量が増える場合がある。</p><p class=""related""><strong>関連語</strong><br>効率・総量</p>",社会三年 科目::公民 優先::S 単元::C18 学年::中3
ライフサイクル評価,"<p>原料から製造・輸送・使用・廃棄まで、製品に関わる段階を通じて環境負担を評価すること。</p><p><strong>ポイント</strong><br>一つの段階だけで商品の環境性能を断定しない。</p><p class=""related""><strong>関連語</strong><br>環境・比較</p>",社会三年 科目::公民 優先::S 単元::C18 学年::中3
食品ロス,"<p>まだ食べられるのに廃棄される食品。</p><p><strong>ポイント</strong><br>安全を守りながら、必要量の調整や保存などで発生を減らす。</p><p class=""related""><strong>関連語</strong><br>資源・消費</p>",社会三年 科目::公民 優先::S 単元::C18 学年::中3
拡大生産者責任,"<p>生産者が、製品の使用後の回収・再利用などにも責任を負うという考え方。</p><p><strong>ポイント</strong><br>消費者の分別だけでなく、設計や回収の仕組みも重要。</p><p class=""related""><strong>関連語</strong><br>循環型社会・製品</p>",社会三年 科目::公民 優先::S 単元::C18 学年::中3
生態系サービス,"<p>自然の生態系がもたらす、食料・水・災害緩和・文化などの恵みや働き。</p><p><strong>ポイント</strong><br>市場で売買される産品だけが自然の価値ではない。</p><p class=""related""><strong>関連語</strong><br>環境・生物多様性</p>",社会三年 科目::公民 優先::S 単元::C18 学年::中3
公正な移行,"<p>産業やエネルギーなどを転換する際、特定の人や地域へ負担が偏らないようにする考え方。</p><p><strong>ポイント</strong><br>雇用・訓練・費用などを環境対策と合わせて検討する。</p><p class=""related""><strong>関連語</strong><br>脱炭素・労働</p>",社会三年 科目::公民 優先::S 単元::C18 学年::中3
相乗効果,"<p>一つの対策などが、複数の目的の達成を互いに助ける効果。</p><p><strong>ポイント</strong><br>同時に別の負担が生じないかも確認する。</p><p class=""related""><strong>関連語</strong><br>SDGs・政策</p>",社会三年 科目::公民 優先::S 単元::C18 学年::中3
環境目標間のトレードオフ,"<p>一つの目標の対策が、他の環境や生活の条件へ負担を生む関係。</p><p><strong>ポイント</strong><br>排出削減だけでなく土地・生態系・住民生活も見る。</p><p class=""related""><strong>関連語</strong><br>政策比較・公正</p>",社会三年 科目::公民 優先::A 単元::C18 学年::中3
技術協力,"<p>人材や技術・制度の能力を育てるなどして、開発を支える協力。</p><p><strong>ポイント</strong><br>資金を渡すことや施設を建てることだけとは違う。</p><p class=""related""><strong>関連語</strong><br>ODA・国際協力</p>",社会三年 科目::公民 優先::S 単元::C18 学年::中3
成果指標,"<p>活動によって達成した変化や効果を確かめるための指標。</p><p><strong>ポイント</strong><br>実施した量と、実際に役立った結果を区別する。</p><p class=""related""><strong>関連語</strong><br>評価・改善</p>",社会三年 科目::公民 優先::S 単元::C18 学年::中3
支援後の維持と現地の意思,"<p>援助による施設や制度を、現地の人々が必要とし維持できる条件を考えること。</p><p><strong>ポイント</strong><br>建設件数だけで国際協力の成功を判断しない。</p><p class=""related""><strong>関連語</strong><br>持続可能性・協力</p>",社会三年 科目::公民 優先::A 単元::C18 学年::中3
北海道,"<p>都道府県庁所在地は<ruby>札幌市<rp>（</rp><rt>さっぽろし</rt><rp>）</rp></ruby>。北海道地方に位置する。</p><p><strong>ポイント</strong><br>地図で位置を確かめ、海や隣接する都道府県と結び付ける。</p><p class=""related""><strong>関連語</strong><br>札幌市・北海道地方</p>",社会三年 科目::地図帳 優先::S 単元::P01 学年::全学年
青森県,"<p>都道府県庁所在地は青森市。東北地方に位置する。</p><p><strong>ポイント</strong><br>地図で位置を確かめ、海や隣接する都道府県と結び付ける。</p><p class=""related""><strong>関連語</strong><br>青森市・東北地方</p>",社会三年 科目::地図帳 優先::S 単元::P02 学年::全学年
岩手県,"<p>都道府県庁所在地は盛岡市。東北地方に位置する。</p><p><strong>ポイント</strong><br>地図で位置を確かめ、海や隣接する都道府県と結び付ける。</p><p class=""related""><strong>関連語</strong><br>盛岡市・東北地方</p>",社会三年 科目::地図帳 優先::S 単元::P03 学年::全学年
宮城県,"<p>都道府県庁所在地は仙台市。東北地方に位置する。</p><p><strong>ポイント</strong><br>地図で位置を確かめ、海や隣接する都道府県と結び付ける。</p><p class=""related""><strong>関連語</strong><br>仙台市・東北地方</p>",社会三年 科目::地図帳 優先::S 単元::P04 学年::全学年
秋田県,"<p>都道府県庁所在地は秋田市。東北地方に位置する。</p><p><strong>ポイント</strong><br>地図で位置を確かめ、海や隣接する都道府県と結び付ける。</p><p class=""related""><strong>関連語</strong><br>秋田市・東北地方</p>",社会三年 科目::地図帳 優先::S 単元::P05 学年::全学年
山形県,"<p>都道府県庁所在地は山形市。東北地方に位置する。</p><p><strong>ポイント</strong><br>地図で位置を確かめ、海や隣接する都道府県と結び付ける。</p><p class=""related""><strong>関連語</strong><br>山形市・東北地方</p>",社会三年 科目::地図帳 優先::S 単元::P06 学年::全学年
福島県,"<p>都道府県庁所在地は福島市。東北地方に位置する。</p><p><strong>ポイント</strong><br>地図で位置を確かめ、海や隣接する都道府県と結び付ける。</p><p class=""related""><strong>関連語</strong><br>福島市・東北地方</p>",社会三年 科目::地図帳 優先::S 単元::P07 学年::全学年
<ruby>茨城県<rp>（</rp><rt>いばらきけん</rt><rp>）</rp></ruby>,"<p>都道府県庁所在地は水戸市。関東地方に位置する。</p><p><strong>ポイント</strong><br>地図で位置を確かめ、海や隣接する都道府県と結び付ける。</p><p class=""related""><strong>関連語</strong><br>水戸市・関東地方</p>",社会三年 科目::地図帳 優先::S 単元::P08 学年::全学年
<ruby>栃木県<rp>（</rp><rt>とちぎけん</rt><rp>）</rp></ruby>,"<p>都道府県庁所在地は<ruby>宇都宮市<rp>（</rp><rt>うつのみやし</rt><rp>）</rp></ruby>。関東地方に位置する。</p><p><strong>ポイント</strong><br>地図で位置を確かめ、海や隣接する都道府県と結び付ける。</p><p class=""related""><strong>関連語</strong><br>宇都宮市・関東地方</p>",社会三年 科目::地図帳 優先::S 単元::P09 学年::全学年
<ruby>群馬県<rp>（</rp><rt>ぐんまけん</rt><rp>）</rp></ruby>,"<p>都道府県庁所在地は前橋市。関東地方に位置する。</p><p><strong>ポイント</strong><br>地図で位置を確かめ、海や隣接する都道府県と結び付ける。</p><p class=""related""><strong>関連語</strong><br>前橋市・関東地方</p>",社会三年 科目::地図帳 優先::S 単元::P10 学年::全学年
<ruby>埼玉県<rp>（</rp><rt>さいたまけん</rt><rp>）</rp></ruby>,"<p>都道府県庁所在地はさいたま市。関東地方に位置する。</p><p><strong>ポイント</strong><br>地図で位置を確かめ、海や隣接する都道府県と結び付ける。</p><p class=""related""><strong>関連語</strong><br>さいたま市・関東地方</p>",社会三年 科目::地図帳 優先::S 単元::P11 学年::全学年
千葉県,"<p>都道府県庁所在地は千葉市。関東地方に位置する。</p><p><strong>ポイント</strong><br>地図で位置を確かめ、海や隣接する都道府県と結び付ける。</p><p class=""related""><strong>関連語</strong><br>千葉市・関東地方</p>",社会三年 科目::地図帳 優先::S 単元::P12 学年::全学年
東京都,"<p>都庁の所在地は新宿区。関東地方に位置する。</p><p><strong>ポイント</strong><br>地図帳や設問では東京・東京都区部と表す場合もある。設問の表記を確認する。</p><p class=""related""><strong>関連語</strong><br>新宿区・関東地方</p>",社会三年 科目::地図帳 優先::S 単元::P13 学年::全学年
神奈川県,"<p>都道府県庁所在地は横浜市。関東地方に位置する。</p><p><strong>ポイント</strong><br>地図で位置を確かめ、海や隣接する都道府県と結び付ける。</p><p class=""related""><strong>関連語</strong><br>横浜市・関東地方</p>",社会三年 科目::地図帳 優先::S 単元::P14 学年::全学年
<ruby>新潟県<rp>（</rp><rt>にいがたけん</rt><rp>）</rp></ruby>,"<p>都道府県庁所在地は新潟市。中部地方に位置する。</p><p><strong>ポイント</strong><br>地図で位置を確かめ、海や隣接する都道府県と結び付ける。</p><p class=""related""><strong>関連語</strong><br>新潟市・中部地方</p>",社会三年 科目::地図帳 優先::S 単元::P15 学年::全学年
富山県,"<p>都道府県庁所在地は富山市。中部地方に位置する。</p><p><strong>ポイント</strong><br>地図で位置を確かめ、海や隣接する都道府県と結び付ける。</p><p class=""related""><strong>関連語</strong><br>富山市・中部地方</p>",社会三年 科目::地図帳 優先::S 単元::P16 学年::全学年
石川県,"<p>都道府県庁所在地は金沢市。中部地方に位置する。</p><p><strong>ポイント</strong><br>地図で位置を確かめ、海や隣接する都道府県と結び付ける。</p><p class=""related""><strong>関連語</strong><br>金沢市・中部地方</p>",社会三年 科目::地図帳 優先::S 単元::P17 学年::全学年
福井県,"<p>都道府県庁所在地は福井市。中部地方に位置する。</p><p><strong>ポイント</strong><br>地図で位置を確かめ、海や隣接する都道府県と結び付ける。</p><p class=""related""><strong>関連語</strong><br>福井市・中部地方</p>",社会三年 科目::地図帳 優先::S 単元::P18 学年::全学年
山梨県,"<p>都道府県庁所在地は<ruby>甲府市<rp>（</rp><rt>こうふし</rt><rp>）</rp></ruby>。中部地方に位置する。</p><p><strong>ポイント</strong><br>地図で位置を確かめ、海や隣接する都道府県と結び付ける。</p><p class=""related""><strong>関連語</strong><br>甲府市・中部地方</p>",社会三年 科目::地図帳 優先::S 単元::P19 学年::全学年
長野県,"<p>都道府県庁所在地は長野市。中部地方に位置する。</p><p><strong>ポイント</strong><br>地図で位置を確かめ、海や隣接する都道府県と結び付ける。</p><p class=""related""><strong>関連語</strong><br>長野市・中部地方</p>",社会三年 科目::地図帳 優先::S 単元::P20 学年::全学年
<ruby>岐阜県<rp>（</rp><rt>ぎふけん</rt><rp>）</rp></ruby>,"<p>都道府県庁所在地は岐阜市。中部地方に位置する。</p><p><strong>ポイント</strong><br>地図で位置を確かめ、海や隣接する都道府県と結び付ける。</p><p class=""related""><strong>関連語</strong><br>岐阜市・中部地方</p>",社会三年 科目::地図帳 優先::S 単元::P21 学年::全学年
静岡県,"<p>都道府県庁所在地は静岡市。中部地方に位置する。</p><p><strong>ポイント</strong><br>地図で位置を確かめ、海や隣接する都道府県と結び付ける。</p><p class=""related""><strong>関連語</strong><br>静岡市・中部地方</p>",社会三年 科目::地図帳 優先::S 単元::P22 学年::全学年
愛知県,"<p>都道府県庁所在地は名古屋市。中部地方に位置する。</p><p><strong>ポイント</strong><br>地図で位置を確かめ、海や隣接する都道府県と結び付ける。</p><p class=""related""><strong>関連語</strong><br>名古屋市・中部地方</p>",社会三年 科目::地図帳 優先::S 単元::P23 学年::全学年
三重県,"<p>都道府県庁所在地は<ruby>津市<rp>（</rp><rt>つし</rt><rp>）</rp></ruby>。近畿地方に位置する。</p><p><strong>ポイント</strong><br>この教材では近畿地方に分類する。東海地方にも含める区分があるので、問題の地域区分を確認する。</p><p class=""related""><strong>関連語</strong><br>津市・近畿地方</p>",社会三年 科目::地図帳 優先::S 単元::P24 学年::全学年
<ruby>滋賀県<rp>（</rp><rt>しがけん</rt><rp>）</rp></ruby>,"<p>都道府県庁所在地は<ruby>大津市<rp>（</rp><rt>おおつし</rt><rp>）</rp></ruby>。近畿地方に位置する。</p><p><strong>ポイント</strong><br>地図で位置を確かめ、海や隣接する都道府県と結び付ける。</p><p class=""related""><strong>関連語</strong><br>大津市・近畿地方</p>",社会三年 科目::地図帳 優先::S 単元::P25 学年::全学年
京都府,"<p>都道府県庁所在地は京都市。近畿地方に位置する。</p><p><strong>ポイント</strong><br>地図で位置を確かめ、海や隣接する都道府県と結び付ける。</p><p class=""related""><strong>関連語</strong><br>京都市・近畿地方</p>",社会三年 科目::地図帳 優先::S 単元::P26 学年::全学年
大阪府,"<p>都道府県庁所在地は大阪市。近畿地方に位置する。</p><p><strong>ポイント</strong><br>地図で位置を確かめ、海や隣接する都道府県と結び付ける。</p><p class=""related""><strong>関連語</strong><br>大阪市・近畿地方</p>",社会三年 科目::地図帳 優先::S 単元::P27 学年::全学年
兵庫県,"<p>都道府県庁所在地は<ruby>神戸市<rp>（</rp><rt>こうべし</rt><rp>）</rp></ruby>。近畿地方に位置する。</p><p><strong>ポイント</strong><br>地図で位置を確かめ、海や隣接する都道府県と結び付ける。</p><p class=""related""><strong>関連語</strong><br>神戸市・近畿地方</p>",社会三年 科目::地図帳 優先::S 単元::P28 学年::全学年
奈良県,"<p>都道府県庁所在地は奈良市。近畿地方に位置する。</p><p><strong>ポイント</strong><br>地図で位置を確かめ、海や隣接する都道府県と結び付ける。</p><p class=""related""><strong>関連語</strong><br>奈良市・近畿地方</p>",社会三年 科目::地図帳 優先::S 単元::P29 学年::全学年
和歌山県,"<p>都道府県庁所在地は和歌山市。近畿地方に位置する。</p><p><strong>ポイント</strong><br>地図で位置を確かめ、海や隣接する都道府県と結び付ける。</p><p class=""related""><strong>関連語</strong><br>和歌山市・近畿地方</p>",社会三年 科目::地図帳 優先::S 単元::P30 学年::全学年
<ruby>鳥取県<rp>（</rp><rt>とっとりけん</rt><rp>）</rp></ruby>,"<p>都道府県庁所在地は鳥取市。中国地方に位置する。</p><p><strong>ポイント</strong><br>地図で位置を確かめ、海や隣接する都道府県と結び付ける。</p><p class=""related""><strong>関連語</strong><br>鳥取市・中国地方</p>",社会三年 科目::地図帳 優先::S 単元::P31 学年::全学年
島根県,"<p>都道府県庁所在地は松江市。中国地方に位置する。</p><p><strong>ポイント</strong><br>地図で位置を確かめ、海や隣接する都道府県と結び付ける。</p><p class=""related""><strong>関連語</strong><br>松江市・中国地方</p>",社会三年 科目::地図帳 優先::S 単元::P32 学年::全学年
岡山県,"<p>都道府県庁所在地は岡山市。中国地方に位置する。</p><p><strong>ポイント</strong><br>地図で位置を確かめ、海や隣接する都道府県と結び付ける。</p><p class=""related""><strong>関連語</strong><br>岡山市・中国地方</p>",社会三年 科目::地図帳 優先::S 単元::P33 学年::全学年
広島県,"<p>都道府県庁所在地は広島市。中国地方に位置する。</p><p><strong>ポイント</strong><br>地図で位置を確かめ、海や隣接する都道府県と結び付ける。</p><p class=""related""><strong>関連語</strong><br>広島市・中国地方</p>",社会三年 科目::地図帳 優先::S 単元::P34 学年::全学年
山口県,"<p>都道府県庁所在地は山口市。中国地方に位置する。</p><p><strong>ポイント</strong><br>地図で位置を確かめ、海や隣接する都道府県と結び付ける。</p><p class=""related""><strong>関連語</strong><br>山口市・中国地方</p>",社会三年 科目::地図帳 優先::S 単元::P35 学年::全学年
徳島県,"<p>都道府県庁所在地は徳島市。四国地方に位置する。</p><p><strong>ポイント</strong><br>地図で位置を確かめ、海や隣接する都道府県と結び付ける。</p><p class=""related""><strong>関連語</strong><br>徳島市・四国地方</p>",社会三年 科目::地図帳 優先::S 単元::P36 学年::全学年
香川県,"<p>都道府県庁所在地は高松市。四国地方に位置する。</p><p><strong>ポイント</strong><br>地図で位置を確かめ、海や隣接する都道府県と結び付ける。</p><p class=""related""><strong>関連語</strong><br>高松市・四国地方</p>",社会三年 科目::地図帳 優先::S 単元::P37 学年::全学年
<ruby>愛媛県<rp>（</rp><rt>えひめけん</rt><rp>）</rp></ruby>,"<p>都道府県庁所在地は松山市。四国地方に位置する。</p><p><strong>ポイント</strong><br>地図で位置を確かめ、海や隣接する都道府県と結び付ける。</p><p class=""related""><strong>関連語</strong><br>松山市・四国地方</p>",社会三年 科目::地図帳 優先::S 単元::P38 学年::全学年
高知県,"<p>都道府県庁所在地は高知市。四国地方に位置する。</p><p><strong>ポイント</strong><br>地図で位置を確かめ、海や隣接する都道府県と結び付ける。</p><p class=""related""><strong>関連語</strong><br>高知市・四国地方</p>",社会三年 科目::地図帳 優先::S 単元::P39 学年::全学年
福岡県,"<p>都道府県庁所在地は福岡市。九州地方（沖縄を含む）に位置する。</p><p><strong>ポイント</strong><br>地図で位置を確かめ、海や隣接する都道府県と結び付ける。</p><p class=""related""><strong>関連語</strong><br>福岡市・九州地方（沖縄を含む）</p>",社会三年 科目::地図帳 優先::S 単元::P40 学年::全学年
佐賀県,"<p>都道府県庁所在地は佐賀市。九州地方（沖縄を含む）に位置する。</p><p><strong>ポイント</strong><br>地図で位置を確かめ、海や隣接する都道府県と結び付ける。</p><p class=""related""><strong>関連語</strong><br>佐賀市・九州地方（沖縄を含む）</p>",社会三年 科目::地図帳 優先::S 単元::P41 学年::全学年
長崎県,"<p>都道府県庁所在地は長崎市。九州地方（沖縄を含む）に位置する。</p><p><strong>ポイント</strong><br>地図で位置を確かめ、海や隣接する都道府県と結び付ける。</p><p class=""related""><strong>関連語</strong><br>長崎市・九州地方（沖縄を含む）</p>",社会三年 科目::地図帳 優先::S 単元::P42 学年::全学年
熊本県,"<p>都道府県庁所在地は熊本市。九州地方（沖縄を含む）に位置する。</p><p><strong>ポイント</strong><br>地図で位置を確かめ、海や隣接する都道府県と結び付ける。</p><p class=""related""><strong>関連語</strong><br>熊本市・九州地方（沖縄を含む）</p>",社会三年 科目::地図帳 優先::S 単元::P43 学年::全学年
<ruby>大分県<rp>（</rp><rt>おおいたけん</rt><rp>）</rp></ruby>,"<p>都道府県庁所在地は大分市。九州地方（沖縄を含む）に位置する。</p><p><strong>ポイント</strong><br>地図で位置を確かめ、海や隣接する都道府県と結び付ける。</p><p class=""related""><strong>関連語</strong><br>大分市・九州地方（沖縄を含む）</p>",社会三年 科目::地図帳 優先::S 単元::P44 学年::全学年
宮崎県,"<p>都道府県庁所在地は宮崎市。九州地方（沖縄を含む）に位置する。</p><p><strong>ポイント</strong><br>地図で位置を確かめ、海や隣接する都道府県と結び付ける。</p><p class=""related""><strong>関連語</strong><br>宮崎市・九州地方（沖縄を含む）</p>",社会三年 科目::地図帳 優先::S 単元::P45 学年::全学年
鹿児島県,"<p>都道府県庁所在地は鹿児島市。九州地方（沖縄を含む）に位置する。</p><p><strong>ポイント</strong><br>地図で位置を確かめ、海や隣接する都道府県と結び付ける。</p><p class=""related""><strong>関連語</strong><br>鹿児島市・九州地方（沖縄を含む）</p>",社会三年 科目::地図帳 優先::S 単元::P46 学年::全学年
沖縄県,"<p>都道府県庁所在地は<ruby>那覇市<rp>（</rp><rt>なはし</rt><rp>）</rp></ruby>。九州地方（沖縄を含む）に位置する。</p><p><strong>ポイント</strong><br>地図で位置を確かめ、海や隣接する都道府県と結び付ける。</p><p class=""related""><strong>関連語</strong><br>那覇市・九州地方（沖縄を含む）</p>",社会三年 科目::地図帳 優先::S 単元::P47 学年::全学年
