長さの測り方,"ものさしの0の線を物体の端に合わせ、目盛りを正面から読む。端が0に合わないときは、両端の値の差を求める。単位を必ず付け、1 cm＝10 mm、1 m＝100 cmとして換算する。<div class=""links""><b>関連語：</b>目盛り／単位換算／測定誤差</div>"
光の直進,"光は同じ物質の中ではまっすぐ進む。小さな穴を通した光の筋や、影ができることから確かめられる。光線は光の進む道筋を矢印付きの線で表したもの。<div class=""links""><b>関連語：</b>影／光線／反射</div>"
影のでき方,"光源からの光が不透明な物体にさえぎられた場所に影ができる。光源に物体を近づけるほど影は大きくなりやすい。半透明な物体は一部の光を通す。<div class=""links""><b>関連語：</b>光の直進／光源／透明・不透明</div>"
音の正体,"音は物体の振動によって生じ、その振動が周囲へ伝わる現象。音を出している物体を音源という。音叉を水面に触れさせると水が飛び、振動を確かめられる。<div class=""links""><b>関連語：</b>振動／音源／音の波</div>"
電気の通り道,"乾電池の＋極から導線・豆電球などを通り、−極まで切れ目なくつながった道を回路という。どこか一か所でも切れると電流は流れない。<div class=""links""><b>関連語：</b>回路／電流／スイッチ</div>"
導体と不導体,"電流を通しやすい物質が導体、通しにくい物質が不導体。金属や黒鉛は導体、ガラス・ゴム・乾いた木などは不導体。金属だけが導体とは限らない。<div class=""links""><b>関連語：</b>電流／金属／絶縁体</div>"
磁石の極,"磁石で力が最も強い両端をN極・S極という。同じ極どうしはしりぞけ合い、異なる極どうしは引き合う。磁石を切ってもN極だけにはならず、各片に両極ができる。<div class=""links""><b>関連語：</b>磁力／磁界／電磁石</div>"
磁石につく物質,"鉄・ニッケル・コバルトなどは磁石に強く引かれる。金属でもアルミニウムや銅はふつう磁石につかないため、「金属は全部つく」は誤り。<div class=""links""><b>関連語：</b>鉄／磁力／金属</div>"
方位磁針,"小さな磁石が南北を向く器具。色の付いたN極がおよそ北を指すのは、地球自体が磁界を作るため。近くに磁石や電流があると、その磁界の向きを示す。<div class=""links""><b>関連語：</b>地磁気／磁界／N極</div>"
形を変えた物の重さ,"同じ物なら、丸める・伸ばす・置き方を変えるなど形を変えても重さは変わらない。ちぎれた一部を失ったり、別の物を加えたりすれば、その出入りの分だけ変わる。<div class=""links""><b>関連語：</b>質量／保存／測定</div>"
同じ体積の物の重さ,"体積が同じでも、材料が違えば重さは異なる。大きさと形をそろえ、材料だけを変えてはかりで比べると、体積の大小と重さを混同せずに調べられる。<div class=""links""><b>関連語：</b>材料／体積／質量／密度</div>"
風の強さと車の進む距離,"同じ車・帆・床・出発位置で風の強さだけを変えると、強い風ほど車を動かす力が大きくなり、一般に進む距離も長くなる。送風時間など他の条件はそろえる。<div class=""links""><b>関連語：</b>風の力／移動距離／条件制御／公平な実験</div>"
ゴムを伸ばす長さと車の進む距離,"同じゴム・車・床・出発位置でゴムを伸ばす長さだけを変えると、安全な範囲では長く伸ばすほど車を動かす力が大きくなり、一般に進む距離も長くなる。人へ向けず、伸ばしすぎない。<div class=""links""><b>関連語：</b>ゴムの力／移動距離／弾性／条件制御</div>"
鏡で反射する日光,"鏡に当たった日光は向きを変えて進み、鏡の向きを変えると反射した光が届く場所も変わる。日光は直進するので、鏡の向きと明るい部分の位置を対応させて調べる。<div class=""links""><b>関連語：</b>鏡／反射／日光／光の直進</div>"
日光を集めたときの明るさと暖かさ,"鏡で反射した日光を重ねたり虫眼鏡で集めたりすると、光が集まった所は明るくなり、温度も上がる。太陽や強い光を直接見ず、人・生物・燃えやすい物へ光を集めない。<div class=""links""><b>関連語：</b>集光／明るさ／温度／観察安全</div>"
磁石につけた鉄が磁石になる現象,"鉄のくぎなどを磁石につけると、その鉄も別の鉄を引き付けることがある。このように物が磁石の性質をもつことを磁化といい、磁石から離すと弱まったり、しばらく残ったりする。<div class=""links""><b>関連語：</b>磁化／鉄／磁力／磁極</div>"
ルーペの使い方,"ルーペを目に近づけて固定し、観察物を前後に動かしてピントを合わせる。動かせない物は、ルーペを目につけたまま顔ごと近づく。太陽を絶対に見てはいけない。<div class=""links""><b>関連語：</b>観察／焦点／<ruby>顕微鏡<rp>（</rp><rt>けんびきょう</rt><rp>）</rp></ruby>／安全</div>"
植物の生活環,"種子→発芽→成長→開花→受粉・受精→果実・種子という循環。種子が散布され、次世代が新しい場所で育つことで生活環が続く。<div class=""links""><b>関連語：</b>発芽／開花／受精／種子散布</div>"
昆虫の体のつくり,"体は頭・胸・腹の3部に分かれ、胸に3対6本の脚がある。多くは胸に2対の<ruby>翅<rp>（</rp><rt>はね</rt><rp>）</rp></ruby>をもち、頭に1対の触角がある。クモは脚が4対で昆虫ではない。<div class=""links""><b>関連語：</b>頭部／胸部／腹部／<ruby>節足動物<rp>（</rp><rt>せっそくどうぶつ</rt><rp>）</rp></ruby></div>"
完全変態と不完全変態,"完全変態は卵→幼虫→さなぎ→成虫（チョウ・カブトムシなど）。不完全変態はさなぎを経ず、卵→幼虫→成虫（バッタ・トンボなど）。成長段階の順序で区別する。<div class=""links""><b>関連語：</b>幼虫／さなぎ／成虫／昆虫</div>"
太陽の位置と影,"太陽は東から南の空を通って西へ動いて見え、影は太陽と反対側へ伸びる。日本では南中時に太陽が真南付近にあり、影は真北付近で最も短くなる。<div class=""links""><b>関連語：</b>日周運動／南中／影／方位</div>"
太陽を安全に観察する方法,"太陽観察用の遮光板や投影法を用いる。肉眼、双眼鏡、望遠鏡で直接見てはいけない。色付き下敷きやすすをつけたガラスも安全な代用品ではない。<div class=""links""><b>関連語：</b>遮光板／投影法／日食／安全</div>"
日なたと日陰の地面の温度,"同じ時刻なら、日光が当たる日なたの地面は、日光が遮られた日陰より温度が高くなりやすい。同じ種類・状態の地面で、同じ時刻・深さ・器具にそろえて測る。<div class=""links""><b>関連語：</b>日光／地面の温度／日陰／条件制御</div>"
直列つなぎ,"部品を分かれ道のない一本道につなぐ方法。豆電球2個の直列では同じ電流が順に流れ、一方を外すと全体が消える。乾電池の直列つなぎでは電圧が加わる。<div class=""links""><b>関連語：</b>並列つなぎ／電流／電圧</div>"
並列つなぎ,"回路に分かれ道を作って部品をつなぐ方法。枝分かれした各部分には同じ電圧がかかり、一方の豆電球を外しても他方は点灯する。家庭の器具も並列につながる。<div class=""links""><b>関連語：</b>直列つなぎ／電圧／家庭回路</div>"
乾電池の直列つなぎ,"一方の＋極と他方の−極をつなぐ。向きをそろえた2個なら電圧は1個の約2倍になり、豆電球は明るくなりやすい。逆向きにつなぐと電圧が打ち消し合う。<div class=""links""><b>関連語：</b>電圧／直列回路／極性</div>"
乾電池の並列つなぎ,"＋極どうし、−極どうしをつなぐ。同種・同容量・同じ使用状態の電池を同じ向きでつなぐと、電圧は1個とほぼ同じで同じ器具を長く動かせる。新旧・異種の電池を混ぜるのは危険。<div class=""links""><b>関連語：</b>並列回路／電圧／電池容量</div>"
ショート回路,"電池の＋極と−極を抵抗の小さい導線で直接つなぐ状態。非常に大きな電流が流れて導線や電池が発熱し、火災や破裂の危険がある。実験で行わない。<div class=""links""><b>関連語：</b>電気抵抗／発熱／過電流</div>"
熱伝導,"物質そのものが大きく移動せず、隣り合う部分へ熱が伝わる現象。金属は熱を伝えやすく、木や空気は伝えにくい。金属棒の一端を熱すると順に温まる。<div class=""links""><b>関連語：</b>導体／断熱／温度差</div>"
対流,"多くの液体・気体では、温まった部分が膨張して密度が小さくなり上昇し、冷たい部分が下降して全体に熱を運ぶ。固体では対流しない。水の0〜4℃付近など例外もある。<div class=""links""><b>関連語：</b>密度／熱膨張／流体</div>"
熱膨張,"多くの物質は温めると体積が増え、冷やすと減る。橋やレールにすき間を設けるのは膨張による変形を防ぐため。質量は温めただけでは変わらない。<div class=""links""><b>関連語：</b>温度／体積／密度</div>"
閉じ込めた空気を押す,"出口をふさいだ注射器の空気を押すと、体積が小さくなり押し返す力が強くなる。手を離すと元へ戻ろうとする。針のない注射器を人へ向けず、無理な力を加えない。<div class=""links""><b>関連語：</b>圧縮／体積／圧力</div>"
閉じ込めた水を押す,"水で満たして出口をふさいだ注射器は、押しても水の体積がほぼ変わらない。気泡や漏れがあると結果が変わる。針のない注射器を人へ向けず、無理な力を加えない。<div class=""links""><b>関連語：</b>圧縮／液体／条件制御</div>"
空気と水の圧縮の違い,"空気は押すと体積が小さくなるが、水は非常に圧縮されにくい。空気は粒子間のすき間が大きく、水では粒子が近くにあると考えると説明できる。<div class=""links""><b>関連語：</b>粒子モデル／体積／圧力</div>"
乾電池の向きとモーターの回転,"同じ回路で乾電池の＋極と−極を逆につなぐと、電流の向きが逆になり、モーターの回転方向も逆になる。向き以外の条件をそろえ、乾電池の両極を導線だけで結ばない。<div class=""links""><b>関連語：</b>乾電池／電流の向き／モーター／ショート回路</div>"
固体・液体・気体,"固体は形と体積がほぼ一定、液体は体積がほぼ一定で容器に合わせて形が変わり、気体は形も体積も容器全体へ広がる。同じ物質でも温度で状態が変わる。<div class=""links""><b>関連語：</b>状態変化／粒子／温度</div>"
状態変化,"物質が温度によって固体・液体・気体の間を変わること。物質の種類は変わらないので物理変化であり、基本的に全体の質量も変わらない。<div class=""links""><b>関連語：</b><ruby>融解<rp>（</rp><rt>ゆうかい</rt><rp>）</rp></ruby>／気化／<ruby>凝固<rp>（</rp><rt>ぎょうこ</rt><rp>）</rp></ruby></div>"
蒸発,"液体の表面から粒子が飛び出して気体になる現象で、<ruby>沸点<rp>（</rp><rt>ふってん</rt><rp>）</rp></ruby>より低い温度でも起こる。温度が高い、表面積が大きい、風がある、湿度が低いほど速く進む。<div class=""links""><b>関連語：</b>気化／湿度／表面積</div>"
<ruby>沸騰<rp>（</rp><rt>ふっとう</rt><rp>）</rp></ruby>,"液体内部からも気泡が生じ、液体全体で気化する現象。<ruby>沸点<rp>（</rp><rt>ふってん</rt><rp>）</rp></ruby>は物質と気圧で決まり、純物質では沸騰中の温度がほぼ一定。水中の気泡は空気とは限らず主に水蒸気。<div class=""links""><b>関連語：</b>沸点／水蒸気／気圧</div>"
季節による生物の変化,"日長・気温・水分などの季節変化に応じ、発芽・開花・落葉・冬眠・渡りなどが起こる。同じ場所を同じ方法で継続観察すると、変化と環境条件の関係を比べられる。<div class=""links""><b>関連語：</b>日長／気温／開花／冬眠</div>"
骨と筋肉による運動,"骨は体を支え内臓を守り、関節で動く。筋肉は縮むことはできるが自ら押し伸ばせないので、関節をはさんで反対向きにはたらく筋肉が対になり、交互に縮んで曲げ伸ばしする。<div class=""links""><b>関連語：</b>骨格／関節／筋肉／腱</div>"
気温の正しい測り方,"温度計の液だめを地面から約1.2〜1.5 mの高さにし、直射日光を避け、風通しのよい場所で測る。目盛りは液柱の先と目の高さをそろえて読む。温度計を手で包まない。<div class=""links""><b>関連語：</b>温度計／<ruby>百葉箱<rp>（</rp><rt>ひゃくようばこ</rt><rp>）</rp></ruby>／直射日光／観測</div>"
<ruby>百葉箱<rp>（</rp><rt>ひゃくようばこ</rt><rp>）</rp></ruby>,"気温などを正しく測るための白い箱。直射日光や雨を防ぎつつ風を通し、地面からの熱の影響も小さくする。白色は日射を吸収しにくくするため。<div class=""links""><b>関連語：</b>気温／温度計／風通し／日射</div>"
自然界の水の循環,"海・地面・植物から水が蒸発・<ruby>蒸散<rp>（</rp><rt>じょうさん</rt><rp>）</rp></ruby>し、水蒸気が冷えて雲になり、雨や雪として地上へ戻る。川や地下水として海へ流れる。水は形と場所を変えながら循環する。<div class=""links""><b>関連語：</b>蒸発／<ruby>凝結<rp>（</rp><rt>ぎょうけつ</rt><rp>）</rp></ruby>／雲／降水</div>"
月の見える位置の変化,"同じ日の数時間では月は東から西へ動いて見える。一方、毎日同じ時刻に観察すると、月は前日より東側に見える。地球の自転と月の公転という別の運動を区別する。<div class=""links""><b>関連語：</b>日周運動／月の公転／自転／観察時刻</div>"
星の日周運動,"星は時間とともに東から西へ動いて見える。星座をつくる星の並び方は保たれたまま、星座全体の位置が変わる。北の空では北極星付近を中心に反時計回りに回るように見え、主因は地球の自転である。<div class=""links""><b>関連語：</b>地球の自転／北極星／日周運動／星座</div>"
雨水が流れ集まる向き,"地面に降った雨水は、地面の傾きに沿って高い所から低い所へ流れ、くぼみや水路へ集まる。水たまりの位置や水の通った跡を観察すると、地面の高低を確かめられる。<div class=""links""><b>関連語：</b>地面の傾き／低い所／水たまり／排水</div>"
土の粒と水のしみ込みを比べる実験,"同じ量・厚さ・詰め方の土へ同量の水を注ぎ、しみ込む時間や通り抜けた水量を比べる。一般に粗い粒の土は隙間が大きくしみ込みやすいが、土の締まり方や混ざり方でも変わる。<div class=""links""><b>関連語：</b>土の粒／隙間／しみ込み／公平な実験</div>"
星の明るさと色の違い,"星には明るく見えるものと暗く見えるものがあり、白・青白・黄・赤っぽいものなど色にも違いがある。同じ時刻・場所で観察し、明るさや色を記録して比べる。<div class=""links""><b>関連語：</b>星／明るさ／色／星座</div>"
体積,"物体が占める空間の大きさ。液体はメスシリンダーで測り、単位にはmL、cm³、Lなどを使う。1 mL＝1 cm³、1 L＝1000 mLである。<div class=""links""><b>関連語：</b>メスシリンダー／密度／単位換算</div>"
電磁石,"鉄心に巻いたコイルへ電流を流して磁石にしたもの。電流を止めると磁力がほぼなくなり、電流の向きを逆にするとN極とS極が入れ替わる。<div class=""links""><b>関連語：</b>コイル／電流／鉄心</div>"
電磁石を強くする方法,"コイルの巻き数を増やす、流す電流を大きくする、適切な鉄心を入れると強くなる。乾電池を増やすなら向きをそろえた直列つなぎにする。<div class=""links""><b>関連語：</b>巻き数／電流／鉄心</div>"
振り子の1往復,"振り子が一方の端から反対側の端へ行き、再び元の端へ戻るまでが1往復。中央を通過しただけでは半往復であり、数え始める位置をそろえる。<div class=""links""><b>関連語：</b>振り子／周期／往復回数</div>"
振り子の周期,"振り子が1往復する時間。例えば10往復に18.0秒かかったなら、周期は18.0÷10＝1.80秒。往復数ではなく片道の回数で割らない。<div class=""links""><b>関連語：</b>1往復／時間／往復回数</div>"
振り子の周期を変える条件,"糸が長い振り子ほど周期は長くなる。比べる長さは支点からおもりの中心までとし、おもりの重さや最初の振れ幅などはそろえて調べる。<div class=""links""><b>関連語：</b>振り子の長さ／周期／条件制御</div>"
振り子の周期を変えない条件,"小学校で扱う範囲では、振り子の長さが同じなら、おもりの重さを変えても周期は変わらない。振れ幅も極端に大きくなければ、周期への影響はほとんどないとして扱う。<div class=""links""><b>関連語：</b>おもりの重さ／振れ幅／振り子の長さ</div>"
溶ける,"物質の粒子が液体中へ均一に広がり、見えない大きさで混ざること。なくなったのではなく、溶液を蒸発させれば多くの場合取り出せる。沈んだだけ、融けただけとは異なる。<div class=""links""><b>関連語：</b>溶解／水溶液／結晶</div>"
水溶液の均一性と透明性,"<ruby>溶質<rp>（</rp><rt>ようしつ</rt><rp>）</rp></ruby>が水中へ均一に広がり、どの部分も同じ濃さの透明な液体が水溶液。色があっても透明なものがあり、「無色」とは別。温度・水量が変わらず溶解度以内なら溶質だけが沈まない。<div class=""links""><b>関連語：</b>均一／透明／溶質</div>"
溶解と質量保存,"<ruby>溶質<rp>（</rp><rt>ようしつ</rt><rp>）</rp></ruby>を水に完全に溶かしても、溶液の質量＝溶質の質量＋水の質量。粒子が見えなくなるだけで消滅しない。こぼれたり気体が逃げたりしない条件で成り立つ。<div class=""links""><b>関連語：</b>質量保存／粒子／水溶液</div>"
蒸発による取り出し,"溶液から<ruby>溶媒<rp>（</rp><rt>ようばい</rt><rp>）</rp></ruby>を気化させ、<ruby>溶質<rp>（</rp><rt>ようしつ</rt><rp>）</rp></ruby>を残す操作。食塩水から食塩を得られる。強く加熱すると飛散するため、少量になったら弱め、蒸発皿を冷ましてから扱う。<div class=""links""><b>関連語：</b>結晶／気化／溶質</div>"
結晶,"原子・分子・イオンなどが規則正しく並んだ固体。水溶液を冷やす、または水を蒸発させて<ruby>溶質<rp>（</rp><rt>ようしつ</rt><rp>）</rp></ruby>を取り出すとできる。物質ごとに特徴的な形を示すことがある。<div class=""links""><b>関連語：</b><ruby>再結晶<rp>（</rp><rt>さいけっしょう</rt><rp>）</rp></ruby>／<ruby>溶解度<rp>（</rp><rt>ようかいど</rt><rp>）</rp></ruby>／粒子</div>"
発芽,"種子から根や芽が出て成長を始めること。発芽に必要なのは適当な温度・水・空気（酸素）で、光や土は一般に必須ではない。条件を一つずつ変える対照実験で確かめる。<div class=""links""><b>関連語：</b>種子／水／酸素／対照実験</div>"
発芽条件を調べる実験,"調べたい条件だけを変え、種子の種類・数・置く期間などをそろえる。水の有無、空気の有無、温度の違いを別々に比べる。結果が一粒だけでは偶然の影響が大きいので、複数の種子を使う。<div class=""links""><b>関連語：</b>発芽／対照実験／変える条件／そろえる条件</div>"
<ruby>子葉<rp>（</rp><rt>しよう</rt><rp>）</rp></ruby>,"種子の<ruby>胚<rp>（</rp><rt>はい</rt><rp>）</rp></ruby>に含まれる最初の葉。発芽後に地上へ出るものも、種子内に残るものもある。インゲンマメでは厚い<ruby>子葉<rp>（</rp><rt>しよう</rt><rp>）</rp></ruby>に養分が蓄えられ、トウモロコシでは主な養分は<ruby>胚乳<rp>（</rp><rt>はいにゅう</rt><rp>）</rp></ruby>にあり、子葉は1枚である。<div class=""links""><b>関連語：</b>胚乳／発芽／<ruby>双子葉類<rp>（</rp><rt>そうしようるい</rt><rp>）</rp></ruby>／<ruby>単子葉類<rp>（</rp><rt>たんしようるい</rt><rp>）</rp></ruby></div>"
種子に蓄えられた養分,"発芽直後はまだ十分に光合成できないため、種子内のデンプン・脂肪・タンパク質などを呼吸で利用する。ヨウ素液で青紫色になればデンプンがあると分かる。<div class=""links""><b>関連語：</b>デンプン／ヨウ素液／呼吸／発芽</div>"
発芽後に植物が大きくなる条件,"発芽後の植物は、根から水と無機養分を吸収し、葉で光合成して有機物をつくる。十分な光・水・適温に加え、長く育つには無機養分も必要である。<div class=""links""><b>関連語：</b>光合成／根／水／無機養分</div>"
花の基本的なつくり,"外側から、がく・花弁・おしべ・めしべが基本である。おしべのやくで花粉ができ、めしべの先端の柱頭に花粉がつくと受粉する。<div class=""links""><b>関連語：</b>がく／花弁／おしべ／めしべ</div>"
受粉,"おしべのやくでできた花粉が、めしべの柱頭につくこと。虫・風・鳥などが花粉を運ぶ。受粉後に受精が起こると、<ruby>胚珠<rp>（</rp><rt>はいしゅ</rt><rp>）</rp></ruby>は種子に、<ruby>子房<rp>（</rp><rt>しぼう</rt><rp>）</rp></ruby>は果実になる。<div class=""links""><b>関連語：</b>花粉／柱頭／受精／種子</div>"
果実と種子のでき方,"受粉後、花粉から花粉管が伸びて受精が起こる。めしべの<ruby>子房<rp>（</rp><rt>しぼう</rt><rp>）</rp></ruby>が果実に、子房内の<ruby>胚珠<rp>（</rp><rt>はいしゅ</rt><rp>）</rp></ruby>が種子になる。リンゴの食べる部分の多くのように、子房以外が発達する例もある。<div class=""links""><b>関連語：</b>子房／胚珠／受粉／受精</div>"
メダカの受精と発生,"雄の精子と雌の卵が体外で受精し、受精卵の中で心臓・血管・目などができて<ruby>孵化<rp>（</rp><rt>ふか</rt><rp>）</rp></ruby>する。水温が適切なら発生が進むが、日数は温度で変わる。<div class=""links""><b>関連語：</b>受精卵／体外受精／発生／孵化</div>"
人の誕生まで,"精子と卵が受精して受精卵となり、細胞分裂を繰り返して子宮内で育つ。胎児は胎盤とへその緒を通じ、母体から酸素と養分を受け取り、二酸化炭素などを渡す。血液そのものが直接混ざるわけではない。<div class=""links""><b>関連語：</b>受精卵／子宮／胎盤／へその緒</div>"
天気と雲量,"空全体を10とした雲の覆う割合が雲量。降水・雷・霧など他の天気現象がないとき、気象庁の観測では雲量0〜1が快晴、2〜8が晴れ、9〜10がくもり。雲の種類ではなく覆う割合で区分する。<div class=""links""><b>関連語：</b>雲量／快晴／晴れ／曇り</div>"
雨量,"降った雨が流れたりしみ込んだりせず水平面にたまったと仮定した水の深さで、mmで表す。雨量10 mmは、1 m²あたり10 Lの水に相当する。<div class=""links""><b>関連語：</b>雨量計／降水量／体積／天気</div>"
風向と風力,"風向は風が吹いてくる方向を表すので、北風は北から南へ吹く。風力は風の強さ。風向計と風速計を用い、周囲の建物の影響が少ない場所で測る。<div class=""links""><b>関連語：</b>風向計／風速計／北風／気圧</div>"
天気が西から東へ変わりやすい理由,"日本付近では上空の風や低気圧・前線が西から東へ移動することが多いため。雲画像を時間順に比べると移動を読み取れる。ただし台風など例外もある。<div class=""links""><b>関連語：</b>偏西風／低気圧／前線／気象衛星</div>"
台風への備え,"強風・大雨・高潮・高波をもたらす。接近前に予報とハザードマップを確認し、物を固定し、避難経路を確かめる。川や海へ見に行かず、警戒レベルに従い明るいうちに避難する。<div class=""links""><b>関連語：</b>大雨／高潮／ハザードマップ／避難</div>"
流水の3つのはたらき,"流れる水が地面を削る<ruby>侵食<rp>（</rp><rt>しんしょく</rt><rp>）</rp></ruby>、土砂を運ぶ運搬、流れが弱い場所に積もらせる<ruby>堆積<rp>（</rp><rt>たいせき</rt><rp>）</rp></ruby>。流速が大きいほど一般に大きな粒も運べる。<div class=""links""><b>関連語：</b>侵食／運搬／堆積／流速</div>"
川の上流・中流・下流,"上流は傾斜が急で<ruby>侵食<rp>（</rp><rt>しんしょく</rt><rp>）</rp></ruby>が盛ん、角ばった大きな石が多い。下流ほど傾斜が緩く流れも穏やかになり、丸く小さな粒や砂・泥が<ruby>堆積<rp>（</rp><rt>たいせき</rt><rp>）</rp></ruby>しやすい。<div class=""links""><b>関連語：</b>侵食／運搬／堆積／河口</div>"
川の曲がりの内側と外側,"曲がりの外側は流れが速く岸が<ruby>侵食<rp>（</rp><rt>しんしょく</rt><rp>）</rp></ruby>されやすい。内側は流れが遅く砂や小石が<ruby>堆積<rp>（</rp><rt>たいせき</rt><rp>）</rp></ruby>しやすい。水深も一般に外側で深く、内側で浅い。<div class=""links""><b>関連語：</b>流速／侵食／堆積／蛇行</div>"
エネルギーの変換,"エネルギーは形を変える。電球では電気→光・熱、モーターでは電気→運動、発電機では運動→電気。変換前後の総量は保存されるが、目的外の熱などへも分かれる。<div class=""links""><b>関連語：</b>エネルギー保存／電力／効率</div>"
てこの三点,"てこを支える点が支点、力を加える点が力点、動かす物体から力を受ける点が作用点。支点から各点までの垂直距離が重要で、棒に沿った単純な距離とは限らない。<div class=""links""><b>関連語：</b>支点／力点／作用点</div>"
てこのつり合い,"左右の回そうとするはたらきが等しいとつり合う。力×支点からの距離が左右で等しくなる。距離は支点から力の向きへ下ろした垂線の長さで考える。<div class=""links""><b>関連語：</b>モーメント／支点／仕事</div>"
小さい力でてこを動かす方法,"支点から力点までを長くする、または支点から作用点までを短くする。必要な力は小さくなるが、力点を動かす距離は大きくなり、仕事の総量は理想的には変わらない。<div class=""links""><b>関連語：</b>てこ／仕事の原理／力点</div>"
手回し発電機と光電池のエネルギー変換,"手回し発電機は手の運動エネルギーを、光電池は光のエネルギーを電気エネルギーへ変える。手を速く回す、または強い光を当てると、つないだ器具の働きが大きくなる場合がある。<div class=""links""><b>関連語：</b>発電／運動エネルギー／光エネルギー／電気エネルギー</div>"
発電した電気をためる方法,"発電した電気は、コンデンサーや充電できる電池へ蓄え、後で豆電球やモーターなどに使える。ためられる量には限りがあり、端子の向きや器具の指定を守って充電する。<div class=""links""><b>関連語：</b>蓄電／コンデンサー／充電池／電気の利用</div>"
センサーで電気を有効に使う仕組み,"明るさ・温度・人の動きなどをセンサーで検知し、必要な条件のときだけ照明やモーターを動かすと、不要な電気の使用を減らせる。センサーは電気をつくるのでなく、回路を制御する。<div class=""links""><b>関連語：</b>センサー／回路制御／省エネルギー／電気の利用</div>"
空気中の酸素の割合,"空気の体積のおよそ5分の1、約21％が酸素である。残りの大部分は窒素で、物が燃えると空気中の酸素が使われる。空気全体が燃焼を助ける物質ではない。<div class=""links""><b>関連語：</b>酸素／窒素／燃焼</div>"
酸素の性質,"無色・無臭で、水に溶けにくく、空気より少し重い。自身は燃えないが物質の燃焼を助ける。火のついた線香を入れると激しく燃えるので確認できる。<div class=""links""><b>関連語：</b>助燃性／燃焼／水上置換</div>"
二酸化炭素の性質,"無色・無臭で、空気より重く、水に少し溶けて弱い酸性を示す。燃焼を支えず、石灰水を白く濁らせる。濃度が高いと窒息の危険がある。<div class=""links""><b>関連語：</b>石灰水／炭酸／燃焼</div>"
燃焼の三条件,"燃える物質、酸素、発火点以上の温度がそろうと燃焼が続く。消火は、燃料を除く・酸素を遮る・発火点未満へ冷やす、のどれかを行う。<div class=""links""><b>関連語：</b>酸素／発火点／消火</div>"
ろうそくの燃焼,"ろうが熱で融け、芯を上って気化し、そのろうの蒸気が酸素と反応して燃える。固体のろうそのものが直接炎を出して燃えるのではない。主に二酸化炭素と水ができる。<div class=""links""><b>関連語：</b>気化／酸素／二酸化炭素</div>"
燃焼と空気の入れ替わり,"物が燃えると酸素が消費され、二酸化炭素などが増える。容器内の空気を入れ替えないと酸素濃度が下がり火は消える。下から新鮮な空気が入り、上から熱い気体が出ると燃え続けやすい。<div class=""links""><b>関連語：</b>対流／酸素／二酸化炭素</div>"
消火のしくみ,"水は主に冷却して発火点未満にし、ふたや泡は酸素を遮る。ガス栓を閉めるのは燃料を断つ。油火災へ水をかけると燃えた油が飛散するので適切な消火器を使う。<div class=""links""><b>関連語：</b>燃焼の三条件／冷却／酸素遮断</div>"
酸性・中性・アルカリ性,"水溶液の性質を三つに分けたもの。酸性は青色リトマス紙を赤、アルカリ性は赤色を青にし、中性はいずれも変えない。強さはpHで表す。<div class=""links""><b>関連語：</b>リトマス紙／pH／中和</div>"
リトマス紙,"青色紙が赤に変われば酸性、赤色紙が青に変わればアルカリ性。中性ではどちらも変化しない。調べる液はガラス棒で少量付け、試薬びんへ紙を直接入れない。<div class=""links""><b>関連語：</b>酸性／アルカリ性／指示薬</div>"
根の主な役割（小学校）,"根は植物体を土に固定し、土から水を取り入れる。取り入れた水は茎を通って葉などへ運ばれる。<div class=""links""><b>関連語：</b>根／吸水／茎／水の通り道</div>"
茎の主な役割（小学校）,"茎は葉・花・実を支え、根が取り入れた水や、葉でつくられた養分の通り道になる。色水を吸わせて断面を見ると、水の通り道を確かめられる。<div class=""links""><b>関連語：</b>茎／水の通り道／葉／色水</div>"
葉の主な役割,"葉は日光を受けて養分をつくり、根から運ばれた水の一部を水蒸気として外へ出す。葉では気体の出入りも行われる。<div class=""links""><b>関連語：</b>葉／日光／養分／水蒸気</div>"
日光と葉のでんぷん,"日光に当たった緑色の葉では、でんぷんがつくられる。日光を遮った部分と当てた部分をヨウ素液で比べると、養分をつくるには光が必要だと分かる。<div class=""links""><b>関連語：</b>日光／でんぷん／ヨウ素液／対照実験</div>"
葉にできたデンプンの調べ方,"葉を熱湯に入れて反応を止め、温めたエタノールで葉緑素を抜き、水でやわらかくしてからヨウ素液をかける。青紫色になった部分にデンプンがある。エタノールは引火するので直火で加熱しない。<div class=""links""><b>関連語：</b>ヨウ素液／デンプン／エタノール／対照実験</div>"
葉の一部をアルミニウム箔で覆う理由,"同じ葉で光が当たる部分と当たらない部分を比べ、光だけを変えた対照実験にするため。十分に暗所へ置いて葉のデンプンを減らしてから実験すると、実験中につくられた分を判定できる。<div class=""links""><b>関連語：</b>光合成／デンプン／対照実験／暗所処理</div>"
植物に取り入れられた水の行方,"根から取り入れられた水は茎を通って葉へ運ばれ、その多くは葉から水蒸気として出る。一部は養分をつくるはたらきなどにも使われる。<div class=""links""><b>関連語：</b>吸水／茎／葉／<ruby>蒸散<rp>（</rp><rt>じょうさん</rt><rp>）</rp></ruby></div>"
<ruby>蒸散<rp>（</rp><rt>じょうさん</rt><rp>）</rp></ruby>を確かめる袋の実験,"葉のついた枝と葉を除いた枝に透明な袋をかぶせて比べると、葉のある方に多く水滴がつく。土からの蒸発を防いで、葉から出た水だと判断できるようにする。<div class=""links""><b>関連語：</b><ruby>蒸散<rp>（</rp><rt>じょうさん</rt><rp>）</rp></ruby>／<ruby>気孔<rp>（</rp><rt>きこう</rt><rp>）</rp></ruby>／水滴／対照実験</div>"
食べる・食べられる関係,"野外で動物が何を食べるかを観察すると、植物→草食動物→肉食動物のように、生物どうしが食べる・食べられる関係でつながっていると分かる。一つの生物は複数の相手と関わるので、実際のつながりは網のように広がる。<div class=""links""><b>関連語：</b>食物連鎖／食物網／生産者／消費者</div>"
呼吸の目的,"酸素を体内に取り入れ、細胞が養分からエネルギーを取り出すために使う。できた二酸化炭素を体外へ出す。肺での気体交換と、細胞での呼吸は区別する。<div class=""links""><b>関連語：</b>肺／酸素／二酸化炭素／細胞呼吸</div>"
吸う息と吐く息の違い,"吐く息は吸う息より酸素が少なく、二酸化炭素と水蒸気が多い。窒素の割合はほぼ変わらない。石灰水を白く濁らせるのは吐く息中の二酸化炭素である。<div class=""links""><b>関連語：</b>酸素／二酸化炭素／石灰水／気体交換</div>"
消化の目的,"食物中の大きく水に溶けにくい養分を、小さく水に溶ける物質へ変え、腸から吸収できるようにする。かみ砕くだけでなく、消化液による化学的変化を含む。<div class=""links""><b>関連語：</b>消化液／小腸／吸収／<ruby>消化酵素<rp>（</rp><rt>しょうかこうそ</rt><rp>）</rp></ruby></div>"
血液の循環,"心臓の拍動によって血液が血管内を巡り、酸素・養分・二酸化炭素・不要物などを運ぶ。動脈は心臓から出る血管、静脈は心臓へ戻る血管で、酸素量による名前ではない。<div class=""links""><b>関連語：</b>心臓／動脈／静脈／毛細血管</div>"
月の形が変わって見える理由,"月は自ら光らず、太陽光を反射している。月が地球の周りを公転し、太陽に照らされた半球を地球から見る角度が変わるため、満ち欠けして見える。地球の影が原因なのは月食のときだけ。<div class=""links""><b>関連語：</b>月の公転／太陽光／満ち欠け／月食</div>"
地層,"れき・砂・泥・火山灰などが水底や地表に積み重なってできた層。下の層ほど古いのが基本だが、地殻変動で逆転している場合や断層・<ruby>不整合<rp>（</rp><rt>ふせいごう</rt><rp>）</rp></ruby>には注意する。<div class=""links""><b>関連語：</b><ruby>堆積<rp>（</rp><rt>たいせき</rt><rp>）</rp></ruby>／堆積岩／化石／<ruby>地層累重<rp>（</rp><rt>ちそうるいじゅう</rt><rp>）</rp></ruby>の法則</div>"
地層から分かること,"粒の大きさ、模様、化石、火山灰などから、<ruby>堆積<rp>（</rp><rt>たいせき</rt><rp>）</rp></ruby>した当時の水の流れ・深さ・環境や、離れた地層との対応を推定できる。観察した事実を根拠に過去を考える。<div class=""links""><b>関連語：</b>化石／火山灰層／堆積環境／<ruby>柱状図<rp>（</rp><rt>ちゅうじょうず</rt><rp>）</rp></ruby></div>"
化石,"過去の生物の体や生活の跡が地層に残ったもの。骨や殻だけでなく、足跡・巣穴・ふんなども含む。地層の年代や当時の環境を知る手がかりになる。<div class=""links""><b>関連語：</b><ruby>示準化石<rp>（</rp><rt>しじゅんかせき</rt><rp>）</rp></ruby>／<ruby>示相化石<rp>（</rp><rt>しそうかせき</rt><rp>）</rp></ruby>／地層／堆積岩</div>"
火山による土地の変化,"噴火で溶岩・火山灰・火砕流などが地表を覆い、山や島、新しい地層をつくる。短時間に大きく変える災害面と、長期的に肥沃な土や地熱などをもたらす面がある。<div class=""links""><b>関連語：</b>噴火／溶岩／火山灰／火砕流</div>"
地震による土地の変化,"断層のずれや隆起・沈降、液状化、津波、崖崩れなどで土地が変化する。揺れだけでなく二次災害も想定し、地域の地形に合った備えが必要。<div class=""links""><b>関連語：</b>断層／隆起／液状化／津波</div>"
同じ方法で結果を確かめ直せる性質,"条件・手順をそろえて繰り返したとき、同様の結果が得られる性質を、中学理科では広く再現性として扱う。厳密には、同じ人・器具・場所など同一条件での一致は反復性と呼び、条件を変えて確かめる再現性と区別することがある。<div class=""links""><b>関連語：</b>再現性／反復性／実験手順／記録</div>"
別の人や方法でも確かめる意味,"人・場所・装置が変わっても似た結論になるか調べると、特定の操作癖や装置だけによる結果を見抜ける。これは結果の客観性と信頼性を高める。<div class=""links""><b>関連語：</b>追試／客観性／再現性／信頼性</div>"
だれが見ても検討できる記録,"測定値、条件、手順、判断基準を公開し、個人の印象だけに頼らない記録である。同じ証拠を他者が点検できることが客観性を支える。<div class=""links""><b>関連語：</b>客観性／測定値／記録／証拠</div>"
仮説を支持する証拠の条件,"仮説から予想される結果と一致し、別の説明や偶然では説明しにくいデータである。一致する一例だけで「完全に証明」とせず、反対の結果も探す。<div class=""links""><b>関連語：</b>仮説／証拠／別解釈／<ruby>反証<rp>（</rp><rt>はんしょう</rt><rp>）</rp></ruby></div>"
原点を省いたグラフの注意,"変化を拡大して見やすくできる一方、差が実際より大きく見えることがある。軸の開始値と途中の省略記号を確認し、棒の高さだけで差の割合を判断しない。<div class=""links""><b>関連語：</b>原点／軸の省略／見かけの差／資料読解</div>"
測定点を順番に結ばない場合,"連続した関係を調べ、測定誤差で点が散らばるときは、全体の傾向を表す直線や曲線を引く。各点を折れ線で結ぶと、測っていない細かな上下まで事実のように見える。<div class=""links""><b>関連語：</b>近似線／測定誤差／傾向／散布図</div>"
原点を通る直線が示す関係,"一方が2倍、3倍になると他方も2倍、3倍になる比例関係を示す。直線でも原点を通らなければ、単純な比例とはいえない。<div class=""links""><b>関連語：</b>比例／原点／直線／比例定数</div>"
グラフの水平部分の読み方,"横軸が進んでも縦軸の量が変わらないことを示す。ただし「何も起きていない」とは限らず、沸騰中のように温度一定でも状態変化が進む場合がある。<div class=""links""><b>関連語：</b>水平部分／変化なし／状態変化／加熱曲線</div>"
面積の換算で倍率を二乗する理由,"1 m=100 cmなので、1 m²は縦100 cm×横100 cm=10000 cm²になる。長さの倍率を一度だけ掛ける誤りに注意する。<div class=""links""><b>関連語：</b>面積／平方メートル／単位換算／圧力</div>"
体積の換算で倍率を三乗する理由,"立方体の縦・横・高さの三方向すべてを換算するためである。1 m³=(100 cm)³=1000000 cm³で、長さの倍率を三回掛ける。<div class=""links""><b>関連語：</b>体積／立方メートル／単位換算／密度</div>"
複数の単位が混じる計算の順序,"式へ代入する前に、長さ・時間・質量などを一つの単位系へそろえる。計算後に求められた単位を確認し、指定された単位へ直すと換算漏れを防げる。<div class=""links""><b>関連語：</b>単位換算／式／検算／物理量</div>"
倍率をそろえて比例の未知量を求める,"対応する二量の組を確認し、一方が何倍かをもう一方にも掛ける。単位当たり量を先に求めてもよく、交差に掛けるだけで対応関係を見失わない。<div class=""links""><b>関連語：</b>比例／倍率／単位当たり量／比例定数</div>"
表から比例と反比例を見分ける,"対応する値で、縦÷横が一定なら比例、縦×横が一定なら反比例を疑う。二組だけで決めず複数組を確かめ、測定誤差があればほぼ一定かを見る。<div class=""links""><b>関連語：</b>比例／反比例／比／積</div>"
試験管の液を少量にして加熱する理由,"液が多いと熱が不均一になり、沸騰時に噴き出しやすい。外側の水滴を拭き、口を人へ向けず、炎を一か所へ当て続けない。<div class=""links""><b>関連語：</b>試験管／加熱／突沸／熱膨張</div>"
危険性が不明な物質を扱う前,"ラベルと指示を確認し、必要な保護具・換気・火気の有無・廃棄方法を決める。正体を確かめるために直接触れる、味見する、むやみに混ぜる操作はしない。<div class=""links""><b>関連語：</b>ラベル／保護具／換気／薬品安全</div>"
加熱中の実験台を離れない理由,"炎の立ち消え、<ruby>沸騰<rp>（</rp><rt>ふっとう</rt><rp>）</rp></ruby>、発火、器具の転倒は短時間で起こりうる。離れる必要があれば先に火・電源を止め、安全な状態を確認して教師へ伝える。<div class=""links""><b>関連語：</b>加熱／火気／電源／実験監視</div>"
資料中の事実と主張を分ける,"数値・観察記録は証拠、そこから導く「原因はAだ」などは主張である。まず資料に直接書かれた事実を抜き出し、主張がその事実で支えられるか確かめる。<div class=""links""><b>関連語：</b>事実／主張／証拠／解釈</div>"
図の<ruby>凡例<rp>（</rp><rt>はんれい</rt><rp>）</rp></ruby>を先に読む理由,"色、線種、記号が何を表すかは図ごとに異なる。<ruby>凡例<rp>（</rp><rt>はんれい</rt><rp>）</rp></ruby>を確認せず、青を水、赤を高温などと決めつけると誤読する。<div class=""links""><b>関連語：</b>凡例／記号／天気図／地質図</div>"
目盛りの読み方,"液面と目の高さをそろえて<ruby>視差<rp>（</rp><rt>しさ</rt><rp>）</rp></ruby>を防ぐ。学校実験で連続量を測るアナログ器具は、通常は最小目盛りの1/10まで目分量で読むが、器具や指示に従う。デジタル器具は表示された桁まで記録する。<div class=""links""><b>関連語：</b>視差／メスシリンダー／測定誤差</div>"
不規則な物体の体積,"水に沈む物体なら、メスシリンダーの水位の増加分が物体の体積になる。物体を完全に沈め、気泡を付けない。水に溶ける物体には使えない。<div class=""links""><b>関連語：</b>体積／メスシリンダー／浮力</div>"
質量,"物体そのものの量で、場所が変わっても同じ。上皿てんびんや電子てんびんで測り、gやkgで表す。重力による力である重さとは区別する。<div class=""links""><b>関連語：</b>てんびん／重さ／密度</div>"
光の反射,"光が物体の表面ではね返る現象。入射光、反射光、法線は同一平面上にあり、入射角＝反射角となる。角度は鏡の面ではなく法線から測る。<div class=""links""><b>関連語：</b>入射角／反射角／法線</div>"
入射角と反射角,"入射角は入射光と法線のなす角、反射角は反射光と法線のなす角。反射の法則により常に等しい。鏡面との角度が示されたら90°から引く。<div class=""links""><b>関連語：</b>反射の法則／法線／平面鏡</div>"
平面鏡の像,"像は鏡の奥に、物体と鏡の距離と同じだけ離れて見え、大きさも同じ。光が実際に鏡の奥から来るのではなく、反射光を後方へ延長した交点に見える<ruby>虚像<rp>（</rp><rt>きょぞう</rt><rp>）</rp></ruby>である。<div class=""links""><b>関連語：</b>虚像／反射／対称</div>"
鏡で全身を見る条件,"平面鏡で全身を見るのに必要な鏡の縦の長さは、目の位置によらず身長の1/2。頭頂と足先から目へ届く反射光を作図すると分かり、鏡から離れても必要な長さは変わらない。<div class=""links""><b>関連語：</b>平面鏡／反射の作図／相似</div>"
<ruby>屈折<rp>（</rp><rt>くっせつ</rt><rp>）</rp></ruby>,"光が異なる物質の境界を斜めに通ると、速さが変わって進む向きも変わる現象。空気から水・ガラスへ入ると法線側へ、水・ガラスから空気へ出ると法線から離れる。<div class=""links""><b>関連語：</b>法線／全反射／<ruby>凸レンズ<rp>（</rp><rt>とつれんず</rt><rp>）</rp></ruby></div>"
屈折角,"<ruby>屈折<rp>（</rp><rt>くっせつ</rt><rp>）</rp></ruby>した光と法線のなす角。空気から水へ進むと屈折角は入射角より小さく、水から空気へ進むと大きい。垂直に入射すると向きは変わらない。<div class=""links""><b>関連語：</b>入射角／法線／屈折</div>"
水中の物体が浅く見える理由,"水中の物体から出た光が水面で法線から離れる向きに<ruby>屈折<rp>（</rp><rt>くっせつ</rt><rp>）</rp></ruby>し、目は光が直進してきたと判断するため、光線を逆向きに延長した位置に物体があるように見える。<div class=""links""><b>関連語：</b>屈折／<ruby>虚像<rp>（</rp><rt>きょぞう</rt><rp>）</rp></ruby>／光の直進</div>"
全反射,"水やガラスなど光が遅い物質から空気側へ進むとき、入射角が一定以上になると境界を通り抜けず、すべて反射する現象。空気側から水側へでは起こらない。<div class=""links""><b>関連語：</b><ruby>屈折<rp>（</rp><rt>くっせつ</rt><rp>）</rp></ruby>／臨界角／光ファイバー</div>"
<ruby>凸レンズ<rp>（</rp><rt>とつれんず</rt><rp>）</rp></ruby>,"中央が厚く、平行な光を集めるレンズ。光軸に平行な光は屈折後に焦点を通り、レンズの中心を通る光はほぼ直進する。この2本を使って像を作図する。<div class=""links""><b>関連語：</b>焦点／実像／<ruby>屈折<rp>（</rp><rt>くっせつ</rt><rp>）</rp></ruby></div>"
焦点と焦点距離,"光軸に平行な光が<ruby>凸レンズ<rp>（</rp><rt>とつれんず</rt><rp>）</rp></ruby>で<ruby>屈折<rp>（</rp><rt>くっせつ</rt><rp>）</rp></ruby>して集まる点が焦点。レンズの中心から焦点までが焦点距離で、同じレンズなら基本的に一定。レンズの両側に焦点がある。<div class=""links""><b>関連語：</b>凸レンズ／光軸／実像</div>"
実像,"光が実際に集まってでき、スクリーンに映せる像。<ruby>凸レンズ<rp>（</rp><rt>とつれんず</rt><rp>）</rp></ruby>で物体を焦点の外側に置くとでき、上下左右が逆の倒立像になる。物体を焦点へ近づけるほど像は遠く、大きくなる。<div class=""links""><b>関連語：</b>凸レンズ／<ruby>虚像<rp>（</rp><rt>きょぞう</rt><rp>）</rp></ruby>／スクリーン</div>"
<ruby>虚像<rp>（</rp><rt>きょぞう</rt><rp>）</rp></ruby>,"光が実際には集まらず、光線を逆向きに延長した位置に見える像。スクリーンには映らない。<ruby>凸レンズ<rp>（</rp><rt>とつれんず</rt><rp>）</rp></ruby>では物体を焦点の内側に置くと、正立で拡大した<ruby>虚像<rp>（</rp><rt>きょぞう</rt><rp>）</rp></ruby>になる。<div class=""links""><b>関連語：</b>実像／焦点／虫眼鏡</div>"
物体が焦点の2倍より外側,"<ruby>凸レンズ<rp>（</rp><rt>とつれんず</rt><rp>）</rp></ruby>から物体までの距離が焦点距離の2倍より大きいと、反対側の焦点の1〜2倍の位置に、倒立で縮小した実像ができる。<div class=""links""><b>関連語：</b>凸レンズ／実像／焦点距離</div>"
物体が焦点距離の2倍の位置,"物体を<ruby>凸レンズ<rp>（</rp><rt>とつれんず</rt><rp>）</rp></ruby>の2Fに置くと、反対側の2Fに、物体と同じ大きさの倒立実像ができる。像と物体はレンズをはさんで対称な距離になる。<div class=""links""><b>関連語：</b>2F／倒立像／焦点</div>"
物体が焦点と2倍焦点の間,"<ruby>凸レンズ<rp>（</rp><rt>とつれんず</rt><rp>）</rp></ruby>のFと2Fの間に物体を置くと、反対側の2Fより遠くに、倒立で拡大した実像ができる。物体をFへ近づけるほど像は遠ざかり拡大する。<div class=""links""><b>関連語：</b>凸レンズ／拡大像／実像</div>"
物体が焦点の内側,"物体を<ruby>凸レンズ<rp>（</rp><rt>とつれんず</rt><rp>）</rp></ruby>と焦点の間に置くと、物体と同じ側に正立で拡大した<ruby>虚像<rp>（</rp><rt>きょぞう</rt><rp>）</rp></ruby>が見える。光は実際には集まらないのでスクリーンには映らない。<div class=""links""><b>関連語：</b>虫眼鏡／虚像／焦点</div>"
<ruby>凸レンズ<rp>（</rp><rt>とつれんず</rt><rp>）</rp></ruby>の作図,"物体の先端から①光軸に平行→屈折後に反対側の焦点、②レンズ中心→直進、の2本を引く。交点が実像の先端。<ruby>虚像<rp>（</rp><rt>きょぞう</rt><rp>）</rp></ruby>では屈折光を物体側へ延長する。<div class=""links""><b>関連語：</b>焦点／実像／虚像</div>"
スクリーンに像が映らないとき,"物体が焦点の内側、スクリーン位置が像の位置と不一致、またはレンズ・物体・スクリーンの中心が一直線でない可能性がある。<ruby>虚像<rp>（</rp><rt>きょぞう</rt><rp>）</rp></ruby>はスクリーンを動かしても映らない。<div class=""links""><b>関連語：</b>実像／虚像／焦点</div>"
音を伝える物質,"音は空気・水・固体などの物質の振動として伝わる。真空には振動を受け渡す粒子がないので音は伝わらない。光は真空中も進むため混同しない。<div class=""links""><b>関連語：</b>振動／真空／光</div>"
音の大きさと<ruby>振幅<rp>（</rp><rt>しんぷく</rt><rp>）</rp></ruby>,"振動の中心からの最大のずれを<ruby>振幅<rp>（</rp><rt>しんぷく</rt><rp>）</rp></ruby>という。振幅が大きいほど音は大きい。波形では上下の幅に注目し、横方向の間隔である振動数とは区別する。<div class=""links""><b>関連語：</b>振幅／波形／音の高さ</div>"
音の高さと振動数,"1秒間の振動回数を振動数といい、単位はHz。振動数が多いほど高い音、少ないほど低い音になる。同じ時間幅の波形なら、波の個数が多いほど高い。<div class=""links""><b>関連語：</b>Hz／周期／波形</div>"
波形の読み取り,"縦方向の振れは<ruby>振幅<rp>（</rp><rt>しんぷく</rt><rp>）</rp></ruby>＝音の大きさ、同じ横幅に入る波の数は振動数＝音の高さを表す。表示の縦・横の尺度が違う波形は、見た目だけで比べない。<div class=""links""><b>関連語：</b>振幅／振動数／オシロスコープ</div>"
周期（振動）,"1回の振動にかかる時間。振動数をf Hz、周期をT秒とするとT＝1/f。例えば50 Hzなら周期は1/50秒＝0.02秒。<div class=""links""><b>関連語：</b>振動数／Hz／波形</div>"
音の速さ,"空気中の音速は常温で約340 m/s。光よりはるかに遅いため、雷は光ってから音が届く。距離＝速さ×時間で計算し、温度などで音速は少し変わる。<div class=""links""><b>関連語：</b>速さ／雷／反射音</div>"
反射音で距離を求める,"音を出してから反射音が戻るまでに、音は目的物までを往復する。距離＝音速×往復時間÷2。÷2を忘れない。<div class=""links""><b>関連語：</b>音速／反射／距離</div>"
弦の音を高くする方法,"弦を短くする、細くする、強く張ると振動数が大きくなり音が高くなる。強くはじくことは主に<ruby>振幅<rp>（</rp><rt>しんぷく</rt><rp>）</rp></ruby>を大きくし、音を大きくする操作である。<div class=""links""><b>関連語：</b>振動数／振幅／音の高さ</div>"
真空容器のブザー実験,"容器内の空気を抜くほどブザー音は小さくなるが、ブザーの振動自体は見える。音を伝える空気が減るためで、電気が弱くなったからではない。完全な真空でなければ音は残る。<div class=""links""><b>関連語：</b>真空／媒質／振動</div>"
力の三つのはたらき,"力には①物体の形を変える、②速さを変える、③運動の向きを変える、というはたらきがある。物体を支えて静止させる場合も、力ははたらいている。<div class=""links""><b>関連語：</b>変形／運動／つり合い</div>"
力の三要素,"力は大きさ・向き・作用点の三要素で表す。図では作用点から力の向きへ矢印を引き、長さで大きさを表す。矢印の尺度をそろえる。<div class=""links""><b>関連語：</b>力の矢印／作用点／合力</div>"
重力,"地球が物体を地球の中心方向へ引く力。物体の重心に、鉛直下向きにはたらくと考える。質量100 gの物体には地表付近で約1 Nの重力がはたらく。<div class=""links""><b>関連語：</b>重さ／質量／重心</div>"
弾性力,"変形した物体が元の形に戻ろうとして及ぼす力。ばねを伸ばせば縮む向き、縮めれば伸びる向きにはたらく。一定範囲では変形量と力が比例する。<div class=""links""><b>関連語：</b>フックの法則／ばね／復元力</div>"
摩擦力,"接触面で物体の相対的な動き、または動こうとする向きを妨げる力。必ず「進行方向と逆」とは限らず、歩くとき地面から足には前向きの摩擦力がはたらく。<div class=""links""><b>関連語：</b>接触力／運動／仕事</div>"
垂直抗力,"物体が面を押すとき、面から物体へ垂直に受ける力。水平面上で鉛直方向に他の力がなければ重力とつり合うが、斜面や外力があると大きさは重力と同じとは限らない。<div class=""links""><b>関連語：</b>作用反作用／重力／摩擦力</div>"
力のつり合い,"1つの物体にはたらく2力がつり合う条件は、同一直線上にあり、大きさが等しく、向きが反対。物体は静止または等速直線運動を続ける。<div class=""links""><b>関連語：</b>合力／<ruby>慣性<rp>（</rp><rt>かんせい</rt><rp>）</rp></ruby>／作用反作用</div>"
重心,"物体全体の重さが集中してはたらくと考えられる点。重心から下ろした鉛直線が支持面の内側にあれば倒れにくい。重心が低く、支持面が広いほど安定する。<div class=""links""><b>関連語：</b>重力／安定性／支持面</div>"
力の単位ニュートン,"力の単位はN（ニュートン）。地表付近では質量100 gの物体にはたらく重力を約1 Nとするため、1 kgなら約10 N。質量の単位g・kgと混同しない。<div class=""links""><b>関連語：</b>重力／質量／ばねばかり</div>"
質量と重さ,"質量は物体そのものの量で場所によらず一定、単位はg・kg。重さは重力の大きさで場所により変わり、単位はN。月面では質量は同じだが重さは地球上の約1/6。<div class=""links""><b>関連語：</b>重力／ニュートン／月</div>"
ばねばかり,"ばねの伸びを利用して力の大きさをNで測る器具。使う前に0点を合わせ、最大目盛りを超えないようにし、力の向きとばねの向きをそろえて読む。<div class=""links""><b>関連語：</b>弾性力／フックの法則／ニュートン</div>"
フックの法則,"ばねの弾性の限界内では、ばねの伸びは加えた力に比例する。グラフは原点を通る直線。ばね全体の長さではなく、自然長から増えた「伸び」を使う。<div class=""links""><b>関連語：</b>弾性力／比例／ばね定数</div>"
ばねの伸びの計算,"あるばねが2 Nで3 cm伸びるなら、比例範囲で4 Nでは6 cm伸びる。全長を問われたら自然長＋伸び。複数のおもりでは合計質量をNへ直す。<div class=""links""><b>関連語：</b>フックの法則／比例／重力</div>"
圧力,"面を垂直に押す力が単位面積あたりどれほど集中しているかを表す。圧力Pa＝力N÷面積m²。同じ力なら面積が小さいほど圧力は大きい。<div class=""links""><b>関連語：</b>パスカル／面積／垂直抗力</div>"
パスカル,"圧力の単位Pa。1 Pa＝1 N/m²、1 hPa＝100 Pa。面積をcm²で与えられたらm²へ直し、1 cm²＝0.0001 m²を使う。<div class=""links""><b>関連語：</b>圧力／面積換算／気圧</div>"
接地面積と圧力,"同じ物体なら面を変えて置いても重さは同じだが、接地面積が小さいほど圧力は大きい。面積が半分なら圧力は2倍。力自体が大きくなるわけではない。<div class=""links""><b>関連語：</b>圧力／反比例／重力</div>"
大気圧で吸盤やストローが働く理由,"内側の圧力を下げると、外側の大気圧のほうが大きくなり、その圧力差で吸盤は壁へ押し付けられ、飲み物はストロー内を上がる。大気圧は大気の重さによりあらゆる向きにはたらき、海面付近で約1013 hPa。<div class=""links""><b>関連語：</b>気圧／真空／圧力差</div>"
水圧,"水の重さによる圧力で、水面から深いほど大きい。同じ深さなら容器の形や向きによらずほぼ同じで、物体にはあらゆる向きからはたらく。<div class=""links""><b>関連語：</b>深さ／圧力／浮力</div>"
浮力,"液体や気体中の物体が流体から受ける上向きの力。物体の下面の圧力が上面より大きいため生じる。水中でばねばかりの値が減る量が浮力に等しい。<div class=""links""><b>関連語：</b>水圧／見かけの重さ／密度</div>"
浮力を決める量,"同じ液体では、浮力は押しのけた液体の体積が大きいほど大きい。完全に水中へ沈めた同じ物体なら、深さを変えても浮力はほぼ変わらない。液体の密度も影響する。<div class=""links""><b>関連語：</b>排除体積／密度／アルキメデスの原理</div>"
浮く・沈むの条件,"物体の平均密度が液体より小さければ浮き、大きければ沈む。等しければ、流れや他の力がない条件で液体中にとどまる。浮いて静止するときは浮力＝重力。鉄の船は空気を含む平均密度を小さくしている。<div class=""links""><b>関連語：</b>密度／浮力／重力</div>"
密度,"物質1 cm³あたりなどの質量。密度＝質量÷体積、よく使う単位はg/cm³。物質固有の値として同定に使えるが、温度や状態で変化する。<div class=""links""><b>関連語：</b>質量／体積／浮沈</div>"
密度の三角関係,"密度＝質量÷体積、質量＝密度×体積、体積＝質量÷密度。単位をそろえ、gとcm³なら答えはg/cm³。体積が大きいだけで密度が大きいとはいえない。<div class=""links""><b>関連語：</b>密度／質量／体積</div>"
状態変化の粒子モデル,"固体では粒子が規則的に並びその場で振動し、液体では近接したまま動き、気体では離れて自由に動く。状態変化で粒子そのものの種類や個数は変わらない。<div class=""links""><b>関連語：</b>粒子／状態変化／熱運動</div>"
状態変化と質量,"密閉した容器内では、状態が変わっても粒子の種類と数が同じなので全体の質量は変わらない。開放容器で液体が減るのは、気体となって外へ出たため。<div class=""links""><b>関連語：</b>質量保存／蒸発／密閉系</div>"
状態変化と体積,"一般に固体→液体→気体で体積は大きくなり、特に気体で大きい。水は例外的に凍ると体積が増えるため、氷の密度は水より小さく浮く。質量は変わらない。<div class=""links""><b>関連語：</b>密度／氷／質量保存</div>"
<ruby>融解<rp>（</rp><rt>ゆうかい</rt><rp>）</rp></ruby>と<ruby>凝固<rp>（</rp><rt>ぎょうこ</rt><rp>）</rp></ruby>,"固体が液体になるのが<ruby>融解<rp>（</rp><rt>ゆうかい</rt><rp>）</rp></ruby>、液体が固体になるのが<ruby>凝固<rp>（</rp><rt>ぎょうこ</rt><rp>）</rp></ruby>。純物質では一定圧力下で<ruby>融点<rp>（</rp><rt>ゆうてん</rt><rp>）</rp></ruby>と凝固点は同じ温度になり、変化中は加熱・冷却しても温度がほぼ一定。<div class=""links""><b>関連語：</b>融点／状態変化／加熱曲線</div>"
気化と液化,"液体が気体になるのが気化、気体が液体になるのが液化。気化には液面で起こる蒸発と、液体内部からも起こる<ruby>沸騰<rp>（</rp><rt>ふっとう</rt><rp>）</rp></ruby>がある。液化では熱を周囲へ放出する。<div class=""links""><b>関連語：</b>蒸発／沸騰／<ruby>凝結<rp>（</rp><rt>ぎょうけつ</rt><rp>）</rp></ruby></div>"
加熱曲線,"純物質を一定の割合で加熱すると、状態変化中は加えた熱が粒子間の結びつきを変えるため温度がほぼ一定になる。水平部分の温度から<ruby>融点<rp>（</rp><rt>ゆうてん</rt><rp>）</rp></ruby>・<ruby>沸点<rp>（</rp><rt>ふってん</rt><rp>）</rp></ruby>を読む。<div class=""links""><b>関連語：</b>融点／沸点／潜熱</div>"
純物質と混合物の加熱曲線,"純物質は<ruby>融解<rp>（</rp><rt>ゆうかい</rt><rp>）</rp></ruby>・沸騰中の温度が一定になりやすい。混合物は組成が変化しながら状態変化するため、温度が一定にならないことが多い。水平部分の有無が手がかり。<div class=""links""><b>関連語：</b>純物質／混合物／<ruby>沸点<rp>（</rp><rt>ふってん</rt><rp>）</rp></ruby></div>"
<ruby>溶質<rp>（</rp><rt>ようしつ</rt><rp>）</rp></ruby>・<ruby>溶媒<rp>（</rp><rt>ようばい</rt><rp>）</rp></ruby>・溶液,"溶かされる物質が<ruby>溶質<rp>（</rp><rt>ようしつ</rt><rp>）</rp></ruby>、溶かす液体が<ruby>溶媒<rp>（</rp><rt>ようばい</rt><rp>）</rp></ruby>、均一に混ざったものが溶液。溶媒が水なら水溶液。食塩水では食塩が溶質、水が溶媒。<div class=""links""><b>関連語：</b>水溶液／溶解／濃度</div>"
ろ過,"液体に溶けていない固体を、ろ紙を通して分ける操作。溶けた食塩などは粒子がろ紙を通るので分けられない。液面をろ紙の上端より低くし、液をガラス棒へ伝わせる。<div class=""links""><b>関連語：</b>ろ紙／溶解／蒸発</div>"
ろ過を速く正確にする方法,"ろ紙を正しく折り、水で漏斗の内面へ密着させる。漏斗の脚の先端は受器の内壁に触れさせ、液面はろ紙の上端より低くする。沈殿を静置して上澄みから流すと速い。<div class=""links""><b>関連語：</b>ろ紙／漏斗／沈殿</div>"
<ruby>溶解度<rp>（</rp><rt>ようかいど</rt><rp>）</rp></ruby>,"一定温度で水100 gに溶ける物質の最大質量。単位は通常g/水100 g。水溶液100 gあたりではない。多くの固体は温度上昇で増えるが、増え方は物質ごとに違う。<div class=""links""><b>関連語：</b><ruby>飽和水溶液<rp>（</rp><rt>ほうわすいようえき</rt><rp>）</rp></ruby>／溶解度曲線／<ruby>再結晶<rp>（</rp><rt>さいけっしょう</rt><rp>）</rp></ruby></div>"
<ruby>飽和水溶液<rp>（</rp><rt>ほうわすいようえき</rt><rp>）</rp></ruby>,"ある温度で<ruby>溶質<rp>（</rp><rt>ようしつ</rt><rp>）</rp></ruby>が限界まで溶けた水溶液。それ以上加えると溶け残る。温度を上げてさらに溶ける場合や、水を加えて不飽和にできる。底に固体があるだけでは、十分な時間・温度条件も確認する。<div class=""links""><b>関連語：</b><ruby>溶解度<rp>（</rp><rt>ようかいど</rt><rp>）</rp></ruby>／不飽和／結晶</div>"
溶解度曲線,"横軸に温度、縦軸に水100 gへ溶ける最大質量を表す。曲線上が<ruby>飽和<rp>（</rp><rt>ほうわ</rt><rp>）</rp></ruby>、下側は全部溶ける範囲、上側は超過分が溶け残る。水の量が100 gでないときは比例換算する。<div class=""links""><b>関連語：</b><ruby>溶解度<rp>（</rp><rt>ようかいど</rt><rp>）</rp></ruby>／飽和／<ruby>再結晶<rp>（</rp><rt>さいけっしょう</rt><rp>）</rp></ruby></div>"
冷却で出る結晶の質量,"高温の<ruby>飽和水溶液<rp>（</rp><rt>ほうわすいようえき</rt><rp>）</rp></ruby>を冷やすと、結晶質量＝高温で溶けていた質量−低温で溶けていられる質量。同じ水の質量に換算して差を取る。蒸発した水がある場合は別計算。<div class=""links""><b>関連語：</b>溶解度曲線／<ruby>再結晶<rp>（</rp><rt>さいけっしょう</rt><rp>）</rp></ruby>／<ruby>飽和<rp>（</rp><rt>ほうわ</rt><rp>）</rp></ruby></div>"
<ruby>再結晶<rp>（</rp><rt>さいけっしょう</rt><rp>）</rp></ruby>,"固体の<ruby>溶解度<rp>（</rp><rt>ようかいど</rt><rp>）</rp></ruby>が温度で変わる性質などを利用し、いったん溶かしてから結晶として取り出して精製する操作。温度による溶解度差が大きい物質ほど冷却法が有効。<div class=""links""><b>関連語：</b>結晶／溶解度／精製</div>"
質量パーセント濃度,"溶液全体に占める<ruby>溶質<rp>（</rp><rt>ようしつ</rt><rp>）</rp></ruby>の質量割合。濃度％＝溶質の質量÷溶液の質量×100、溶液質量＝溶質＋<ruby>溶媒<rp>（</rp><rt>ようばい</rt><rp>）</rp></ruby>。分母を水の質量にしない。<div class=""links""><b>関連語：</b>溶質／溶液／希釈</div>"
濃度から<ruby>溶質<rp>（</rp><rt>ようしつ</rt><rp>）</rp></ruby>を求める,"<ruby>溶質<rp>（</rp><rt>ようしつ</rt><rp>）</rp></ruby>の質量＝溶液の質量×濃度/100。例えば8％食塩水250 gには20 gの食塩が含まれる。残り230 gが水。単位をgにそろえる。<div class=""links""><b>関連語：</b>質量パーセント濃度／溶液／百分率</div>"
水で薄める計算,"水を加えても<ruby>溶質<rp>（</rp><rt>ようしつ</rt><rp>）</rp></ruby>の質量は変わらない。薄めた後の溶液質量＝元の溶液＋加えた水として新しい濃度を求める。蒸発では水だけが減ると考える。<div class=""links""><b>関連語：</b>希釈／質量パーセント濃度／溶質保存</div>"
異なる濃度の溶液を混ぜる,"同じ<ruby>溶質<rp>（</rp><rt>ようしつ</rt><rp>）</rp></ruby>で反応・沈殿・揮発がない水溶液同士なら、各溶質質量を足し、溶液質量も足す。混合後濃度＝溶質合計÷溶液合計×100。単純平均できるのは溶液質量が等しい場合。<div class=""links""><b>関連語：</b>濃度／溶質質量／加重平均</div>"
窒素の性質,"無色・無臭で、空気の約78％を占める。常温では反応しにくく、燃焼を助けない。食品包装に入れて酸化を抑えたり、液体窒素を冷却に使ったりする。<div class=""links""><b>関連語：</b>空気／酸化防止／アンモニア</div>"
水素の性質,"無色・無臭で、最も密度が小さく、水に溶けにくい。火を近づけると音を立てて燃え、水ができる。空気との混合気体は爆発しやすいため、最初の気体を捨ててから調べる。<div class=""links""><b>関連語：</b>燃焼／水／上方置換</div>"
アンモニアの性質,"無色で刺激臭があり、空気より軽く、水に非常によく溶けて水溶液はアルカリ性。湿らせた赤色リトマス紙を青くする。毒性があるので直接かがない。<div class=""links""><b>関連語：</b>アルカリ性／上方置換／噴水実験</div>"
気体の集め方の選択,"水に溶けにくい気体は水上置換が基本。水に溶けやすい場合、空気より重ければ下方置換、軽ければ上方置換。反応性や安全性も考える。<div class=""links""><b>関連語：</b>水上置換／上方置換／下方置換</div>"
水上置換法,"水に溶けにくい気体を、水を満たして逆さにした容器へ集める。空気が混ざりにくく純度が高く、量も水面から分かる。酸素・水素などに適する。<div class=""links""><b>関連語：</b>酸素／水素／気体の<ruby>溶解度<rp>（</rp><rt>ようかいど</rt><rp>）</rp></ruby></div>"
上方置換法,"水に溶けやすく空気より軽い気体を、口を下向きにした容器の上方へ集める方法。気体が上がり、空気を下へ追い出す。アンモニアなどに用いる。<div class=""links""><b>関連語：</b>アンモニア／密度／気体捕集</div>"
下方置換法,"水に溶けやすく空気より重い気体を、口を上向きにした容器の下方へ集め、空気を上へ追い出す。二酸化炭素や塩素などに用いる。<div class=""links""><b>関連語：</b>二酸化炭素／塩素／密度</div>"
気体発生装置の最初の気体,"装置内に最初から空気が入っているため、発生直後の気体は目的の気体と空気の混合物。純度や爆発防止のため、最初の分は集めずに追い出す。<div class=""links""><b>関連語：</b>水素／気体捕集／安全</div>"
気体のにおいの確かめ方,"容器へ鼻を直接近づけず、手で気体を少しずつあおいで嗅ぐ。未知の気体や有毒な気体はむやみに嗅がない。アンモニアや塩素は特に注意する。<div class=""links""><b>関連語：</b>アンモニア／塩素／実験安全</div>"
純物質と混合物,"1種類の物質だけからなるものが純物質、複数の物質が混ざったものが混合物。純物質は一定圧力で<ruby>融点<rp>（</rp><rt>ゆうてん</rt><rp>）</rp></ruby>・<ruby>沸点<rp>（</rp><rt>ふってん</rt><rp>）</rp></ruby>が一定。空気や海水は見た目が均一でも混合物。<div class=""links""><b>関連語：</b>融点／沸点／分離</div>"
金属の共通性質,"磨くと光沢があり、電気と熱をよく通し、たたくと薄く広がる<ruby>展性<rp>（</rp><rt>てんせい</rt><rp>）</rp></ruby>、引くと線になる<ruby>延性<rp>（</rp><rt>えんせい</rt><rp>）</rp></ruby>を持つ。磁石につくことは共通性質ではなく、水銀のように常温で液体の金属もある。<div class=""links""><b>関連語：</b>導電性／展性／延性</div>"
有機物と無機物,"中学では炭素を含む物質の多くを有機物とし、燃えると二酸化炭素を生じやすい。ただし黒鉛・ダイヤモンドなど炭素の単体、CO、CO₂、炭酸塩は無機物として扱う。<div class=""links""><b>関連語：</b>炭素／燃焼／二酸化炭素</div>"
<ruby>蒸留<rp>（</rp><rt>じょうりゅう</rt><rp>）</rp></ruby>,"混合液を加熱し、<ruby>沸点<rp>（</rp><rt>ふってん</rt><rp>）</rp></ruby>の低い成分を先に気化させ、冷やして液体として集める分離法。枝付きフラスコの温度計先端は枝の付け根付近に置き、冷却水は下口から入れる。<div class=""links""><b>関連語：</b>沸点／液化／混合物</div>"
蒸留装置の安全,"加熱前に沸騰石を入れ、温度計の液だめを枝の付け根付近に置く。冷却水は冷却器の下口から入れ、装置を密閉しない。液がなくなるまで加熱せず、熱い液へ沸騰石を後から入れない。<div class=""links""><b>関連語：</b><ruby>蒸留<rp>（</rp><rt>じょうりゅう</rt><rp>）</rp></ruby>／沸騰石／冷却器</div>"
<ruby>蒸留<rp>（</rp><rt>じょうりゅう</rt><rp>）</rp></ruby>と蒸発の違い,"蒸発は主に<ruby>溶媒<rp>（</rp><rt>ようばい</rt><rp>）</rp></ruby>を飛ばして残った<ruby>溶質<rp>（</rp><rt>ようしつ</rt><rp>）</rp></ruby>を得る。<ruby>蒸留<rp>（</rp><rt>じょうりゅう</rt><rp>）</rp></ruby>は気化した成分を冷やして再び液体として回収する。食塩水から純水を得たいなら蒸留。<div class=""links""><b>関連語：</b>気化／液化／溶液</div>"
酸素のつくり方,"二酸化マンガンにうすい過酸化水素水を加えると酸素が発生する。二酸化マンガンは反応を速める<ruby>触媒<rp>（</rp><rt>しょくばい</rt><rp>）</rp></ruby>で、反応前後でほぼ変化しない。酸素は水上置換で集める。<div class=""links""><b>関連語：</b>過酸化水素／触媒／水上置換</div>"
二酸化炭素のつくり方,"石灰石や貝殻の主成分である炭酸カルシウムに、うすい塩酸を加える。二酸化炭素は下方置換または水上置換で集め、石灰水で確認する。<div class=""links""><b>関連語：</b>炭酸カルシウム／塩酸／石灰水</div>"
水素のつくり方,"<ruby>亜鉛<rp>（</rp><rt>あえん</rt><rp>）</rp></ruby>やマグネシウムなどにうすい塩酸を加えると水素が発生する。水上置換で集め、最初の気体を捨てた後、火を近づけて音を立てて燃えることで確認する。<div class=""links""><b>関連語：</b>金属／塩酸／水上置換</div>"
アンモニアのつくり方,"塩化アンモニウムと水酸化カルシウムを混ぜて加熱する。水に非常によく溶け空気より軽いため上方置換で集める。試験管口を下げて逆流を防ぎ、少量・十分な換気で行い直接かがない。<div class=""links""><b>関連語：</b>塩化アンモニウム／アルカリ／上方置換</div>"
天然物質と人工物質,"自然界から得て加工する木材・綿・金属などに対し、目的に合わせ化学的に合成した物質がある。多くのプラスチックは石油などを原料に合成され、性質を調整できる。<div class=""links""><b>関連語：</b>材料／プラスチック／資源</div>"
プラスチックの性質と密度,"軽く成形しやすく、さびにくく、電気を通しにくいものが多いが、耐熱性などは種類で違う。気泡や添加物がない試料なら、PE・PPは水に浮き、PET・PVCは沈む。<div class=""links""><b>関連語：</b>密度／ポリエチレン／PET</div>"
材料選択とプラスチックの再資源化,"強度・密度・耐熱性・導電性・価格・環境影響から用途に合う材料を選ぶ。プラスチックは種類を分別し、再使用・材料再生・化学原料化などを使い分け、流出や焼却の影響も減らす。<div class=""links""><b>関連語：</b>分別／リサイクル／材料の性質</div>"
<ruby>融点<rp>（</rp><rt>ゆうてん</rt><rp>）</rp></ruby>と<ruby>沸点<rp>（</rp><rt>ふってん</rt><rp>）</rp></ruby>,"<ruby>融点<rp>（</rp><rt>ゆうてん</rt><rp>）</rp></ruby>は固体が液体へ変わる温度、<ruby>沸点<rp>（</rp><rt>ふってん</rt><rp>）</rp></ruby>は液体が内部からも気体へ変わる温度。純物質では気圧が一定ならそれぞれ固有の値を示し、物質の判別に使える。<div class=""links""><b>関連語：</b><ruby>融解<rp>（</rp><rt>ゆうかい</rt><rp>）</rp></ruby>／<ruby>沸騰<rp>（</rp><rt>ふっとう</rt><rp>）</rp></ruby>／純物質／加熱曲線</div>"
生物に共通する性質,"中学理科で生物として扱うものは、細胞を基本単位として体ができている。外から物質やエネルギーを取り入れ、成長し、刺激に反応するなどの生命活動を行う。生物の集団には世代をつなぐ生殖の性質があるが、個々の個体が必ず子を残すわけではない。<div class=""links""><b>関連語：</b>細胞／成長／呼吸／生殖</div>"
背骨の有無による分類,"背骨をもつ動物を<ruby>脊椎動物<rp>（</rp><rt>せきついどうぶつ</rt><rp>）</rp></ruby>、もたない動物を<ruby>無脊椎動物<rp>（</rp><rt>むせきついどうぶつ</rt><rp>）</rp></ruby>という。体の大小や陸上・水中という生活場所ではなく、体のつくりに基づく分類である。<div class=""links""><b>関連語：</b>脊椎動物／無脊椎動物／分類／背骨</div>"
<ruby>脊椎動物<rp>（</rp><rt>せきついどうぶつ</rt><rp>）</rp></ruby>の5群,"魚類・両生類・<ruby>爬虫類<rp>（</rp><rt>はちゅうるい</rt><rp>）</rp></ruby>・鳥類・哺乳類に分ける。呼吸器官、体表、体温、受精・子の生まれ方などを組み合わせて判断する。<div class=""links""><b>関連語：</b>魚類／両生類／爬虫類／鳥類／哺乳類</div>"
<ruby>顕微鏡<rp>（</rp><rt>けんびきょう</rt><rp>）</rp></ruby>の倍率,"総合倍率＝接眼レンズの倍率×対物レンズの倍率。倍率を上げると視野は狭く暗くなり、見える範囲は小さくなるが、像は大きく見える。<div class=""links""><b>関連語：</b>接眼レンズ／対物レンズ／視野／倍率</div>"
顕微鏡観察の手順,"低倍率の対物レンズにし、反射鏡・しぼりで明るさを調節する。横から見て対物レンズをプレパラートに近づけ、接眼レンズをのぞきながら離してピントを合わせ、観察物を中央にしてから高倍率にする。<div class=""links""><b>関連語：</b>低倍率／対物レンズ／調節ねじ／プレパラート</div>"
<ruby>顕微鏡<rp>（</rp><rt>けんびきょう</rt><rp>）</rp></ruby>の像とプレパラートの動かし方,"<ruby>顕微鏡<rp>（</rp><rt>けんびきょう</rt><rp>）</rp></ruby>の像は上下左右が逆に見える。像を右へ動かしたいときはプレパラートを左へ動かす。見失わないため、先に低倍率で像を視野中央に置く。<div class=""links""><b>関連語：</b>倒立像／視野／プレパラート／低倍率</div>"
高倍率に変えたときの視野,"倍率を上げると、視野の直径・面積は小さくなり、暗くなる。視野の直径は倍率にほぼ反比例するので、倍率を2倍にすると直径は約1/2、面積は約1/4になる。<div class=""links""><b>関連語：</b>倍率／視野の直径／視野の面積／明るさ</div>"
プレパラートのつくり方,"観察物を薄くしてスライドガラス上の水滴に置き、カバーガラスを端から斜めにゆっくり下ろす。これは気泡が入るのを防ぐため。余分な水は吸い取り紙で除く。<div class=""links""><b>関連語：</b>スライドガラス／カバーガラス／気泡／染色液</div>"
種子植物,"花を咲かせ、種子でふえる植物。<ruby>胚珠<rp>（</rp><rt>はいしゅ</rt><rp>）</rp></ruby>が<ruby>子房<rp>（</rp><rt>しぼう</rt><rp>）</rp></ruby>の中にある<ruby>被子植物<rp>（</rp><rt>ひししょくぶつ</rt><rp>）</rp></ruby>と、子房がなく胚珠がむき出しの<ruby>裸子植物<rp>（</rp><rt>らししょくぶつ</rt><rp>）</rp></ruby>に分かれる。<div class=""links""><b>関連語：</b>被子植物／裸子植物／胚珠／種子</div>"
<ruby>被子植物<rp>（</rp><rt>ひししょくぶつ</rt><rp>）</rp></ruby>と<ruby>裸子植物<rp>（</rp><rt>らししょくぶつ</rt><rp>）</rp></ruby>,"<ruby>被子植物<rp>（</rp><rt>ひししょくぶつ</rt><rp>）</rp></ruby>は<ruby>胚珠<rp>（</rp><rt>はいしゅ</rt><rp>）</rp></ruby>が子房内にあり、受精後に<ruby>子房<rp>（</rp><rt>しぼう</rt><rp>）</rp></ruby>が果実になる。<ruby>裸子植物<rp>（</rp><rt>らししょくぶつ</rt><rp>）</rp></ruby>は子房がなく胚珠がむき出しで、マツ・イチョウ・ソテツなどが代表。裸子植物にも花に相当する生殖器官はある。<div class=""links""><b>関連語：</b>胚珠／子房／果実／マツ</div>"
マツの花と種子,"雄花の花粉が風で雌花の<ruby>胚珠<rp>（</rp><rt>はいしゅ</rt><rp>）</rp></ruby>に届いて受粉する。雌花のりん片には胚珠がむき出しでつき、<ruby>子房<rp>（</rp><rt>しぼう</rt><rp>）</rp></ruby>がないため果実はできない。松かさは果実ではない。<div class=""links""><b>関連語：</b><ruby>裸子植物<rp>（</rp><rt>らししょくぶつ</rt><rp>）</rp></ruby>／雄花／雌花／胚珠</div>"
<ruby>双子葉類<rp>（</rp><rt>そうしようるい</rt><rp>）</rp></ruby>と<ruby>単子葉類<rp>（</rp><rt>たんしようるい</rt><rp>）</rp></ruby>,"<ruby>被子植物<rp>（</rp><rt>ひししょくぶつ</rt><rp>）</rp></ruby>を<ruby>子葉<rp>（</rp><rt>しよう</rt><rp>）</rp></ruby>の数で分ける。<ruby>双子葉類<rp>（</rp><rt>そうしようるい</rt><rp>）</rp></ruby>は子葉2枚・網状脈・主根と側根が典型、<ruby>単子葉類<rp>（</rp><rt>たんしようるい</rt><rp>）</rp></ruby>は子葉1枚・平行脈・ひげ根が典型。茎の<ruby>維管束<rp>（</rp><rt>いかんそく</rt><rp>）</rp></ruby>の並び方も異なる。<div class=""links""><b>関連語：</b>子葉／葉脈／根／維管束</div>"
<ruby>双子葉類<rp>（</rp><rt>そうしようるい</rt><rp>）</rp></ruby>の<ruby>合弁花類<rp>（</rp><rt>ごうべんかるい</rt><rp>）</rp></ruby>と<ruby>離弁花類<rp>（</rp><rt>りべんかるい</rt><rp>）</rp></ruby>,"花弁が根元までつながるものを<ruby>合弁花類<rp>（</rp><rt>ごうべんかるい</rt><rp>）</rp></ruby>（タンポポ・ツツジなど）、花弁が1枚ずつ離れるものを<ruby>離弁花類<rp>（</rp><rt>りべんかるい</rt><rp>）</rp></ruby>（アブラナ・サクラなど）という。花弁がない植物にはこの区分を直接使わない。<div class=""links""><b>関連語：</b><ruby>双子葉類<rp>（</rp><rt>そうしようるい</rt><rp>）</rp></ruby>／合弁花類／離弁花類／花弁</div>"
シダ植物,"<ruby>維管束<rp>（</rp><rt>いかんそく</rt><rp>）</rp></ruby>と根・茎・葉の区別があり、種子をつくらず胞子でふえる。葉の裏などに胞子のうが集まる。受精には水が必要で、日陰の湿った場所に多い。<div class=""links""><b>関連語：</b>胞子／維管束／胞子のう／コケ植物</div>"
コケ植物,"種子をつくらず胞子でふえ、<ruby>維管束<rp>（</rp><rt>いかんそく</rt><rp>）</rp></ruby>や本当の根をもたない。雌株・雄株が分かれるものが多く、体表から水を吸収するため湿った場所に多い。根のような仮根は体を固定する。<div class=""links""><b>関連語：</b>胞子／仮根／維管束／シダ植物</div>"
胞子と種子の違い,"胞子はふつう1個の細胞で、発芽して新しい個体につながる。種子は受精後の<ruby>胚珠<rp>（</rp><rt>はいしゅ</rt><rp>）</rp></ruby>が発達したもので、<ruby>胚<rp>（</rp><rt>はい</rt><rp>）</rp></ruby>と養分を含み、乾燥に耐えて広がりやすい。<div class=""links""><b>関連語：</b>胞子／種子／胚／受精</div>"
植物の分類手順,"まず種子をつくるかで分け、種子植物なら<ruby>胚珠<rp>（</rp><rt>はいしゅ</rt><rp>）</rp></ruby>が子房内か、<ruby>被子植物<rp>（</rp><rt>ひししょくぶつ</rt><rp>）</rp></ruby>なら<ruby>子葉<rp>（</rp><rt>しよう</rt><rp>）</rp></ruby>が1枚か2枚かを見る。種子をつくらない植物は<ruby>維管束<rp>（</rp><rt>いかんそく</rt><rp>）</rp></ruby>の有無などでシダ植物とコケ植物を分ける。<div class=""links""><b>関連語：</b>種子植物／被子植物／<ruby>単子葉類<rp>（</rp><rt>たんしようるい</rt><rp>）</rp></ruby>／シダ植物</div>"
動物を分類する観点,"背骨の有無を大きな基準とし、<ruby>脊椎動物<rp>（</rp><rt>せきついどうぶつ</rt><rp>）</rp></ruby>では呼吸器官・体表・体温・受精場所・子の生まれ方を比べる。見た目や生活場所だけで決めず、複数の形質を組み合わせる。<div class=""links""><b>関連語：</b>脊椎動物／<ruby>無脊椎動物<rp>（</rp><rt>むせきついどうぶつ</rt><rp>）</rp></ruby>／形質／分類</div>"
魚類の特徴,"一生を主に水中で過ごし、えらで呼吸し、ひれで泳ぐ。体表はうろこで覆われるものが多く、変温動物。多くは殻のない卵を水中に産み体外受精する。<div class=""links""><b>関連語：</b>えら／うろこ／変温動物／体外受精</div>"
両生類の特徴,"幼生は水中でえら呼吸し、成体は肺と皮膚で呼吸する。湿った皮膚をもち変温動物で、多くは殻のない卵を水中に産み体外受精する。カエルやイモリが代表。<div class=""links""><b>関連語：</b>えら呼吸／肺呼吸／変態／体外受精</div>"
<ruby>爬虫類<rp>（</rp><rt>はちゅうるい</rt><rp>）</rp></ruby>の特徴,"一生を肺で呼吸し、乾燥を防ぐうろこや甲で体表が覆われた変温動物。多くは陸上に殻のある卵を産み体内受精する。カメ・トカゲ・ヘビ・ワニが代表。<div class=""links""><b>関連語：</b>肺呼吸／うろこ／変温動物／体内受精</div>"
鳥類の特徴,"肺で呼吸し、体表は羽毛で覆われ、体温をほぼ一定に保つ恒温動物。殻のある卵を産み体内受精する。飛べないペンギンやダチョウも鳥類である。<div class=""links""><b>関連語：</b>羽毛／恒温動物／卵生／体内受精</div>"
哺乳類の特徴,"肺で呼吸し、体表に毛があり、恒温動物。多くは母体内で育った子を産み、乳で育てる。カモノハシは卵生、クジラは水中生活だが哺乳類である。<div class=""links""><b>関連語：</b>体毛／恒温動物／胎生／乳</div>"
恒温動物と変温動物,"恒温動物は外気温が変わっても体温をほぼ一定に保つ鳥類・哺乳類。変温動物は周囲の温度に伴って体温が変わりやすい魚類・両生類・<ruby>爬虫類<rp>（</rp><rt>はちゅうるい</rt><rp>）</rp></ruby>。『血が温かいか冷たいか』という分類ではない。<div class=""links""><b>関連語：</b>鳥類／哺乳類／代謝／体温</div>"
体外受精と体内受精,"体外受精は雌雄が体外へ出した卵と精子が受精し、魚類・両生類に多い。体内受精は雌の体内で受精し、<ruby>爬虫類<rp>（</rp><rt>はちゅうるい</rt><rp>）</rp></ruby>・鳥類・哺乳類に多い。産卵か胎生かとは別の観点である。<div class=""links""><b>関連語：</b>受精／卵生／胎生／生殖</div>"
卵生と胎生,"卵生は母体外に産まれた卵の中で発生し、胎生は母体内である程度育ってから子として生まれる。受精場所とは別で、鳥類は体内受精だが卵生、哺乳類の多くは体内受精で胎生。<div class=""links""><b>関連語：</b>体内受精／発生／鳥類／哺乳類</div>"
水中生活だけでは分類できない理由,"クジラは肺呼吸・恒温・胎生・授乳をするので哺乳類、ペンギンは羽毛と殻のある卵をもつ鳥類。生活場所ではなく、体のつくりや生殖の特徴で分類する。<div class=""links""><b>関連語：</b>クジラ／ペンギン／形質／<ruby>脊椎動物<rp>（</rp><rt>せきついどうぶつ</rt><rp>）</rp></ruby></div>"
<ruby>節足動物<rp>（</rp><rt>せっそくどうぶつ</rt><rp>）</rp></ruby>,"<ruby>外骨格<rp>（</rp><rt>がいこっかく</rt><rp>）</rp></ruby>と節のある脚をもち、成長時に脱皮する<ruby>無脊椎動物<rp>（</rp><rt>むせきついどうぶつ</rt><rp>）</rp></ruby>。昆虫類・甲殻類・クモ類・多足類などを含む。体が節に分かれることも特徴。<div class=""links""><b>関連語：</b>外骨格／脱皮／昆虫類／甲殻類</div>"
<ruby>外骨格<rp>（</rp><rt>がいこっかく</rt><rp>）</rp></ruby>,"<ruby>節足動物<rp>（</rp><rt>せっそくどうぶつ</rt><rp>）</rp></ruby>の体の外側を覆い、体を支え内部を守る硬い構造。体と一緒には大きくならないため、古い<ruby>外骨格<rp>（</rp><rt>がいこっかく</rt><rp>）</rp></ruby>を脱ぐ脱皮をして成長する。<div class=""links""><b>関連語：</b>節足動物／脱皮／昆虫／甲殻類</div>"
昆虫類・クモ類・甲殻類の見分け方,"昆虫類は頭・胸・腹と脚3対、クモ類は頭胸部・腹部と脚4対、甲殻類は多くがえら呼吸し脚が5対以上のものが多い。脚の数と体の区分を確認する。<div class=""links""><b>関連語：</b>昆虫類／クモ類／甲殻類／<ruby>節足動物<rp>（</rp><rt>せっそくどうぶつ</rt><rp>）</rp></ruby></div>"
<ruby>軟体動物<rp>（</rp><rt>なんたいどうぶつ</rt><rp>）</rp></ruby>,"内臓が外とう膜で包まれ、節のある脚や<ruby>外骨格<rp>（</rp><rt>がいこっかく</rt><rp>）</rp></ruby>をもたない<ruby>無脊椎動物<rp>（</rp><rt>むせきついどうぶつ</rt><rp>）</rp></ruby>。イカ・タコ・アサリ・マイマイなど。アサリはえら、マイマイは肺に似た器官で呼吸する。<div class=""links""><b>関連語：</b>外とう膜／イカ／アサリ／無脊椎動物</div>"
<ruby>節足動物<rp>（</rp><rt>せっそくどうぶつ</rt><rp>）</rp></ruby>と<ruby>軟体動物<rp>（</rp><rt>なんたいどうぶつ</rt><rp>）</rp></ruby>の違い,"<ruby>節足動物<rp>（</rp><rt>せっそくどうぶつ</rt><rp>）</rp></ruby>は<ruby>外骨格<rp>（</rp><rt>がいこっかく</rt><rp>）</rp></ruby>と節のある脚をもち、<ruby>軟体動物<rp>（</rp><rt>なんたいどうぶつ</rt><rp>）</rp></ruby>はやわらかい体で内臓が外とう膜に包まれる。カニは節足動物、イカや貝は軟体動物である。殻の有無だけでは判断しない。<div class=""links""><b>関連語：</b>外骨格／外とう膜／脱皮／<ruby>無脊椎動物<rp>（</rp><rt>むせきついどうぶつ</rt><rp>）</rp></ruby></div>"
地球の層構造,"外側から地殻・マントル・核に分かれる。地殻は薄く、マントルは固体だが長時間ではゆっくり流動する。核は鉄・ニッケルを主成分とし、外核は液体、内核は固体。<div class=""links""><b>関連語：</b>地殻／マントル／外核／内核</div>"
プレート,"地殻と上部マントルの一部からなる硬い板状の部分。地球表面を覆い、年数cm程度で動く。境界では地震や火山活動が多い。大陸そのものだけを指す語ではない。<div class=""links""><b>関連語：</b>プレート境界／地震／火山／マントル</div>"
海洋プレートの沈み込み,"密度の大きい海洋プレートが大陸側のプレートの下へ沈み込み、海溝をつくる。境界の固着と急なずれで地震が起こり、深部で生じたマグマが火山活動につながる。<div class=""links""><b>関連語：</b>海溝／震源／マグマ／プレート境界</div>"
マグマ,"地下の岩石が高温で部分的に溶けた物質で、結晶や火山ガスを含む。マグマが地表へ噴出したものを溶岩といい、通常は地下にあったときより火山ガスが抜けている。<div class=""links""><b>関連語：</b>溶岩／火山ガス／火成岩／マグマだまり</div>"
噴火で出るもの,"溶岩、火山灰、火山弾・火山れきなどの火山砕屑物、火山ガスが放出される。高温の火山ガスと破片が高速で流れる火砕流は、溶岩流とは異なる。<div class=""links""><b>関連語：</b>溶岩／火山灰／火山弾／火砕流</div>"
マグマのねばりけと噴火,"ねばりけが小さい玄武岩質マグマはガスが抜けやすく比較的穏やかで、溶岩が広がりやすい。ねばりけが大きい流紋岩質マグマはガス圧が高まり爆発的噴火になりやすい。<div class=""links""><b>関連語：</b>玄武岩質／流紋岩質／火山ガス／噴火</div>"
火山の形とマグマ,"ねばりけが小さいと溶岩が遠くまで流れ、傾斜の緩やかな火山になりやすい。中程度では円すい形、非常に大きいと盛り上がった溶岩ドームになりやすい。形だけで断定せず噴出物も見る。<div class=""links""><b>関連語：</b>盾状火山／成層火山／溶岩ドーム／粘性</div>"
火山灰の観察方法,"火山灰は微粒子なので、湿らせて飛散を抑え、保護眼鏡・マスクを着けて目をこすらない。水で洗って泥を除き、乾燥後に双眼実体顕微鏡などで観察し、色・形・割れ方から鉱物や給源火山を比べる。<div class=""links""><b>関連語：</b>鉱物／双眼実体顕微鏡／火山灰層／マグマ</div>"
鉱物,"天然にできた、ほぼ一定の化学組成と結晶構造をもつ固体。岩石をつくる粒の一つ一つである。岩石は複数種類の鉱物やガラス質からなることが多い。<div class=""links""><b>関連語：</b>結晶／岩石／<ruby>石英<rp>（</rp><rt>せきえい</rt><rp>）</rp></ruby>／<ruby>長石<rp>（</rp><rt>ちょうせき</rt><rp>）</rp></ruby></div>"
無色鉱物と有色鉱物,"<ruby>石英<rp>（</rp><rt>せきえい</rt><rp>）</rp></ruby>・<ruby>長石<rp>（</rp><rt>ちょうせき</rt><rp>）</rp></ruby>など白色〜無色で鉄やマグネシウムが少ないものを無色鉱物、<ruby>黒雲母<rp>（</rp><rt>くろうんも</rt><rp>）</rp></ruby>・<ruby>角閃石<rp>（</rp><rt>かくせんせき</rt><rp>）</rp></ruby>・<ruby>輝石<rp>（</rp><rt>きせき</rt><rp>）</rp></ruby>・カンラン石など色が濃いものを有色鉱物という。割合は岩石の色に関係する。<div class=""links""><b>関連語：</b>石英／長石／黒雲母／輝石</div>"
<ruby>石英<rp>（</rp><rt>せきえい</rt><rp>）</rp></ruby>と<ruby>長石<rp>（</rp><rt>ちょうせき</rt><rp>）</rp></ruby>の見分け,"<ruby>石英<rp>（</rp><rt>せきえい</rt><rp>）</rp></ruby>は無色〜白色で不規則に割れ、ガラスのような光沢。<ruby>長石<rp>（</rp><rt>ちょうせき</rt><rp>）</rp></ruby>は白色〜桃色で、決まった方向に割れやすい。色だけでなく割れ方・光沢も合わせて判断する。<div class=""links""><b>関連語：</b>石英／長石／へき開／無色鉱物</div>"
主な有色鉱物,"<ruby>黒雲母<rp>（</rp><rt>くろうんも</rt><rp>）</rp></ruby>は黒く薄くはがれ、<ruby>角閃石<rp>（</rp><rt>かくせんせき</rt><rp>）</rp></ruby>は黒〜濃緑で細長い柱状、<ruby>輝石<rp>（</rp><rt>きせき</rt><rp>）</rp></ruby>は暗緑〜黒で短い柱状、カンラン石は黄緑色の粒状。形と色を組み合わせて識別する。<div class=""links""><b>関連語：</b>黒雲母／角閃石／輝石／カンラン石</div>"
火成岩,"マグマが冷えて固まった岩石。地表付近で急に冷えた火山岩と、地下深くでゆっくり冷えた<ruby>深成岩<rp>（</rp><rt>しんせいがん</rt><rp>）</rp></ruby>に分かれる。冷える速さが結晶の大きさと組織を決める。<div class=""links""><b>関連語：</b>火山岩／深成岩／マグマ／結晶</div>"
<ruby>斑状組織<rp>（</rp><rt>はんじょうそしき</rt><rp>）</rp></ruby>,"大きな結晶の斑晶が、細かな結晶やガラス質の石基に囲まれる組織。マグマが地下で一部結晶化した後、地表付近で急冷した火山岩に典型的。<div class=""links""><b>関連語：</b>斑晶／石基／火山岩／急冷</div>"
<ruby>等粒状組織<rp>（</rp><rt>とうりゅうじょうそしき</rt><rp>）</rp></ruby>,"ほぼ同じ大きさの結晶が組み合わさった組織。地下深くでマグマ全体がゆっくり冷え、結晶が成長した<ruby>深成岩<rp>（</rp><rt>しんせいがん</rt><rp>）</rp></ruby>に典型的。肉眼で鉱物を見分けやすい。<div class=""links""><b>関連語：</b>結晶／深成岩／徐冷／<ruby>花こう岩<rp>（</rp><rt>かこうがん</rt><rp>）</rp></ruby></div>"
火山岩と<ruby>深成岩<rp>（</rp><rt>しんせいがん</rt><rp>）</rp></ruby>の対応,"白っぽい順に、火山岩は<ruby>流紋岩<rp>（</rp><rt>りゅうもんがん</rt><rp>）</rp></ruby>・安山岩・<ruby>玄武岩<rp>（</rp><rt>げんぶがん</rt><rp>）</rp></ruby>、対応する<ruby>深成岩<rp>（</rp><rt>しんせいがん</rt><rp>）</rp></ruby>は<ruby>花こう岩<rp>（</rp><rt>かこうがん</rt><rp>）</rp></ruby>・<ruby>閃緑岩<rp>（</rp><rt>せんりょくがん</rt><rp>）</rp></ruby>・<ruby>斑れい岩<rp>（</rp><rt>はんれいがん</rt><rp>）</rp></ruby>。同じ列ほど鉱物組成が似る。<div class=""links""><b>関連語：</b>流紋岩／安山岩／玄武岩／花こう岩</div>"
火成岩の色と密度,"無色鉱物が多い<ruby>流紋岩<rp>（</rp><rt>りゅうもんがん</rt><rp>）</rp></ruby>・<ruby>花こう岩<rp>（</rp><rt>かこうがん</rt><rp>）</rp></ruby>は白っぽく比較的密度が小さい。有色鉱物が多い<ruby>玄武岩<rp>（</rp><rt>げんぶがん</rt><rp>）</rp></ruby>・<ruby>斑れい岩<rp>（</rp><rt>はんれいがん</rt><rp>）</rp></ruby>は黒っぽく比較的密度が大きい。中間が安山岩・<ruby>閃緑岩<rp>（</rp><rt>せんりょくがん</rt><rp>）</rp></ruby>。<div class=""links""><b>関連語：</b>無色鉱物／有色鉱物／密度／鉱物組成</div>"
冷却速度と結晶の大きさ,"ゆっくり冷えると原子が規則正しく並ぶ時間があり結晶が大きくなる。急に冷えると結晶が小さいかガラス質になる。大きい結晶ほど高温だった、とは限らない。<div class=""links""><b>関連語：</b><ruby>深成岩<rp>（</rp><rt>しんせいがん</rt><rp>）</rp></ruby>／火山岩／結晶／冷却速度</div>"
火山のハザードマップ,"想定される火口、溶岩流・火砕流・降灰・泥流などの到達範囲や避難場所を示す。噴火ごとに現象や風向が変わるので、地図は予測の一つとして最新情報と併用する。<div class=""links""><b>関連語：</b>火砕流／降灰／避難／噴火警戒レベル</div>"
震源と<ruby>震央<rp>（</rp><rt>しんおう</rt><rp>）</rp></ruby>,"地下で岩盤が破壊され地震が発生した場所が震源、その真上の地表点が<ruby>震央<rp>（</rp><rt>しんおう</rt><rp>）</rp></ruby>。震央に最も近い地点が必ず最大震度になるとは限らず、地盤や震源の深さも影響する。<div class=""links""><b>関連語：</b>震源／震央／震度／断層</div>"
P波とS波,"P波は速く伝わる縦波で、固体・液体・気体を伝わり初期微動を起こす。S波は遅い横波で、固体だけを伝わり主要動を起こす。液体の外核をS波が通らないことは、地球内部を知る手がかりになる。<div class=""links""><b>関連語：</b>初期微動／主要動／縦波／横波</div>"
初期微動と主要動,"最初の小さな揺れが初期微動でP波による。その後の大きな揺れが主要動でS波による。初期微動継続時間はP波到着からS波到着までの時間。<div class=""links""><b>関連語：</b>P波／S波／初期微動継続時間／地震計</div>"
初期微動継続時間と震源距離,"P波とS波の速さの差によって生じ、震源から遠いほど長くなる。同じ地震なら震源距離にほぼ比例するため、既知地点との比例計算で距離を求められる。地震の規模を直接表す時間ではない。<div class=""links""><b>関連語：</b>P波／S波／震源距離／比例</div>"
地震波の速さを求めるグラフ,"横軸が距離、縦軸が到着時刻または経過時間なら、直線の傾きは時間差÷距離差で、速さ＝距離差÷時間差。したがって傾きが小さいP波の方が速い。絶対的な到着時刻をそのまま伝わる時間として割らず、2点の差か発震時刻を使う。<div class=""links""><b>関連語：</b>走時曲線／P波／S波／速さ</div>"
発震時刻の求め方,"P波の到着時刻から、震源距離÷P波の速さで求めた伝わる時間を引く。複数観測点の走時曲線を距離0まで延長した交点からも読める。到着時刻と発生時刻を混同しない。<div class=""links""><b>関連語：</b>P波到着時刻／震源距離／走時曲線／発震時刻</div>"
震度,"ある地点での揺れの強さを表し、日本では気象庁震度階級0〜7（5と6は弱・強）を用いる。同じ地震でも震源距離・深さ・地盤などで地点ごとに異なる。<div class=""links""><b>関連語：</b>気象庁震度階級／地盤／震源距離／マグニチュード</div>"
マグニチュード,"地震そのものの規模、すなわち放出エネルギーの大きさを表す。原則として一つの地震に一つの値。1大きくなるとエネルギーは約32倍、2大きいと約1000倍。<div class=""links""><b>関連語：</b>震度／地震エネルギー／震源／対数</div>"
震度とマグニチュードの違い,"マグニチュードは地震全体の規模、震度は各地点の揺れ。大きな地震でも遠ければ震度は小さいことがあり、小規模でも浅く近ければ強く揺れることがある。<div class=""links""><b>関連語：</b>震度／マグニチュード／震源距離／震源の深さ</div>"
地震が起こる仕組み,"プレート運動などで岩盤に力がたまり、限界を超えると断層面で急にずれて弾性エネルギーが地震波として放出される。地震後もプレート運動は続く。<div class=""links""><b>関連語：</b>プレート／断層／弾性エネルギー／地震波</div>"
海溝型地震と内陸地震,"海溝型は沈み込むプレート境界などで起こり、規模が大きく津波を伴うことがある。内陸地震は陸側プレート内部の活断層などで起こり、浅くても局地的に強く揺れる。<div class=""links""><b>関連語：</b>海溝／活断層／津波／プレート境界</div>"
津波が起こる仕組み,"海底が地震などで急に上下し、海水全体が押し上げ・引き下げられて長い波が広がる。深海では低く速く、浅海で速度が落ち波高が増す。通常の風波とは仕組みが違う。<div class=""links""><b>関連語：</b>海底変動／海溝型地震／波高／避難</div>"
緊急地震速報の原理,"震源近くで速いP波を検知し、遅いS波による強い揺れが届く前に知らせる。震源に近い地域では間に合わない場合があり、地震そのものを予知する仕組みではない。<div class=""links""><b>関連語：</b>P波／S波／初期微動／主要動</div>"
液状化,"水を多く含むゆるい砂地盤が強い揺れで液体のようになり、建物の沈下やマンホールの浮上が起こる現象。埋立地や旧河道などで起こりやすい。<div class=""links""><b>関連語：</b>砂地盤／地下水／地震／埋立地</div>"
<ruby>堆積物<rp>（</rp><rt>たいせきぶつ</rt><rp>）</rp></ruby>の粒の大きさ,"粒が大きい順に、れき（直径2 mm以上）・砂（1/16〜2 mm）・泥（1/16 mm未満）。流れが弱くなると大きな粒から先に沈み、細かな粒ほど遠くまで運ばれやすい。<div class=""links""><b>関連語：</b>れき／砂／泥／流速</div>"
級化層理,"一枚の層の中で下ほど粒が大きく、上ほど細かくなる構造。流れがしだいに弱まって、大きな粒から順に沈んだことを示し、地層の上下判定にも使える。<div class=""links""><b>関連語：</b><ruby>堆積<rp>（</rp><rt>たいせき</rt><rp>）</rp></ruby>／粒径／地層／上下判定</div>"
流水で粒が丸くなる理由,"れきが運ばれる間に互いにぶつかり、川底とこすれて角が削られるため。一般に上流では角ばり、下流ほど丸みを帯び小さくなる。岩石の硬さにも左右される。<div class=""links""><b>関連語：</b>運搬／<ruby>侵食<rp>（</rp><rt>しんしょく</rt><rp>）</rp></ruby>／れき／河川</div>"
堆積岩,"<ruby>堆積物<rp>（</rp><rt>たいせきぶつ</rt><rp>）</rp></ruby>が押し固められ、粒のすき間を鉱物が埋めて固まった岩石。れき岩・砂岩・泥岩・<ruby>凝灰岩<rp>（</rp><rt>ぎょうかいがん</rt><rp>）</rp></ruby>・石灰岩・チャートなどがある。層理や化石を含むことが多い。<div class=""links""><b>関連語：</b>堆積物／層理／化石／続成作用</div>"
れき岩・砂岩・泥岩,"主な粒の大きさで区別する。直径2 mm以上の丸いれきが多いのがれき岩、砂粒が砂岩、非常に細かな泥が泥岩。岩石全体の大きさではなく構成粒子を見る。<div class=""links""><b>関連語：</b>れき／砂／泥／粒径</div>"
<ruby>凝灰岩<rp>（</rp><rt>ぎょうかいがん</rt><rp>）</rp></ruby>,"火山灰などの火山噴出物が<ruby>堆積<rp>（</rp><rt>たいせき</rt><rp>）</rp></ruby>して固まった岩石。広い範囲に短期間で積もる火山灰層は、離れた地層を同じ時代として対比する鍵層になりやすい。<div class=""links""><b>関連語：</b>火山灰／鍵層／堆積岩／噴火</div>"
石灰岩,"サンゴや貝殻などの炭酸カルシウムが<ruby>堆積<rp>（</rp><rt>たいせき</rt><rp>）</rp></ruby>してできることが多い。うすい塩酸をかけると二酸化炭素を発生して泡立つ。生物起源でない石灰岩もある。<div class=""links""><b>関連語：</b>炭酸カルシウム／塩酸／サンゴ／二酸化炭素</div>"
チャート,"主に二酸化ケイ素からなり、放散虫など微小生物の殻が深海底に<ruby>堆積<rp>（</rp><rt>たいせき</rt><rp>）</rp></ruby>してできるものが多い。非常に硬く、うすい塩酸では泡立たない。石灰岩との識別点。<div class=""links""><b>関連語：</b>二酸化ケイ素／放散虫／石灰岩／深海</div>"
<ruby>示準化石<rp>（</rp><rt>しじゅんかせき</rt><rp>）</rp></ruby>,"地層が<ruby>堆積<rp>（</rp><rt>たいせき</rt><rp>）</rp></ruby>した年代を知る手がかりとなる化石。短い期間に栄え、広い範囲に分布した生物が適する。例はフズリナ・アンモナイト・ビカリア・ナウマンゾウなど。<div class=""links""><b>関連語：</b>年代／地質時代／アンモナイト／地層対比</div>"
<ruby>示相化石<rp>（</rp><rt>しそうかせき</rt><rp>）</rp></ruby>,"地層が<ruby>堆積<rp>（</rp><rt>たいせき</rt><rp>）</rp></ruby>した当時の環境を知る手がかりとなる化石。限られた環境にすむ生物が適し、サンゴは暖かく浅い海、シジミは河口や湖などの汽水・淡水環境を示す。<div class=""links""><b>関連語：</b>堆積環境／サンゴ／シジミ／化石</div>"
<ruby>示準化石<rp>（</rp><rt>しじゅんかせき</rt><rp>）</rp></ruby>と<ruby>示相化石<rp>（</rp><rt>しそうかせき</rt><rp>）</rp></ruby>の違い,"<ruby>示準化石<rp>（</rp><rt>しじゅんかせき</rt><rp>）</rp></ruby>は『いつ』を示し、短期間・広範囲の生物が適する。<ruby>示相化石<rp>（</rp><rt>しそうかせき</rt><rp>）</rp></ruby>は『どんな環境』を示し、生息環境が限られる生物が適する。同じ化石が両方の情報を与えることもある。<div class=""links""><b>関連語：</b>年代／堆積環境／地層／化石</div>"
古生代の代表的な生物,"海では三葉虫・フズリナ、陸上ではシダ植物が繁栄し、魚類から両生類・<ruby>爬虫類<rp>（</rp><rt>はちゅうるい</rt><rp>）</rp></ruby>が現れた。末に大規模な絶滅。化石と時代を一対一の暗記だけにせず順序で捉える。<div class=""links""><b>関連語：</b>三葉虫／フズリナ／シダ植物／<ruby>示準化石<rp>（</rp><rt>しじゅんかせき</rt><rp>）</rp></ruby></div>"
中生代の代表的な生物,"<ruby>爬虫類<rp>（</rp><rt>はちゅうるい</rt><rp>）</rp></ruby>、とくに恐竜が繁栄し、アンモナイトも広く分布した。初期の哺乳類や鳥類も現れた。末の大量絶滅後、鳥類につながる系統を除く恐竜とアンモナイトは姿を消した。<div class=""links""><b>関連語：</b>恐竜／アンモナイト／爬虫類／大量絶滅</div>"
新生代の代表的な生物,"哺乳類と<ruby>被子植物<rp>（</rp><rt>ひししょくぶつ</rt><rp>）</rp></ruby>が多様化した。日本の地層では新生代のビカリアやナウマンゾウなどが年代の手がかりになる。人類が現れたのも新生代。<div class=""links""><b>関連語：</b>哺乳類／被子植物／ビカリア／ナウマンゾウ</div>"
<ruby>地層累重<rp>（</rp><rt>ちそうるいじゅう</rt><rp>）</rp></ruby>の法則,"地層が大きく乱されず順に<ruby>堆積<rp>（</rp><rt>たいせき</rt><rp>）</rp></ruby>したなら、下の地層ほど古く上ほど新しい。断層で逆転したり<ruby>褶曲<rp>（</rp><rt>しゅうきょく</rt><rp>）</rp></ruby>したりした地層にはそのまま適用せず、上下を示す構造も確認する。<div class=""links""><b>関連語：</b>堆積／新旧関係／褶曲／断層</div>"
<ruby>不整合<rp>（</rp><rt>ふせいごう</rt><rp>）</rp></ruby>,"地層が<ruby>堆積<rp>（</rp><rt>たいせき</rt><rp>）</rp></ruby>した後に隆起・<ruby>侵食<rp>（</rp><rt>しんしょく</rt><rp>）</rp></ruby>され、その上に新しい地層が堆積してできる時間の不連続な境界。境界面の上下で傾きが違うことや基底れき岩が手がかりになる。<div class=""links""><b>関連語：</b>隆起／侵食／堆積／時間間隙</div>"
<ruby>褶曲<rp>（</rp><rt>しゅうきょく</rt><rp>）</rp></ruby>,"地層が横から強い力を受け、波状に曲がること。山地形成などと関係する。割れてずれる断層とは区別し、地層が連続して曲がっているかを見る。<div class=""links""><b>関連語：</b>圧縮／断層／地層／造山運動</div>"
断層,"地下の岩盤や地層が割れ、その面を境にずれる構造。引っ張る力で上盤が下がる正断層、圧縮で上盤が上がる逆断層、水平にずれる横ずれ断層がある。<div class=""links""><b>関連語：</b>正断層／逆断層／横ずれ断層／地震</div>"
正断層と逆断層,"正断層は引っ張る力で上盤が相対的に下がり、逆断層は圧縮する力で上盤が上がる。図では地面の高さではなく、傾いた断層面の上側にある岩盤が上盤。<div class=""links""><b>関連語：</b>上盤／下盤／引張力／圧縮力</div>"
<ruby>柱状図<rp>（</rp><rt>ちゅうじょうず</rt><rp>）</rp></ruby>,"ある地点の地層を、厚さ・岩質・化石などとともに柱状に表した図。上ほど新しいのが基本。標高の異なる地点を比べるときは、図の上端ではなく同じ標高や鍵層を基準にする。<div class=""links""><b>関連語：</b>地層／標高／鍵層／地層対比</div>"
鍵層,"特徴が明瞭で広く追跡でき、複数地点の地層を対比する目印となる層。短時間に広域へ積もった火山灰層などが適する。同じ岩質というだけで同一層とは限らない。<div class=""links""><b>関連語：</b>火山灰層／<ruby>柱状図<rp>（</rp><rt>ちゅうじょうず</rt><rp>）</rp></ruby>／地層対比／噴火</div>"
<ruby>柱状図<rp>（</rp><rt>ちゅうじょうず</rt><rp>）</rp></ruby>から地層の傾きを読む,"同じ鍵層の標高を比べると、2地点を結ぶ方向では高い側から低い側へ地層が傾く。地表高度と鍵層までの深さから実際の標高を求める。真の傾斜方向や走向を一意に定めるには、一直線上でない少なくとも3地点が必要。<div class=""links""><b>関連語：</b>鍵層／標高／深さ／走向傾斜</div>"
ボーリング資料の標高換算,"地層境界の標高＝地表の標高－地表からの深さ。複数地点で同じ層の境界標高を比較する。深さの数値だけを直接比べると、地表の高さが違う場合に誤る。<div class=""links""><b>関連語：</b>ボーリング／<ruby>柱状図<rp>（</rp><rt>ちゅうじょうず</rt><rp>）</rp></ruby>／標高／鍵層</div>"
地質断面の出来事の順序,"基本は<ruby>堆積<rp>（</rp><rt>たいせき</rt><rp>）</rp></ruby>→変形や<ruby>貫入<rp>（</rp><rt>かんにゅう</rt><rp>）</rp></ruby>→<ruby>侵食<rp>（</rp><rt>しんしょく</rt><rp>）</rp></ruby>→新たな堆積。断層や火成岩が切っている地層より、その断層・貫入は新しい。切られている方が古いという交差関係を使う。<div class=""links""><b>関連語：</b>断層／貫入／<ruby>不整合<rp>（</rp><rt>ふせいごう</rt><rp>）</rp></ruby>／新旧関係</div>"
風化と<ruby>侵食<rp>（</rp><rt>しんしょく</rt><rp>）</rp></ruby>,"風化は温度変化・水・生物などで岩石がその場でもろくなること。<ruby>侵食<rp>（</rp><rt>しんしょく</rt><rp>）</rp></ruby>は流水・波・氷河・風などが岩石や土砂を削り取ること。『その場で崩れる』と『運び去られる』を区別する。<div class=""links""><b>関連語：</b>風化／侵食／運搬／<ruby>堆積<rp>（</rp><rt>たいせき</rt><rp>）</rp></ruby></div>"
地下水と<ruby>帯水層<rp>（</rp><rt>たいすいそう</rt><rp>）</rp></ruby>,"雨水が地中へしみ込み、砂やれきなど水を通しやすい層に蓄えられた水が地下水。水を通しやすく蓄える地層を<ruby>帯水層<rp>（</rp><rt>たいすいそう</rt><rp>）</rp></ruby>、粘土など通しにくい層を難透水層という。<div class=""links""><b>関連語：</b>浸透／帯水層／難透水層／湧水</div>"
<ruby>扇状地<rp>（</rp><rt>せんじょうち</rt><rp>）</rp></ruby>,"山地から平地へ出た川の流れが急に弱まり、れきや砂が扇形に<ruby>堆積<rp>（</rp><rt>たいせき</rt><rp>）</rp></ruby>した地形。水はけがよく、扇端では地下水が湧きやすい。<ruby>三角州<rp>（</rp><rt>さんかくす</rt><rp>）</rp></ruby>より粒が粗い。<div class=""links""><b>関連語：</b>堆積／扇頂／扇端／三角州</div>"
<ruby>三角州<rp>（</rp><rt>さんかくす</rt><rp>）</rp></ruby>,"川が海や湖へ注ぐ河口付近で流れが弱まり、細かな砂や泥が<ruby>堆積<rp>（</rp><rt>たいせき</rt><rp>）</rp></ruby>してできる低く平らな地形。水はけが悪いことがあり、洪水や液状化の危険も考える。<div class=""links""><b>関連語：</b>河口／堆積／泥／<ruby>扇状地<rp>（</rp><rt>せんじょうち</rt><rp>）</rp></ruby></div>"
<ruby>河岸段丘<rp>（</rp><rt>かがんだんきゅう</rt><rp>）</rp></ruby>,"かつての川底や氾濫原が、土地の隆起や海面変化などで川より高い段丘面として残った地形。川が下刻して段差をつくる。海岸にできる海岸段丘と区別する。<div class=""links""><b>関連語：</b>隆起／<ruby>侵食<rp>（</rp><rt>しんしょく</rt><rp>）</rp></ruby>／段丘面／河川</div>"
複数観測点から<ruby>震央<rp>（</rp><rt>しんおう</rt><rp>）</rp></ruby>を推定する方法,"地図上で各観測点を中心に、求めた震央距離を半径とする円を描くと、共通の交点付近が<ruby>震央<rp>（</rp><rt>しんおう</rt><rp>）</rp></ruby>になる。2地点では候補が2つ残り得るため、3地点以上で絞る。震源距離しかない場合は本来、観測点を中心とする球面の地下での交点が震源で、その真上が震央である。<div class=""links""><b>関連語：</b>震央／震源距離／初期微動継続時間／走時曲線</div>"
<ruby>反証<rp>（</rp><rt>はんしょう</rt><rp>）</rp></ruby>できる仮説,"どの観察結果が出れば誤りだと判断するかを、実験前に示せる仮説である。どんな結果にも後付けで合わせられる説明は、科学的に厳しく検討できない。<div class=""links""><b>関連語：</b>反証可能性／仮説／予測／検証</div>"
予想と違う結果が出たときの順序,"まず記録・操作・器具・条件を確認し、必要なら再実験する。結果を都合よく変えず、再現するなら仮説や前提を修正する。<div class=""links""><b>関連語：</b>予想外の結果／再実験／仮説修正／誤差</div>"
実験結果から言える範囲,"実際に調べた対象・条件・数値範囲に限って結論を書く。少数の植物や一つの温度で得た結果を、全生物・全条件へ無条件に広げない。<div class=""links""><b>関連語：</b>結論／一般化／標本／<ruby>外挿<rp>（</rp><rt>がいそう</rt><rp>）</rp></ruby></div>"
操作の理由まで説明する実験計画,"手順だけでなく「温度をそろえて別要因を除く」「最初の気体を捨てて装置内の空気を除く」のように目的を書く。理由があると、必要な操作と不要な操作を判別できる。<div class=""links""><b>関連語：</b>実験計画／操作理由／条件制御／安全</div>"
測るたび不規則に変わるずれ,"読み取りやわずかな環境変動で正負にばらつくずれを偶然誤差という。回数を増やして平均すると影響を小さくできるが、完全には消えない。<div class=""links""><b>関連語：</b>偶然誤差／反復／平均／散らばり</div>"
全測定を同じ向きにずらす誤差,"器具のゼロ点ずれや校正不良のように、値を一方向へ偏らせるものを系統誤差という。回数を増やして平均しても直らず、器具・方法の点検や補正が必要である。<div class=""links""><b>関連語：</b>系統誤差／ゼロ点／校正／補正</div>"
測定誤差と操作ミスの違い,"誤差は正しく測っても残る不確かさ、操作ミスは目盛の読み違い・条件違反など避けられる失敗である。ミスを「誤差」と呼んで平均へ混ぜず、原因を確認して再測定する。<div class=""links""><b>関連語：</b>測定誤差／操作ミス／再測定／外れ値</div>"
正確さと精密さの違い,"正確さは真の値に近い程度、精密さは繰り返した値同士がそろう程度である。値が密集していても、ゼロ点がずれていれば精密だが正確でない。<div class=""links""><b>関連語：</b>正確さ／精密さ／系統誤差／偶然誤差</div>"
二つの量の関係を見る点の集まり,"各測定を一つの点として表す散布図を使うと、増減の傾向、ばらつき、外れ値が見える。点が右上がりでも、それだけで因果関係は証明できない。<div class=""links""><b>関連語：</b>散布図／相関／外れ値／因果</div>"
グラフの傾きが表すもの,"傾きは縦軸の変化量÷横軸の変化量で、横へ1単位進むと縦がどれだけ変わるかを表す。意味と単位は軸によって変わり、距離―時間なら速さになる。<div class=""links""><b>関連語：</b>傾き／変化量／速さ／単位</div>"
複数の曲線を比べる順序,"<ruby>凡例<rp>（</rp><rt>はんれい</rt><rp>）</rp></ruby>を確認し、同じ横軸の値で縦軸を比べ、交点・傾き・最大最小・変化開始時点を見る。一方だけ別の時刻で比べない。<div class=""links""><b>関連語：</b>凡例／複数系列／傾き／交点</div>"
測定点の間の値を見積もること,"既知データの範囲内で、点と点の間の値を傾向から見積もることを<ruby>内挿<rp>（</rp><rt>ないそう</rt><rp>）</rp></ruby>という。関係が滑らかに続くという仮定を使うため、急変点がある場合は注意する。<div class=""links""><b>関連語：</b>内挿／近似線／測定範囲／推定</div>"
傾向から外れた点の扱い,"すぐ削除せず、記録・器具・条件を確認し、可能なら再測定する。ミスと確認できれば理由付きで除外し、再現するなら新しい現象の手掛かりとして残す。<div class=""links""><b>関連語：</b>外れ値／再測定／操作ミス／発見</div>"
公式を安全に変形する方法,"求めたい文字だけを残すため、等式の両辺へ同じ演算を行う。V=IRからIを求めるなら両辺をRで割り、I=V/Rとする。<div class=""links""><b>関連語：</b>等式／式変形／オームの法則／逆算</div>"
答えの単位で式を点検する,"式の各量を単位付きで計算し、求めたい量の単位になるか確認する。距離÷時間がm/sになるように、単位が合わなければ換算または式の誤りを疑う。<div class=""links""><b>関連語：</b>次元／単位／式／検算</div>"
濃い薬品を薄めるときの確認事項,"薬品ごとの指定手順を守り、保護具を着け、少量ずつ混ぜて発熱や飛散を避ける。特に濃硫酸は必ず酸を水へ少しずつ加え、逆にしない。<div class=""links""><b>関連語：</b>希釈／発熱／酸／保護眼鏡</div>"
通電後の電熱線へすぐ触れない理由,"見た目が変わらなくても高温になり、電源を切った後もしばらく熱い。通電時間を守り、冷えたことを確かめてから扱う。<div class=""links""><b>関連語：</b>電熱線／ジュール熱／通電／やけど</div>"
主張・証拠・理由付けの組み立て,"結論となる主張、資料から選んだ証拠、科学概念を使って両者を結ぶ理由付けの順に説明する。数値を写すだけでは、なぜ結論を支えるかが不足する。<div class=""links""><b>関連語：</b>主張／証拠／理由付け／科学概念</div>"
複数資料が一致しないときの点検,"対象、期間、場所、単位、測定方法、標本数が同じか確認する。条件が違えば数値の不一致は矛盾とは限らず、比較可能な部分だけを使う。<div class=""links""><b>関連語：</b>複数資料／測定条件／単位／標本</div>"
資料を同じ条件で比べる,"同じ時刻・期間・面積・個体数など、比較の基準をそろえる。総量が大きくても対象数が多いだけなら、一個体当たりでは小さい場合がある。<div class=""links""><b>関連語：</b>比較条件／単位当たり量／割合／標本数</div>"
標本数が少ない資料の注意,"偶然や個体差の影響を強く受け、全体の傾向を代表しにくい。対象を増やし、選び方の偏りを減らし、ばらつきも示すと信頼性が上がる。<div class=""links""><b>関連語：</b>標本数／個体差／偏り／信頼性</div>"
欠けたデータを0として扱えない理由,"未測定・測定失敗は「値が0」とは異なる。欠測の印を付け、理由を確認し、平均やグラフへ0として入れない。<div class=""links""><b>関連語：</b>欠測値／ゼロ／平均／データ処理</div>"
相関だけで原因を決められない理由,"AがBを生むほか、BがAを生む、第三の要因が両方を変える、偶然という可能性がある。時間順序、仕組み、条件制御した実験などを追加して因果を検討する。<div class=""links""><b>関連語：</b>相関／因果／<ruby>交絡要因<rp>（</rp><rt>こうらくよういん</rt><rp>）</rp></ruby>／対照実験</div>"
磁界,"磁力がはたらく空間。各点で方位磁針のN極が指す向きを磁界の向きとする。磁力線は閉じた曲線で、磁石の外側ではN極から出てS極へ入り、密な場所ほど磁界が強い。<div class=""links""><b>関連語：</b>磁力線／方位磁針／電流</div>"
直線電流のまわりの磁界,"直線導線のまわりには同心円状の磁界ができる。右手の親指を電流の向き、曲げた指を磁界の向きに合わせる。電流が大きいほど、導線に近いほど強い。<div class=""links""><b>関連語：</b>右ねじの法則／磁界／電流</div>"
コイルの磁界,"コイルの各部分が作る磁界が重なり、棒磁石に似た磁界になる。右手の指をコイルの電流方向に曲げたとき、親指がコイル内部の磁界・N極の向きを示す。<div class=""links""><b>関連語：</b>電磁石／右手の法則／ソレノイド</div>"
静電気,"異なる物質をこすったときなどに電子が移動して、物体に電気がたまる現象。同符号の電気どうしは反発し、異符号どうしは引き合う。陽子は原子核から移動しない。<div class=""links""><b>関連語：</b>電子／電荷／放電</div>"
放電,"たまった電気が空間や導体を通って急に移動する現象。火花放電、雷、真空放電などがある。乾燥時は電荷が逃げにくく静電気がたまりやすい。<div class=""links""><b>関連語：</b>静電気／雷／電子</div>"
電流の向きと電子の向き,"電流の向きは回路の外部で＋極から−極へと定義する。金属中の自由電子は−極から＋極へ移動し、電流と逆向き。定義が電子発見より先に決まったためである。<div class=""links""><b>関連語：</b>自由電子／電流／極性</div>"
電流,"電荷の流れの大きさ。単位はA（アンペア）で、1 A＝1000 mA。回路のある点を1秒間に通る電荷が多いほど電流が大きい。電流計で測る。<div class=""links""><b>関連語：</b>アンペア／電流計／電子</div>"
電圧,"電流を流そうとするはたらきの大きさで、2点間の電位差。単位はV（ボルト）、電圧計で測る。電圧が同じでも抵抗が違えば電流は異なる。<div class=""links""><b>関連語：</b>ボルト／電圧計／オームの法則</div>"
電気抵抗,"電流の流れにくさ。単位はΩ（オーム）。同じ電圧なら抵抗が大きいほど電流は小さい。抵抗器では電気エネルギーが熱へ変換される。<div class=""links""><b>関連語：</b>オーム／電流／ジュール熱</div>"
オームの法則,"導体の温度などが一定なら、流れる電流Iは加えた電圧Vに比例する。V＝IR、I＝V/R、R＝V/I。VはV、IはA、RはΩにそろえる。<div class=""links""><b>関連語：</b>電圧／電流／抵抗</div>"
V-Iグラフ,"オームの法則に従う抵抗器では、横軸I・縦軸Vなら原点を通る直線で、傾きV/Iが抵抗。横軸V・縦軸Iなら傾きは1/Rなので軸を必ず確認する。<div class=""links""><b>関連語：</b>オームの法則／傾き／抵抗</div>"
導線の抵抗を変える条件,"同じ材質・温度なら、導線が長いほど抵抗は大きく、断面積が大きいほど小さい。材質や温度でも変わる。太い導線は電流の通り道が広い。<div class=""links""><b>関連語：</b>抵抗／長さ／断面積</div>"
直列回路の電流,"分かれ道がないため、回路のどの点でも電流は等しい。I＝I₁＝I₂。各抵抗で電流が「使われて減る」のではなく、電気エネルギーが変換される。<div class=""links""><b>関連語：</b>直列回路／電圧／電荷保存</div>"
直列回路の電圧,"電源電圧は各抵抗にかかる電圧の和。V＝V₁＋V₂。直列の各抵抗には同じ電流が流れるため、抵抗が大きい部分ほど電圧も大きく分配される。<div class=""links""><b>関連語：</b>直列回路／電圧分配／オームの法則</div>"
直列回路の合成抵抗,"直列につないだ抵抗の合成抵抗はR＝R₁＋R₂＋…。抵抗を増やすほど全体の抵抗は大きくなり、同じ電源電圧なら回路全体の電流は小さくなる。<div class=""links""><b>関連語：</b>直列回路／オームの法則／電流</div>"
並列回路の電流,"分岐前の電流は各枝を流れる電流の和。I＝I₁＋I₂。抵抗が小さい枝ほど大きな電流が流れる。合流後は再び枝電流の合計になる。<div class=""links""><b>関連語：</b>並列回路／分岐／電荷保存</div>"
並列回路の電圧,"各枝の両端が同じ2点につながるため、各枝と電源の電圧は等しい。V＝V₁＝V₂。家庭の器具が並列なのは、各器具に一定の電圧をかけ独立に使うため。<div class=""links""><b>関連語：</b>並列回路／家庭回路／電流</div>"
並列回路の合成抵抗,"2抵抗なら1/R＝1/R₁＋1/R₂、またはR＝R₁R₂/(R₁＋R₂)。合成抵抗は必ず最小の枝抵抗より小さい。等しいRを2本並列ならR/2。<div class=""links""><b>関連語：</b>並列回路／合成抵抗／オームの法則</div>"
直列・並列の合成抵抗の見分け,"直列は大きくなるので足し算、並列は通り道が増えるので最小の抵抗より小さくなる。この大小関係を使えば計算ミスを検出できる。<div class=""links""><b>関連語：</b>直列回路／並列回路／合成抵抗</div>"
電流計のつなぎ方,"測りたい部分に直列につなぎ、＋端子から電流を入れる。予想できないときは最大の−端子から始める。電流計を電源へ直接並列につなぐと大電流が流れ危険。<div class=""links""><b>関連語：</b>直列接続／端子／過電流</div>"
電圧計のつなぎ方,"電圧を測りたい部分の両端に並列につなぎ、＋側を＋端子へ入れる。内部抵抗が大きく、回路を流れる電流をほとんど変えない。予想できないときは最大レンジから。<div class=""links""><b>関連語：</b>並列接続／端子／電位差</div>"
電流計・電圧計の目盛り,"接続した端子の最大値に合わせて尺度を読み替える。目盛り板が0〜3で3 A端子ならそのまま、300 mA端子なら「3」を300 mAと読む。単位換算にも注意。<div class=""links""><b>関連語：</b>測定レンジ／mA／目盛り</div>"
回路図の接続点,"導線の交点に●があれば接続、単に交差して●がなければ通常は接続していない。部品の位置をずらしても、同じ節点どうしがつながれば同じ回路である。<div class=""links""><b>関連語：</b>回路図／直列／並列</div>"
複雑な回路の解き順,"まず直列・並列のまとまりを見つけて合成抵抗を求め、全体電流を出す。次に並列部の電圧、枝電流へ戻る。求めた電流・電圧が和や等しさを満たすか検算する。<div class=""links""><b>関連語：</b>合成抵抗／オームの法則／検算</div>"
電流が流れない枝,"スイッチが開いている枝には閉じた経路がなく電流は0。導線で抵抗器を迂回する短絡路があると、理想的には抵抗器の両端電圧が0となり、ほぼ電流が流れない。<div class=""links""><b>関連語：</b>開回路／短絡／電位差</div>"
豆電球のV-I特性,"豆電球は電流が増えるとフィラメントが高温になり抵抗も増えるため、V-Iグラフは直線にならない。常に一定抵抗として扱える抵抗器との違いに注意。<div class=""links""><b>関連語：</b>フィラメント／抵抗／ジュール熱</div>"
電力,"電気器具が1秒あたりに変換する電気エネルギー。電力P＝電圧V×電流I、単位はW。1 W＝1 J/s。同じ時間なら電力が大きいほど使う電気エネルギーも大きい。<div class=""links""><b>関連語：</b>ワット／電力量／電圧</div>"
電力と抵抗の式,"P＝VIにV＝IRを組み合わせるとP＝I²R、P＝V²/R。同じ電流なら抵抗が大きいほど発熱電力が大きく、同じ電圧なら抵抗が小さいほど大きい。条件を確認する。<div class=""links""><b>関連語：</b>オームの法則／ジュール熱／電力</div>"
電力量,"一定の電力を時間tだけ使ったときのエネルギーで、電力量＝電力×時間。Wと秒ならJ、Wと時間ならWh。1 Wh＝3600 J。<div class=""links""><b>関連語：</b>電力／ジュール／kWh</div>"
キロワット時,"家庭の電力量に使う単位kWh。1 kWh＝1000 W×3600 s＝3.6×10⁶ J。例：500 Wを2時間使うと1 kWh。kWとkWhを混同しない。<div class=""links""><b>関連語：</b>電力量／電気料金／電力</div>"
ジュール熱,"電流が抵抗を通ると生じる熱。I・Rなどを一定とみなせるとき、熱量Q＝電力P×時間t＝VIt＝I²Rtで、単位はJ。calを使う問題では与えられた換算に従う。<div class=""links""><b>関連語：</b>発熱／電力／抵抗</div>"
水温上昇と電熱線,"電熱線が与えた熱量が同じなら、水の質量が小さいほど温度上昇は大きい。実際は容器や空気へ熱が逃げるため、電気エネルギーのすべてが水の温度上昇に使われない。<div class=""links""><b>関連語：</b>ジュール熱／熱容量／効率</div>"
家庭用電気器具の並列接続,"各器具に同じ100 Vがかかり、別々に入切できるよう並列接続される。器具を増やすと全体の合成抵抗は下がり、幹線の合計電流は増える。<div class=""links""><b>関連語：</b>並列回路／100V／過電流</div>"
ブレーカー,"回路に許容量を超える電流が流れたとき、自動的に回路を切って発熱・火災を防ぐ装置。多数の高電力器具を同時に使うと合計電流が大きくなり作動する。<div class=""links""><b>関連語：</b>過電流／電力／家庭回路</div>"
定格表示,"「100 V・1200 W」は100 Vで正しく使うと1200 Wを消費するという意味。このとき電流はI＝P/V＝12 A。定格電圧と違う電圧での使用は性能低下や破損の原因。<div class=""links""><b>関連語：</b>電力／電圧／電流</div>"
直流と交流,"直流は電流の向きが一定で、乾電池などが供給する。交流は向きと大きさが周期的に変化し、家庭のコンセントでは日本で東日本50 Hz・西日本60 Hzが主。<div class=""links""><b>関連語：</b>乾電池／周波数／発電機</div>"
電流が磁界から受ける力,"電流が磁界と平行でないとき、導線は電流と磁界の両方に垂直な向きに力を受ける。力は直角のとき最大、平行のとき0。電流か磁界だけを逆にすると力も逆になる。<div class=""links""><b>関連語：</b>モーター／磁界／電流</div>"
電磁力を大きくする方法,"流す電流を大きくする、磁界を強くする、磁界内の導線を長くする。コイルでは巻き数を増やすことも有効。向きを変える操作と大きさを変える操作を区別する。<div class=""links""><b>関連語：</b>モーター／コイル／磁界</div>"
モーターの原理,"磁界中のコイルに電流を流すと、コイルの両側が反対向きの力を受けて回転する。整流子が半回転ごとに電流方向を切り替え、同じ向きの回転を続けさせる。<div class=""links""><b>関連語：</b>電磁力／整流子／エネルギー変換</div>"
電磁誘導,"コイルを貫く磁界が変化すると、コイルに電圧が生じて電流が流れる現象。磁石を止めたままでは流れず、動かす速さ・磁石の強さ・巻き数を増すと誘導電流は大きくなる。<div class=""links""><b>関連語：</b>誘導電流／発電機／磁束変化</div>"
誘導電流の向き,"磁石をコイルへ近づけるときと遠ざけるときで逆向きになる。N極とS極を入れ替えても逆になる。変化を妨げる向きに磁界を作るのが基本。<div class=""links""><b>関連語：</b>電磁誘導／レンツの法則／検流計</div>"
発電機の原理,"磁界中でコイルを回転させ、コイルを貫く磁界を連続的に変化させて電磁誘導を起こす。運動エネルギーを電気エネルギーへ変換し、基本的に交流を得る。<div class=""links""><b>関連語：</b>電磁誘導／交流／エネルギー変換</div>"
完全燃焼と不完全燃焼,"炭素を含む物質が十分な酸素で燃えると主に二酸化炭素、不足すると一酸化炭素やすすが生じる。不完全燃焼は得られるエネルギーが少なく、一酸化炭素中毒の危険がある。<div class=""links""><b>関連語：</b>酸素／一酸化炭素／すす</div>"
鉄がさびる条件,"鉄がさびるには水と酸素が必要。塩分はさびを速める。乾燥剤で水を除く、煮沸水に油を浮かべ酸素を遮る実験で、どちらかがないとさびにくいと分かる。<div class=""links""><b>関連語：</b>酸化／水／酸素</div>"
さびを防ぐ方法,"塗装・油・めっきで水や酸素との接触を防ぐ、さびにくい合金を使う、犠牲になる金属を付けるなど。表面を傷つけると保護層が破れ、さびやすくなる。<div class=""links""><b>関連語：</b>鉄／酸化／めっき</div>"
単体と化合物,"1種類の元素だけでできた純物質が単体、2種類以上の元素が化学的に結びついた純物質が化合物。混合物は物質同士が結びつかず混ざったものなので別分類。<div class=""links""><b>関連語：</b>元素／純物質／混合物</div>"
原子,"化学変化でそれ以上分けられない、物質をつくる基本的な粒子。化学変化では原子の組み合わせが変わるだけで、原子の種類と数は保存される。<div class=""links""><b>関連語：</b>元素／分子／質量保存</div>"
元素,"同じ種類の原子をひとまとめにした概念。物質を構成する原子の種類を表し、元素記号で示す。元素と単体は異なり、酸素元素は水にも含まれるが、酸素という単体はO₂。<div class=""links""><b>関連語：</b>原子／元素記号／単体</div>"
分子,"物質の性質を示す最小のまとまりとして、複数の原子が結びついた粒子。水H₂Oや酸素O₂は分子からなる。一方、塩化ナトリウムや金属は分子を作らない。<div class=""links""><b>関連語：</b>原子／化学式／分子を作らない物質</div>"
分子をつくらない物質,"塩化ナトリウムなどのイオン結晶、鉄・銅などの金属は独立した分子を作らず、多数の粒子が連続して並ぶ。化学式NaClやFeは粒子の種類・比を表す。<div class=""links""><b>関連語：</b>イオン結晶／金属／化学式</div>"
元素記号の書き方,"1文字目は大文字、2文字目があるときは小文字。Coはコバルト、COは炭素Cと酸素Oからなる一酸化炭素を表し意味が異なる。文字の大小を正確に書く。<div class=""links""><b>関連語：</b>元素／化学式／原子</div>"
重要な元素記号①（一覧）,"水素H、炭素C、窒素N、酸素O、硫黄S、塩素Cl。個別カードで覚えた後、名称と記号を双方向で総復習する。Clのlは小文字のエル。<div class=""links""><b>関連語：</b>元素／化学式／非金属</div>"
重要な元素記号②（一覧）,"ナトリウムNa、マグネシウムMg、アルミニウムAl、カリウムK、カルシウムCa、鉄Fe、銅Cu、亜鉛Zn、銀Ag、バリウムBa。個別カードで覚えた後に総復習する。<div class=""links""><b>関連語：</b>金属／イオン／化学式</div>"
化学式,"物質を元素記号と数字で表した式。右下の小さい数字は、その粒子内の原子数や原子数の比を示す。数字1は書かない。H₂OはH原子2個とO原子1個。<div class=""links""><b>関連語：</b>元素記号／分子／原子数</div>"
係数と右下の数字,"2H₂Oの前の2は水分子2個を表し、式全体にかかるためH原子4個・O原子2個。H₂O₂の右下数字は1分子の組成を変える。係数は変えてよいが右下数字は変えない。<div class=""links""><b>関連語：</b>化学反応式／原子数／化学式</div>"
物理変化と化学変化,"物理変化は状態や形が変わっても物質の種類が同じ。化学変化は原子の組み合わせが変わり別の物質ができる。<ruby>融解<rp>（</rp><rt>ゆうかい</rt><rp>）</rp></ruby>は物理変化、燃焼や分解は化学変化。<div class=""links""><b>関連語：</b>状態変化／化学反応／原子</div>"
化合,"2種類以上の物質が結びついて別の1種類の物質になる化学変化。鉄と<ruby>硫黄<rp>（</rp><rt>いおう</rt><rp>）</rp></ruby>を加熱して硫化鉄ができる反応など。単なる混合とは性質が変わる点で異なる。<div class=""links""><b>関連語：</b>化合物／硫化鉄／分解</div>"
分解（化学変化）,"1種類の物質が2種類以上の別の物質に分かれる化学変化。加熱による熱分解や、電流による電気分解がある。状態変化のように元と同じ物質へ戻るだけではない。<div class=""links""><b>関連語：</b>熱分解／電気分解／化合</div>"
化学反応式,"反応物を左辺、生成物を右辺に化学式で書き矢印で結ぶ。両辺で各元素の原子数が等しくなるよう係数を最小の整数比で付ける。化学式の右下数字は変えない。<div class=""links""><b>関連語：</b>係数／質量保存／原子数</div>"
化学反応式の合わせ方,"①正しい化学式を書く、②複雑な物質から元素ごとに原子数を合わせる、③最後に全元素を確認、④係数を最小整数比にする。H₂＋O₂→H₂Oなら2H₂＋O₂→2H₂O。<div class=""links""><b>関連語：</b>原子数保存／係数／化学式</div>"
水の生成反応,"水素と酸素が反応して水ができる。2H₂＋O₂→2H₂O。分子数比は2：1：2で、各辺のH原子4個、O原子2個が保存される。<div class=""links""><b>関連語：</b>水素／酸素／化学反応式</div>"
炭素の燃焼反応,"炭素が十分な酸素中で燃えると二酸化炭素になる。C＋O₂→CO₂。反応後に質量が増えるように見えるのは、空気中の酸素が結びついたため。<div class=""links""><b>関連語：</b>酸化／二酸化炭素／質量保存</div>"
マグネシウムの燃焼反応,"マグネシウムが強い光を出して燃え、白色の酸化マグネシウムになる。2Mg＋O₂→2MgO。粉末などを質量測定する実験では、るつぼのふたを少しずらして加熱し、強い光を直視しない。<div class=""links""><b>関連語：</b>酸化／酸化マグネシウム／質量比</div>"
銅の酸化反応,"銅粉を空気中で加熱すると、酸素と結びついて黒色の酸化銅になる。2Cu＋O₂→2CuO。加熱・冷却・測定を繰り返し、質量が一定なら反応がほぼ完了したと判断する。<div class=""links""><b>関連語：</b>酸化銅／酸化／質量増加</div>"
鉄と<ruby>硫黄<rp>（</rp><rt>いおう</rt><rp>）</rp></ruby>の化合,"鉄粉と硫黄粉を少量混ぜ、試験管口を人へ向けず一部を加熱する。赤熱し始めたら加熱をやめても発熱して反応し、黒色のFeSができる。混合物と違い、生成物から磁石で鉄を分けられない。<div class=""links""><b>関連語：</b>化合／硫化鉄／混合物</div>"
酸化銀の熱分解,"黒色の酸化銀を加熱すると、銀と酸素に分解する。2Ag₂O→4Ag＋O₂。発生気体は線香の火を強くし、残った銀は金属光沢と導電性を示す。<div class=""links""><b>関連語：</b>熱分解／酸素／銀</div>"
炭酸水素ナトリウムの熱分解,"加熱すると炭酸ナトリウム・二酸化炭素・水になる。2NaHCO₃→Na₂CO₃＋CO₂＋H₂O。試験管の口を下げ、生成した水が加熱部へ戻り割れるのを防ぐ。<div class=""links""><b>関連語：</b>熱分解／二酸化炭素／炭酸ナトリウム</div>"
炭酸水素ナトリウムと炭酸ナトリウムの判別,"どちらも白色固体だが、水溶液へフェノールフタレイン溶液を加えると、より強いアルカリ性の炭酸ナトリウムは赤色が濃く、炭酸水素ナトリウムは薄い。水への溶け方も異なる。<div class=""links""><b>関連語：</b>熱分解／アルカリ性／指示薬</div>"
水の電気分解,"純水は電流を通しにくいため水酸化ナトリウムなどを少量加える。陰極に水素、陽極に酸素が体積比2：1で生じ、2H₂O→2H₂＋O₂。保護眼鏡を着け、液が付いたら直ちに多量の水で洗う。<div class=""links""><b>関連語：</b>水素／酸素／体積比</div>"
<ruby>触媒<rp>（</rp><rt>しょくばい</rt><rp>）</rp></ruby>,"反応の前後で自身はほぼ変化せず、反応速度を変える物質。二酸化マンガンは過酸化水素の分解を速めるが、できる酸素の最終総量は増やさない。少量でも働く。<div class=""links""><b>関連語：</b>反応速度／二酸化マンガン／過酸化水素</div>"
酸化,"中学では物質が酸素と結びつく化学変化。激しく光や熱を出す酸化が燃焼で、さびのようにゆっくり進む酸化もある。金属が酸化すると酸素分だけ質量が増える。<div class=""links""><b>関連語：</b>燃焼／さび／<ruby>還元<rp>（</rp><rt>かんげん</rt><rp>）</rp></ruby></div>"
<ruby>還元<rp>（</rp><rt>かんげん</rt><rp>）</rp></ruby>,"酸化物から酸素が取り除かれる化学変化。酸化銅と炭素を加熱すると、酸化銅は銅へ<ruby>還元<rp>（</rp><rt>かんげん</rt><rp>）</rp></ruby>され、炭素は酸化されて二酸化炭素になる。酸化と還元は同時に起こる。<div class=""links""><b>関連語：</b>酸化／酸化銅／炭素</div>"
酸化銅の炭素による<ruby>還元<rp>（</rp><rt>かんげん</rt><rp>）</rp></ruby>,"2CuO＋C→2Cu＋CO₂。黒色の酸化銅から赤色の銅ができ、気体は石灰水を濁らせる。試験管口を少し下げ、加熱を止める前にガラス管を石灰水から抜いて逆流を防ぐ。<div class=""links""><b>関連語：</b>酸化還元／二酸化炭素／石灰水</div>"
発熱反応,"化学変化で周囲へ熱を放出し、周囲の温度が上がる反応。燃焼、鉄の酸化、酸とアルカリの中和など。反応物の化学エネルギーの一部が熱へ変わる。<div class=""links""><b>関連語：</b>燃焼／中和／化学エネルギー</div>"
吸熱反応,"化学変化が周囲から熱を吸収し、周囲の温度が下がる反応。例として塩化アンモニウムと水酸化バリウムの反応など。単なる氷の<ruby>融解<rp>（</rp><rt>ゆうかい</rt><rp>）</rp></ruby>は吸熱だが化学反応ではなく状態変化。<div class=""links""><b>関連語：</b>温度低下／状態変化／化学エネルギー</div>"
化学変化と質量保存の法則,"化学変化の前後で、反応に関わる物質全体の質量は変わらない。原子の種類と数が保存され、組み合わせだけが変わるため。気体も含めた閉じた系で測る。<div class=""links""><b>関連語：</b>原子数保存／密閉系／化学反応式</div>"
開放容器で質量が変わる理由,"気体が外へ逃げる反応では容器内の測定質量が減り、空気中の酸素を取り込む反応では増える。容器と出入りした気体まで含めれば全体の質量は保存される。<div class=""links""><b>関連語：</b>質量保存／気体／酸化</div>"
一定の質量比,"同じ化合物をつくる元素の質量比は常に一定。例えば銅と酸素が酸化銅になる質量比は約4：1、マグネシウムと酸素は約3：2。反応物の量を増やしても比は変わらない。<div class=""links""><b>関連語：</b>定比例／酸化銅／酸化マグネシウム</div>"
銅と酸素の質量比,"銅：結びつく酸素：酸化銅＝4：1：5。銅8.0 gが完全に反応すれば酸素2.0 gと結びつき酸化銅10.0 gになる。問題中の実験値から比を確定する。<div class=""links""><b>関連語：</b>酸化銅／質量保存／比例計算</div>"
マグネシウムと酸素の質量比,"マグネシウム：結びつく酸素：酸化マグネシウム＝3：2：5。Mg 6.0 gならO 4.0 gと反応しMgO 10.0 g。実験では未反応や散逸でずれることがある。<div class=""links""><b>関連語：</b>酸化マグネシウム／質量比／燃焼</div>"
不足する反応物と余る反応物,"一定の質量比より一方を多く混ぜても、少ない側を使い切った時点で反応は止まり、もう一方が余る。生成物量は不足する側の量で決まる。<div class=""links""><b>関連語：</b>限界反応物／質量比／生成物</div>"
反応量グラフの折れ曲がり,"一方の反応物を一定にして他方を増やすと、生成物量は比例して増え、一定点から増えなくなる。折れ曲がりは一定側を使い切るのに必要な量で、それ以降の追加分は余る。<div class=""links""><b>関連語：</b>限界反応物／比例／質量比</div>"
反応前後の粒子図,"反応前後で各元素の原子の種類と総数を一致させる。原子の結びつきは変えてよいが、原子を新しく作る・消す・別元素へ変えることはできない。余った粒子も図に残す。<div class=""links""><b>関連語：</b>原子数保存／化学反応式／余剰反応物</div>"
周期表,"元素を原子番号の順に並べ、性質が周期的に似るよう整理した表。同じ縦の列には似た性質の元素が並ぶことが多い。元素記号の暗記表だけではなく、元素間の関係を示す。<div class=""links""><b>関連語：</b>原子番号／元素記号／金属</div>"
周期表で見る金属と非金属,"周期表では金属元素が主に左側・中央、非金属元素が主に右上側にある。水素は左上にあるが非金属。境界付近には両方に近い性質を示す元素もある。<div class=""links""><b>関連語：</b>周期表／金属／非金属</div>"
鉄と<ruby>硫黄<rp>（</rp><rt>いおう</rt><rp>）</rp></ruby>の反応式,"鉄と<ruby>硫黄<rp>（</rp><rt>いおう</rt><rp>）</rp></ruby>が1：1の粒子数比で化合して硫化鉄になる。Fe＋S→FeS。混合しただけでは反応式の生成物にならず、加熱して反応を開始させる。<div class=""links""><b>関連語：</b>硫化鉄／化合／鉄と硫黄</div>"
過酸化水素の分解反応式,"2H₂O₂→2H₂O＋O₂。二酸化マンガンは反応を速める<ruby>触媒<rp>（</rp><rt>しょくばい</rt><rp>）</rp></ruby>で、反応式の反応物・生成物には含めない。発生気体は酸素。<div class=""links""><b>関連語：</b>酸素／触媒／二酸化マンガン</div>"
炭酸カルシウムと塩酸の反応式,"CaCO₃＋2HCl→CaCl₂＋H₂O＋CO₂。石灰石や貝殻へうすい塩酸を加えて二酸化炭素をつくる反応で、係数2を忘れない。<div class=""links""><b>関連語：</b>二酸化炭素／石灰石／塩化カルシウム</div>"
<ruby>亜鉛<rp>（</rp><rt>あえん</rt><rp>）</rp></ruby>と塩酸の反応式,"Zn＋2HCl→ZnCl₂＋H₂。<ruby>亜鉛<rp>（</rp><rt>あえん</rt><rp>）</rp></ruby>が塩化亜鉛となり、水素が発生する。原子数を合わせるためHClの係数は2。<div class=""links""><b>関連語：</b>水素／亜鉛／酸と金属</div>"
水素の元素記号,"H。元素記号は大文字1字で書く。水素分子の化学式はH₂なので、元素記号Hと分子の化学式H₂を区別する。<div class=""links""><b>関連語：</b>水素／H₂／原子</div>"
炭素の元素記号,"C。炭素原子を表す元素記号で、二酸化炭素CO₂や酸化銅から炭素で酸素を奪う反応などに使う。<div class=""links""><b>関連語：</b>炭素／CO₂／有機物</div>"
窒素の元素記号,"N。窒素分子の化学式はN₂で、空気中に最も多い気体である。元素記号Nと分子N₂を区別する。<div class=""links""><b>関連語：</b>窒素／N₂／空気</div>"
酸素の元素記号,"O。酸素分子はO₂、オゾンはO₃で、同じ酸素原子からできても分子のつくりが異なる。<div class=""links""><b>関連語：</b>酸素／O₂／酸化</div>"
<ruby>硫黄<rp>（</rp><rt>いおう</rt><rp>）</rp></ruby>の元素記号,"S。鉄Feと硫黄Sが化合すると硫化鉄FeSになる。日本語名の頭文字ではなく、決められた記号を使う。<div class=""links""><b>関連語：</b><ruby>硫黄<rp>（</rp><rt>いおう</rt><rp>）</rp></ruby>／FeS／<ruby>硫化<rp>（</rp><rt>りゅうか</rt><rp>）</rp></ruby></div>"
塩素の元素記号,"Cl。Cは炭素なので、塩素は大文字Cと小文字lを続ける。塩素分子はCl₂、塩化物イオンはCl⁻。<div class=""links""><b>関連語：</b>塩素／Cl₂／Cl⁻</div>"
ナトリウムの元素記号,"Na。英語名の頭文字だけではなく、ラテン語名に由来する。ナトリウムイオンはNa⁺、塩化ナトリウムはNaCl。<div class=""links""><b>関連語：</b>ナトリウム／Na⁺／NaCl</div>"
マグネシウムの元素記号,"Mg。最初のMだけを大文字、gを小文字で書く。酸素と反応すると酸化マグネシウムMgOになる。<div class=""links""><b>関連語：</b>マグネシウム／MgO／燃焼</div>"
アルミニウムの元素記号,"Al。Aを大文字、lを小文字で書く。Clの塩素と同様、小文字のlを数字1と取り違えない。<div class=""links""><b>関連語：</b>アルミニウム／金属／元素</div>"
カリウムの元素記号,"K。日本語名の頭文字とは一致しない記号の一つ。カリウムイオンは電子を1個失ったK⁺である。<div class=""links""><b>関連語：</b>カリウム／K⁺／陽イオン</div>"
カルシウムの元素記号,"Ca。Cだけなら炭素なので、小文字aまで書く。カルシウムイオンはCa²⁺である。<div class=""links""><b>関連語：</b>カルシウム／Ca²⁺／石灰石</div>"
鉄の元素記号,"Fe。日本語名の頭文字とは一致せず、ラテン語名に由来する。鉄と<ruby>硫黄<rp>（</rp><rt>いおう</rt><rp>）</rp></ruby>の反応はFe＋S→FeS。<div class=""links""><b>関連語：</b>鉄／FeS／金属</div>"
銅の元素記号,"Cu。ラテン語名に由来する。銅原子Cuと銅イオンCu²⁺は電荷の有無が異なる。<div class=""links""><b>関連語：</b>銅／Cu²⁺／酸化銅</div>"
<ruby>亜鉛<rp>（</rp><rt>あえん</rt><rp>）</rp></ruby>の元素記号,"Zn。<ruby>亜鉛<rp>（</rp><rt>あえん</rt><rp>）</rp></ruby>と塩酸の反応はZn＋2HCl→ZnCl₂＋H₂。亜鉛イオンはZn²⁺である。<div class=""links""><b>関連語：</b>亜鉛／Zn²⁺／水素</div>"
銀の元素記号,"Ag。日本語名の頭文字とは一致せず、ラテン語名に由来する。銀イオンはAg⁺である。<div class=""links""><b>関連語：</b>銀／Ag⁺／金属</div>"
バリウムの元素記号,"Ba。Bを大文字、aを小文字で書く。バリウムイオンBa²⁺は硫酸イオンSO₄²⁻と硫酸バリウムの白色沈殿をつくる。<div class=""links""><b>関連語：</b>バリウム／Ba²⁺／白色沈殿</div>"
感覚と反応,"目・耳・鼻・舌・皮膚などの感覚器官が刺激を受け、神経が情報を脳などへ伝える。脳が判断し、運動神経を通じて筋肉などが反応する。<div class=""links""><b>関連語：</b>感覚器官／神経／脳／筋肉</div>"
細胞,"生物の体をつくる基本単位。1個の細胞で生活する単細胞生物も、多数の細胞からなる多細胞生物もいる。細胞は成長・呼吸など生命活動の場でもある。<div class=""links""><b>関連語：</b>単細胞生物／多細胞生物／核／細胞質</div>"
植物細胞と動物細胞の共通部分,"どちらにも核・細胞質・細胞膜がある。核には遺伝情報があり、細胞膜は物質の出入りを調節する。植物細胞だけの構造と混同しない。<div class=""links""><b>関連語：</b>核／細胞質／細胞膜／遺伝子</div>"
植物細胞に特徴的な構造,"細胞壁・葉緑体・発達した液胞が目立つ。細胞壁は形を支え、葉緑体は光合成を行い、液胞には細胞液が入る。根など光合成しない植物細胞には葉緑体がない場合もある。<div class=""links""><b>関連語：</b>細胞壁／葉緑体／液胞／植物細胞</div>"
核（細胞）,"細胞内にあり、染色体を通して遺伝情報をもつ構造。酢酸カーミン液や酢酸オルセイン液などで染まりやすい。成熟したヒトの赤血球のように核を失う細胞もある。<div class=""links""><b>関連語：</b>染色体／DNA／遺伝子／細胞分裂</div>"
細胞膜と細胞壁の違い,"細胞膜は動植物細胞の両方にあり、細胞の内外を仕切って物質の出入りを調節する。細胞壁は植物細胞などで細胞膜の外側にあり、丈夫で形を支える。<div class=""links""><b>関連語：</b>細胞膜／細胞壁／植物細胞／動物細胞</div>"
葉緑体,"植物の緑色の部分の細胞に多く、葉緑素を含んで光合成を行う。すべての植物細胞にあるわけではなく、タマネギの鱗片葉や根の細胞には通常見られない。<div class=""links""><b>関連語：</b>光合成／葉緑素／植物細胞／デンプン</div>"
液胞,"細胞液を含む袋状の構造。成熟した植物細胞では大きく発達し、水や色素・不要物などを蓄え、細胞の張りにも関わる。動物細胞では目立つ大きな液胞はない。<div class=""links""><b>関連語：</b>細胞液／植物細胞／細胞質／浸透</div>"
単細胞生物と多細胞生物,"単細胞生物は1個の細胞で生命活動をすべて行う。多細胞生物では細胞が分業し、同じ形・はたらきの細胞が組織、組織が器官、器官が個体をつくる。<div class=""links""><b>関連語：</b>組織／器官／個体／細胞</div>"
細胞を染色する理由,"核など透明で見えにくい構造に色をつけ、輪郭や分裂中の染色体を見やすくするため。タマネギの細胞などには酢酸オルセイン液や酢酸カーミン液を用いる。<div class=""links""><b>関連語：</b>核／染色体／酢酸オルセイン液／<ruby>顕微鏡<rp>（</rp><rt>けんびきょう</rt><rp>）</rp></ruby></div>"
根毛,"根の先端近くの表皮細胞が細長く伸びたもの。土粒のすき間に入り、根の表面積を大きくして水と無機養分を吸収しやすくする。細い根そのものとは区別する。<div class=""links""><b>関連語：</b>根／吸水／表面積／無機養分</div>"
道管,"根から吸収した水と無機養分を主に上向きに運ぶ管。茎の維管束内では、<ruby>双子葉類<rp>（</rp><rt>そうしようるい</rt><rp>）</rp></ruby>なら一般に内側、葉では葉脈に含まれる。古い細胞が管状につながっている。<div class=""links""><b>関連語：</b><ruby>師管<rp>（</rp><rt>しかん</rt><rp>）</rp></ruby>／<ruby>維管束<rp>（</rp><rt>いかんそく</rt><rp>）</rp></ruby>／<ruby>蒸散<rp>（</rp><rt>じょうさん</rt><rp>）</rp></ruby>／吸水</div>"
<ruby>師管<rp>（</rp><rt>しかん</rt><rp>）</rp></ruby>,"葉でつくられた糖などの有機物を、成長部や根・果実など必要な場所へ運ぶ管。運ばれる向きは必要部位により変わり、常に下向きとは限らない。<div class=""links""><b>関連語：</b>道管／<ruby>維管束<rp>（</rp><rt>いかんそく</rt><rp>）</rp></ruby>／光合成／転流</div>"
<ruby>維管束<rp>（</rp><rt>いかんそく</rt><rp>）</rp></ruby>,"道管と<ruby>師管<rp>（</rp><rt>しかん</rt><rp>）</rp></ruby>がまとまった束。<ruby>双子葉類<rp>（</rp><rt>そうしようるい</rt><rp>）</rp></ruby>の茎では輪状、<ruby>単子葉類<rp>（</rp><rt>たんしようるい</rt><rp>）</rp></ruby>の茎では散らばって並ぶ。根・茎・葉を連続してつなぎ、水や養分を運ぶ。<div class=""links""><b>関連語：</b>道管／師管／双子葉類／単子葉類</div>"
茎の<ruby>維管束<rp>（</rp><rt>いかんそく</rt><rp>）</rp></ruby>の並び方,"<ruby>双子葉類<rp>（</rp><rt>そうしようるい</rt><rp>）</rp></ruby>では<ruby>維管束<rp>（</rp><rt>いかんそく</rt><rp>）</rp></ruby>が輪状に並び、各束の内側が道管、外側が<ruby>師管<rp>（</rp><rt>しかん</rt><rp>）</rp></ruby>。<ruby>単子葉類<rp>（</rp><rt>たんしようるい</rt><rp>）</rp></ruby>では維管束が全体に散らばる。断面図では根や葉との向きを混同しない。<div class=""links""><b>関連語：</b>維管束／道管／師管／茎の断面</div>"
葉の断面,"表側と裏側を表皮が覆い、内部の葉肉細胞に葉緑体が多い。葉脈には道管と<ruby>師管<rp>（</rp><rt>しかん</rt><rp>）</rp></ruby>が通り、表皮、とくに裏側には<ruby>気孔<rp>（</rp><rt>きこう</rt><rp>）</rp></ruby>が多い植物が一般的。<div class=""links""><b>関連語：</b>表皮／葉肉／葉脈／気孔</div>"
<ruby>気孔<rp>（</rp><rt>きこう</rt><rp>）</rp></ruby>と<ruby>孔辺細胞<rp>（</rp><rt>こうへんさいぼう</rt><rp>）</rp></ruby>,"<ruby>気孔<rp>（</rp><rt>きこう</rt><rp>）</rp></ruby>は2個の<ruby>孔辺細胞<rp>（</rp><rt>こうへんさいぼう</rt><rp>）</rp></ruby>に囲まれたすき間で、二酸化炭素・酸素・水蒸気が出入りする。孔辺細胞の開閉によって<ruby>蒸散<rp>（</rp><rt>じょうさん</rt><rp>）</rp></ruby>と気体交換が調節される。<div class=""links""><b>関連語：</b>孔辺細胞／蒸散／気体交換／二酸化炭素</div>"
光合成の物質の出入り,"二酸化炭素＋水→有機物（デンプンなど）＋酸素、という向きで捉える。光エネルギーを化学エネルギーとして有機物に蓄える反応で、葉緑体で行われる。<div class=""links""><b>関連語：</b>二酸化炭素／水／酸素／有機物</div>"
植物の呼吸,"植物も昼夜を通して、細胞で有機物と酸素を使い、二酸化炭素と水を生じながらエネルギーを取り出す。昼は光合成量が呼吸量を上回りやすく、見かけ上は二酸化炭素を吸収する。<div class=""links""><b>関連語：</b>細胞呼吸／光合成／酸素／二酸化炭素</div>"
光合成量・呼吸量・見かけの光合成量,"見かけの光合成量＝真の光合成量－呼吸量。したがって、真の光合成量＝見かけの光合成量＋呼吸量。明所で放出された酸素だけを真の光合成量としない。<div class=""links""><b>関連語：</b>光合成／呼吸／酸素／補償点</div>"
BTB溶液で光合成を調べる,"BTB溶液は二酸化炭素が多く酸性寄りだと黄色、中性付近で緑、少ないと青になる。水草を明所に置いて青方向なら光合成で二酸化炭素が減ったと判断する。色は酸素量を直接示さない。<div class=""links""><b>関連語：</b>BTB溶液／二酸化炭素／水草／光合成</div>"
水草の気泡実験の注意,"明所の水草から出る気泡は主に光合成で生じた酸素。光の強さ・温度・二酸化炭素濃度などを一つだけ変え、一定時間の気泡数や集めた気体量を比べる。気泡の大きさが違う点にも注意する。<div class=""links""><b>関連語：</b>酸素／光の強さ／対照実験／二酸化炭素</div>"
石灰水と二酸化炭素,"石灰水に二酸化炭素を通すと炭酸カルシウムが生じて白く濁る。発芽種子や動物の呼吸で二酸化炭素が出ることを確かめられる。長時間過剰に通すと濁りが消えることがある。<div class=""links""><b>関連語：</b>石灰水／呼吸／二酸化炭素／炭酸カルシウム</div>"
蒸散量を比べるワセリン実験,"葉の表・裏にワセリンを塗って<ruby>気孔<rp>（</rp><rt>きこう</rt><rp>）</rp></ruby>をふさぎ、水の減少量を比べる。『葉なし』の減少量を茎などからの蒸発分として差し引く。多くの陸上植物では裏面の気孔が多く、裏をふさぐ影響が大きい。<div class=""links""><b>関連語：</b>気孔／ワセリン／対照実験／水の減少量</div>"
葉の表裏からの蒸散量の計算,"同じ葉面積・時間で水面からの蒸発を防ぎ、茎などからの基準損失をS、葉の表をA、裏をBとする。無処理はS+A+B、表を封鎖するとS+B、裏を封鎖するとS+A、両面封鎖はほぼS。したがってA=無処理−表封鎖、B=無処理−裏封鎖として求める。<div class=""links""><b>関連語：</b><ruby>蒸散<rp>（</rp><rt>じょうさん</rt><rp>）</rp></ruby>／ワセリン／差し引き／<ruby>気孔<rp>（</rp><rt>きこう</rt><rp>）</rp></ruby></div>"
赤い水を吸わせる実験,"ホウセンカなどに色水を吸わせて断面を見ると、根・茎・葉の道管が染まる。水の通り道が道管である証拠。<ruby>師管<rp>（</rp><rt>しかん</rt><rp>）</rp></ruby>が染まる実験ではない。<div class=""links""><b>関連語：</b>道管／<ruby>維管束<rp>（</rp><rt>いかんそく</rt><rp>）</rp></ruby>／吸水／<ruby>蒸散<rp>（</rp><rt>じょうさん</rt><rp>）</rp></ruby></div>"
<ruby>蒸散<rp>（</rp><rt>じょうさん</rt><rp>）</rp></ruby>で水が上がる仕組み,"葉から水が失われると道管内の水が引かれ、連続した水柱を通じて根からの吸水が促される。根圧なども関わるが、背の高い植物では<ruby>蒸散<rp>（</rp><rt>じょうさん</rt><rp>）</rp></ruby>による引き上げが重要。<div class=""links""><b>関連語：</b>蒸散／道管／根毛／水柱</div>"
植物の<ruby>屈性<rp>（</rp><rt>くっせい</rt><rp>）</rp></ruby>,"刺激の方向に関係して成長方向が変わる反応。茎は光の方向へ曲がる正の光屈性、根は重力方向へ伸びる正の重力屈性を示す。動物の素早い運動とは異なり、主に成長差で起こる。<div class=""links""><b>関連語：</b>光屈性／重力屈性／成長／刺激</div>"
細胞・組織・器官・器官系,"同じ形やはたらきの細胞が集まって組織、複数の組織が組み合わさって器官、関連する器官が器官系をつくる。例は筋細胞→筋組織→胃→消化器系。階層の大小を逆にしない。<div class=""links""><b>関連語：</b>細胞／組織／器官／器官系</div>"
三大栄養素,"炭水化物・タンパク質・脂肪。消化後、炭水化物は主にブドウ糖、タンパク質はアミノ酸、脂肪は脂肪酸とモノグリセリドなどとして吸収される。ビタミン・無機物・水は基本的に消化せず吸収できる。<div class=""links""><b>関連語：</b>ブドウ糖／アミノ酸／脂肪酸／消化</div>"
消化管の順序,"口→食道→胃→小腸→大腸→肛門と続く一本の管。肝臓・<ruby>膵臓<rp>（</rp><rt>すいぞう</rt><rp>）</rp></ruby>・だ液腺は消化液をつくるが、食物がその内部を通る消化管ではない。<div class=""links""><b>関連語：</b>口／胃／小腸／大腸</div>"
<ruby>消化酵素<rp>（</rp><rt>しょうかこうそ</rt><rp>）</rp></ruby>,"消化液に含まれ、特定の栄養素を体温程度の温度で分解する物質。自身は反応の前後でほとんど変化せず、少量ではたらく。<ruby>酵素<rp>（</rp><rt>こうそ</rt><rp>）</rp></ruby>ごとにはたらく相手が決まっている。<div class=""links""><b>関連語：</b>アミラーゼ／ペプシン／リパーゼ／消化液</div>"
だ液のはたらき,"だ液中のアミラーゼがデンプンを麦芽糖などへ分解する。デンプンの消失はヨウ素液、糖の生成はベネジクト液を加え、試験管の口を人へ向けず熱湯浴で加熱して赤褐色の沈殿ができるかで調べる。<div class=""links""><b>関連語：</b>アミラーゼ／デンプン／ヨウ素液／ベネジクト液</div>"
だ液の実験で温度をそろえる理由,"<ruby>酵素<rp>（</rp><rt>こうそ</rt><rp>）</rp></ruby>のはたらきは温度に左右されるため、だ液あり・なし以外を同じ条件にする。体温に近い約40℃の湯で一定時間保ち、水だけの試験管を対照にする。<ruby>沸騰<rp>（</rp><rt>ふっとう</rt><rp>）</rp></ruby>させると酵素が変性する。<div class=""links""><b>関連語：</b>対照実験／アミラーゼ／温度／変性</div>"
胃液のはたらき,"胃液には塩酸とペプシンが含まれ、強い酸性の環境でタンパク質の消化を進める。胃壁は粘液で守られる。胃で全栄養素の消化が完了するわけではない。<div class=""links""><b>関連語：</b>ペプシン／タンパク質／塩酸／胃</div>"
<ruby>胆汁<rp>（</rp><rt>たんじゅう</rt><rp>）</rp></ruby>のはたらき,"肝臓でつくられ胆のうに蓄えられ、小腸へ出る。脂肪を細かい粒にして水と混ざりやすくし、リパーゼの作用を助けるが、胆汁自体には<ruby>消化酵素<rp>（</rp><rt>しょうかこうそ</rt><rp>）</rp></ruby>を含まない。<div class=""links""><b>関連語：</b>肝臓／胆のう／脂肪／リパーゼ</div>"
<ruby>膵液<rp>（</rp><rt>すいえき</rt><rp>）</rp></ruby>のはたらき,"<ruby>膵臓<rp>（</rp><rt>すいぞう</rt><rp>）</rp></ruby>でつくられ小腸へ出る。炭水化物・タンパク質・脂肪を分解する複数の<ruby>消化酵素<rp>（</rp><rt>しょうかこうそ</rt><rp>）</rp></ruby>を含む。1種類の<ruby>酵素<rp>（</rp><rt>こうそ</rt><rp>）</rp></ruby>がすべてを分解するわけではない。<div class=""links""><b>関連語：</b>膵臓／アミラーゼ／トリプシン／リパーゼ</div>"
小腸での消化と吸収,"すい液・<ruby>胆汁<rp>（</rp><rt>たんじゅう</rt><rp>）</rp></ruby>・腸液などで消化が仕上がり、<ruby>絨毛<rp>（</rp><rt>じゅうもう</rt><rp>）</rp></ruby>から養分が吸収される。ブドウ糖とアミノ酸は主に毛細血管へ、脂肪の分解産物は吸収後に再合成され主にリンパ管へ入る。<div class=""links""><b>関連語：</b>絨毛／毛細血管／リンパ管／吸収</div>"
<ruby>絨毛<rp>（</rp><rt>じゅうもう</rt><rp>）</rp></ruby>,"小腸内壁に多数ある突起。表面積を非常に大きくし、内部の毛細血管やリンパ管へ効率よく養分を吸収する。『消化する突起』ではなく、主な役割は吸収である。<div class=""links""><b>関連語：</b>小腸／表面積／毛細血管／リンパ管</div>"
大腸の主なはたらき,"消化されなかった内容物から水や一部の無機物を吸収し、便を形成する。養分吸収の中心は小腸であり、大腸ではない。腸内細菌も生息する。<div class=""links""><b>関連語：</b>水分吸収／小腸／便／腸内細菌</div>"
肝臓の主なはたらき,"<ruby>胆汁<rp>（</rp><rt>たんじゅう</rt><rp>）</rp></ruby>をつくる、吸収したブドウ糖をグリコーゲンとして蓄える、有害物質を分解する、アンモニアを<ruby>尿素<rp>（</rp><rt>にょうそ</rt><rp>）</rp></ruby>に変えるなど。消化液が直接通る消化管ではない。<div class=""links""><b>関連語：</b>胆汁／グリコーゲン／尿素／解毒</div>"
<ruby>肺胞<rp>（</rp><rt>はいほう</rt><rp>）</rp></ruby>,"肺の中に多数ある小さな袋。壁が薄く周囲を毛細血管が囲み、総表面積が大きいため、酸素と二酸化炭素を効率よく拡散で交換できる。<div class=""links""><b>関連語：</b>肺／毛細血管／気体交換／拡散</div>"
肺での気体交換,"肺胞内の酸素が血液へ、血液中の二酸化炭素が<ruby>肺胞<rp>（</rp><rt>はいほう</rt><rp>）</rp></ruby>へ、濃度差に従って移動する。酸素は主に赤血球のヘモグロビンと結びついて運ばれる。<div class=""links""><b>関連語：</b>肺胞／酸素／二酸化炭素／ヘモグロビン</div>"
<ruby>横隔膜<rp>（</rp><rt>おうかくまく</rt><rp>）</rp></ruby>と呼吸運動,"息を吸うと<ruby>横隔膜<rp>（</rp><rt>おうかくまく</rt><rp>）</rp></ruby>が縮んで下がり、肋骨が上がって<ruby>胸腔<rp>（</rp><rt>きょうくう</rt><rp>）</rp></ruby>が広がり、肺がふくらむ。吐くと逆。肺自体に空気を吸い込む筋肉があるわけではない。<div class=""links""><b>関連語：</b>横隔膜／胸腔／肺／肋骨</div>"
細胞呼吸,"細胞が酸素を使って有機物を分解し、生命活動に使えるエネルギーを取り出す反応。二酸化炭素と水が生じる。肺で空気を出し入れする呼吸運動とは区別する。<div class=""links""><b>関連語：</b>酸素／有機物／エネルギー／二酸化炭素</div>"
心臓の4つの部屋,"右心房・右心室・左心房・左心室。心房は静脈から血液を受け、心室は動脈へ送り出す。全身へ高い圧力で送る左心室の壁が最も厚い。<div class=""links""><b>関連語：</b>右心房／右心室／左心房／左心室</div>"
心臓を通る血液の順序,"全身→大静脈→右心房→右心室→肺動脈→肺→肺静脈→左心房→左心室→大動脈→全身。心臓の図は左右が観察者と逆に描かれることが多い。<div class=""links""><b>関連語：</b>大静脈／肺動脈／肺静脈／大動脈</div>"
体循環と肺循環,"体循環は左心室→大動脈→全身→大静脈→右心房。肺循環は右心室→肺動脈→肺→肺静脈→左心房。1回の全身循環で心臓を2回通る。<div class=""links""><b>関連語：</b>体循環／肺循環／左心室／右心室</div>"
動脈と静脈,"動脈は心臓から出る血管で壁が厚く弾力があり、静脈は心臓へ戻る血管で壁が比較的薄い。特に四肢の静脈には逆流を防ぐ弁が多いが、すべての静脈にあるわけではない。肺動脈は静脈血、肺静脈は動脈血を運ぶため、酸素量で命名しない。<div class=""links""><b>関連語：</b>動脈／静脈／肺動脈／肺静脈</div>"
毛細血管,"動脈と静脈をつなぐ非常に細い血管。壁が薄く、血液と組織細胞の間で酸素・二酸化炭素・養分・不要物などを交換する。<div class=""links""><b>関連語：</b>動脈／静脈／組織液／物質交換</div>"
赤血球とヘモグロビン,"赤血球はヘモグロビンを含み、主に酸素を運ぶ。ヘモグロビンは酸素の多い肺で結びつき、少ない組織で放す性質がある。成熟したヒトの赤血球には核がない。<div class=""links""><b>関連語：</b>ヘモグロビン／酸素／<ruby>肺胞<rp>（</rp><rt>はいほう</rt><rp>）</rp></ruby>／毛細血管</div>"
白血球,"体内に侵入した細菌などを取り込んだり、免疫反応に関わったりして体を守る。核をもち、赤血球より数は少ない。酸素運搬が主な役割ではない。<div class=""links""><b>関連語：</b>免疫／病原体／抗体／血液</div>"
血小板,"血管が傷ついたときに集まり、血液凝固を進めて出血を止める。細胞の破片で、酸素運搬や病原体の排除が主な役割ではない。<div class=""links""><b>関連語：</b>血液凝固／出血／血管／血しょう</div>"
血しょうと組織液,"血しょうは血液の液体成分で、養分・二酸化炭素・不要物などを運ぶ。一部が毛細血管からしみ出して組織液となり、細胞との物質交換を仲立ちして多くは血管へ戻る。<div class=""links""><b>関連語：</b>毛細血管／組織液／リンパ液／物質交換</div>"
細胞由来の不要物と便の違い,"二酸化炭素や<ruby>尿素<rp>（</rp><rt>にょうそ</rt><rp>）</rp></ruby>は細胞の活動で生じた不要物で、肺・<ruby>腎臓<rp>（</rp><rt>じんぞう</rt><rp>）</rp></ruby>・皮膚などから体外へ排出される。一方、便の主成分は消化・吸収されなかった食物などで、細胞で生じた不要物ではない。日常語ではどちらにも『排泄』を使うことがある。<div class=""links""><b>関連語：</b>尿素／腎臓／肺／便</div>"
<ruby>腎臓<rp>（</rp><rt>じんぞう</rt><rp>）</rp></ruby>のはたらき,"血液をろ過し、<ruby>尿素<rp>（</rp><rt>にょうそ</rt><rp>）</rp></ruby>・余分な水・塩類などを尿として取り除き、体内環境を調節する。必要な物質の多くは再吸収される。尿は<ruby>腎臓<rp>（</rp><rt>じんぞう</rt><rp>）</rp></ruby>→輸尿管→膀胱→尿道と流れる。<div class=""links""><b>関連語：</b>尿素／尿／輸尿管／膀胱</div>"
<ruby>尿素<rp>（</rp><rt>にょうそ</rt><rp>）</rp></ruby>ができるまで,"タンパク質が分解されると有害なアンモニアが生じ、肝臓で毒性の低い<ruby>尿素<rp>（</rp><rt>にょうそ</rt><rp>）</rp></ruby>に変えられる。尿素は血液で<ruby>腎臓<rp>（</rp><rt>じんぞう</rt><rp>）</rp></ruby>へ運ばれ、尿として排出される。<div class=""links""><b>関連語：</b>タンパク質／アンモニア／肝臓／腎臓</div>"
<ruby>中枢神経<rp>（</rp><rt>ちゅうすうしんけい</rt><rp>）</rp></ruby>と<ruby>末梢神経<rp>（</rp><rt>まっしょうしんけい</rt><rp>）</rp></ruby>,"<ruby>中枢神経<rp>（</rp><rt>ちゅうすうしんけい</rt><rp>）</rp></ruby>は脳と脊髄で、情報を整理し命令を出す。<ruby>末梢神経<rp>（</rp><rt>まっしょうしんけい</rt><rp>）</rp></ruby>は中枢と全身を結び、感覚神経と運動神経を含む。刺激から反応までの経路を方向付きで捉える。<div class=""links""><b>関連語：</b>脳／脊髄／感覚神経／運動神経</div>"
刺激から意識的な反応まで,"受容器→感覚神経→脳などの<ruby>中枢神経<rp>（</rp><rt>ちゅうすうしんけい</rt><rp>）</rp></ruby>→運動神経→筋肉などの効果器、の順に信号が伝わる。感覚神経と運動神経の向きを逆にしない。<div class=""links""><b>関連語：</b>受容器／感覚神経／中枢神経／効果器</div>"
反射運動,"刺激に対して意識的な判断より先に起こる、決まった素早い反応。熱い物から手を引く場合、主に脊髄で命令が返され、その後に信号が脳へ届いて熱さを感じる。<div class=""links""><b>関連語：</b>脊髄／反射弓／感覚神経／運動神経</div>"
反射の利点,"脳で意識的に判断してから動くより短い経路で反応し、危険から体を守れる。また姿勢や内臓の調節にも反射が関わる。反射でも情報が脳に届かないわけではない。<div class=""links""><b>関連語：</b>反射／脊髄／危険回避／<ruby>中枢神経<rp>（</rp><rt>ちゅうすうしんけい</rt><rp>）</rp></ruby></div>"
目のつくりとピント調節,"角膜・瞳孔を通った光が水晶体で<ruby>屈折<rp>（</rp><rt>くっせつ</rt><rp>）</rp></ruby>し、網膜に上下左右が逆の像を結ぶ。毛様体が水晶体の厚さを変えてピントを調節し、視神経が信号を脳へ送る。<div class=""links""><b>関連語：</b>水晶体／網膜／視神経／瞳孔</div>"
耳のつくりと音の伝わり方,"音で鼓膜が振動し、耳小骨を通ってうずまき管の感覚細胞を刺激し、聴神経で脳へ伝わる。半規管は体の回転、前庭は傾きなどを感じ、聴覚とは別の平衡感覚に関わる。<div class=""links""><b>関連語：</b>鼓膜／耳小骨／うずまき管／聴神経</div>"
骨格・関節・腱,"骨格は体を支え内臓を守る。骨と骨が動く接続部が関節、筋肉と骨をつなぐ丈夫な組織が腱。<ruby>靱帯<rp>（</rp><rt>じんたい</rt><rp>）</rp></ruby>は主に骨どうしをつなぐので区別する。<div class=""links""><b>関連語：</b>骨格／関節／筋肉／腱</div>"
<ruby>拮抗<rp>（</rp><rt>きっこう</rt><rp>）</rp></ruby>する筋肉,"腕を曲げるときは上腕前側の筋肉が縮み後側がゆるみ、伸ばすときは逆になる。筋肉は縮んで引く方向に力を出すため、反対向きにはたらく筋肉が対になって運動する。<div class=""links""><b>関連語：</b>筋肉／関節／腱／収縮</div>"
呼吸運動模型と圧力,"ベルジャー模型では、容器が<ruby>胸腔<rp>（</rp><rt>きょうくう</rt><rp>）</rp></ruby>、風船が肺、管が気管・気管支、底のゴム膜が<ruby>横隔膜<rp>（</rp><rt>おうかくまく</rt><rp>）</rp></ruby>に対応する。膜を下げると内部体積が増えて圧力が下がり、外気が入って風船が膨らむ（吸気）。上げると体積が減って圧力が上がり、空気が出る（呼気）。<div class=""links""><b>関連語：</b>横隔膜／胸腔／肺／気圧差</div>"
栄養素の消化・吸収の比較,"<table><thead><tr><th>栄養素</th><th>主な消化液・<ruby>酵素<rp>（</rp><rt>こうそ</rt><rp>）</rp></ruby></th><th>最終産物</th><th>主な吸収先</th></tr></thead><tbody><tr><td>デンプン</td><td>だ液・<ruby>膵液<rp>（</rp><rt>すいえき</rt><rp>）</rp></ruby>のアミラーゼ、腸液の<ruby>酵素<rp>（</rp><rt>こうそ</rt><rp>）</rp></ruby></td><td>ブドウ糖</td><td>毛細血管</td></tr><tr><td>タンパク質</td><td>胃液のペプシン、<ruby>膵液<rp>（</rp><rt>すいえき</rt><rp>）</rp></ruby>のトリプシン、腸液の<ruby>酵素<rp>（</rp><rt>こうそ</rt><rp>）</rp></ruby></td><td>アミノ酸</td><td>毛細血管</td></tr><tr><td>脂肪</td><td><ruby>胆汁<rp>（</rp><rt>たんじゅう</rt><rp>）</rp></ruby>で乳化後、<ruby>膵液<rp>（</rp><rt>すいえき</rt><rp>）</rp></ruby>のリパーゼ</td><td>脂肪酸とモノグリセリドなど</td><td>主にリンパ管</td></tr></tbody></table>胆汁自体は<ruby>消化酵素<rp>（</rp><rt>しょうかこうそ</rt><rp>）</rp></ruby>を含まず、吸収は主に小腸の<ruby>絨毛<rp>（</rp><rt>じゅうもう</rt><rp>）</rp></ruby>で行われる。<div class=""links""><b>関連語：</b>消化酵素／絨毛／毛細血管／リンパ管</div>"
雲ができる基本,"空気中の水蒸気が冷やされ、細かな水滴や氷の粒になって空中に浮かぶと雲になる。水蒸気そのものは目に見えず、白く見える湯気も細かな水滴である。<div class=""links""><b>関連語：</b>水蒸気／<ruby>凝結<rp>（</rp><rt>ぎょうけつ</rt><rp>）</rp></ruby>／水滴／気温</div>"
大気の成分,"乾燥空気は体積比で窒素約78%、酸素約21%、アルゴン約0.9%、二酸化炭素約0.04%。水蒸気量は場所・時刻で大きく変わる。最も多いのは酸素ではなく窒素。<div class=""links""><b>関連語：</b>窒素／酸素／二酸化炭素／水蒸気</div>"
大気圧,"大気の重さによって物体の表面に働く圧力。あらゆる向きに働き、海面付近の標準的な値は約1013 hPa。高度が上がるほど上にある空気が減るので小さくなる。<div class=""links""><b>関連語：</b>気圧／ヘクトパスカル／高度／空気の重さ</div>"
1気圧の大きさ,"1気圧は約1013 hPa＝約101300 Pa。1 Pa＝1 N/m²なので、1 m²には約10万Nの力が働く。体内からもほぼ同じ圧力が押し返すため普段はつぶれない。<div class=""links""><b>関連語：</b>パスカル／圧力／大気圧／力</div>"
アネロイド気圧計,"金属製の真空に近い容器が気圧で変形するのを利用して測る。液体を使わず持ち運びやすい。読み取り時は目盛りと目の高さをそろえ、軽くたたいて針の摩擦を減らす。<div class=""links""><b>関連語：</b>気圧／気圧計／大気圧／観測</div>"
主な気象要素,"気温・湿度・気圧・風向・風速・雲量・降水量などを継続して観測する。同じ時刻・場所・器具・方法で測ると変化を比較できる。天気は一つの要素だけでは決まらない。<div class=""links""><b>関連語：</b>気温／湿度／気圧／風</div>"
<ruby>飽和水蒸気量<rp>（</rp><rt>ほうわすいじょうきりょう</rt><rp>）</rp></ruby>,"1 m³の空気がある温度で含むことのできる水蒸気の最大質量。気温が高いほど大きい。『現在含まれる量』ではなく上限なので、気温が変われば値も変わる。<div class=""links""><b>関連語：</b>水蒸気／湿度／<ruby>露点<rp>（</rp><rt>ろてん</rt><rp>）</rp></ruby>／<ruby>凝結<rp>（</rp><rt>ぎょうけつ</rt><rp>）</rp></ruby></div>"
相対湿度の計算,"湿度(%)＝実際の水蒸気量÷その気温での<ruby>飽和水蒸気量<rp>（</rp><rt>ほうわすいじょうきりょう</rt><rp>）</rp></ruby>×100。同じ水蒸気量でも気温が下がると飽和水蒸気量が減るため、湿度は上がる。単位をそろえる。<div class=""links""><b>関連語：</b>飽和水蒸気量／水蒸気量／気温／<ruby>露点<rp>（</rp><rt>ろてん</rt><rp>）</rp></ruby></div>"
<ruby>露点<rp>（</rp><rt>ろてん</rt><rp>）</rp></ruby>,"空気を水蒸気量を変えずに冷やしたとき、湿度が100%になり<ruby>凝結<rp>（</rp><rt>ぎょうけつ</rt><rp>）</rp></ruby>が始まる温度。<ruby>露点<rp>（</rp><rt>ろてん</rt><rp>）</rp></ruby>が高いほど、その空気に実際に含まれる水蒸気量が多い。現在の気温とは別。<div class=""links""><b>関連語：</b>凝結／<ruby>飽和<rp>（</rp><rt>ほうわ</rt><rp>）</rp></ruby>／湿度／水蒸気量</div>"
<ruby>露点<rp>（</rp><rt>ろてん</rt><rp>）</rp></ruby>から水蒸気量を求める,"空気中の実際の水蒸気量は、<ruby>露点<rp>（</rp><rt>ろてん</rt><rp>）</rp></ruby>における<ruby>飽和水蒸気量<rp>（</rp><rt>ほうわすいじょうきりょう</rt><rp>）</rp></ruby>に等しい。まず表・グラフで露点の飽和値を読み、その値を現在気温の飽和値で割れば湿度が求まる。<div class=""links""><b>関連語：</b>露点／飽和水蒸気量曲線／湿度／<ruby>凝結<rp>（</rp><rt>ぎょうけつ</rt><rp>）</rp></ruby></div>"
空気を冷やしたときに<ruby>凝結<rp>（</rp><rt>ぎょうけつ</rt><rp>）</rp></ruby>する水の量,"<ruby>露点<rp>（</rp><rt>ろてん</rt><rp>）</rp></ruby>より低い温度まで冷やすと、凝結量＝もとの実際の水蒸気量－冷却後の<ruby>飽和水蒸気量<rp>（</rp><rt>ほうわすいじょうきりょう</rt><rp>）</rp></ruby>。体積が指定される場合は1 m³あたりの差に体積を掛ける。<div class=""links""><b>関連語：</b>凝結量／露点／飽和水蒸気量／体積</div>"
<ruby>乾湿計<rp>（</rp><rt>かんしつけい</rt><rp>）</rp></ruby>,"乾球温度計と、ぬれた布を巻いた湿球温度計を用いる。湿球の布を十分ぬらし、通風させて示度が安定してから両方を読む。蒸発で湿球が冷えるため、空気が乾くほど乾球との差が大きく、湿度100%ではほぼ同じ温度になる。<div class=""links""><b>関連語：</b>乾球温度／湿球温度／蒸発／湿度表</div>"
雲のでき方,"湿った空気が上昇すると周囲の気圧が下がって膨張し、温度が下がる。<ruby>露点<rp>（</rp><rt>ろてん</rt><rp>）</rp></ruby>に達すると水蒸気が<ruby>凝結核<rp>（</rp><rt>ぎょうけつかく</rt><rp>）</rp></ruby>の周りで水滴や氷晶になり、雲ができる。上昇自体が直接水を生むわけではない。<div class=""links""><b>関連語：</b>上昇気流／<ruby>断熱膨張<rp>（</rp><rt>だんねつぼうちょう</rt><rp>）</rp></ruby>／露点／凝結核</div>"
<ruby>断熱膨張<rp>（</rp><rt>だんねつぼうちょう</rt><rp>）</rp></ruby>と温度低下,"上昇した空気塊は周囲の気圧が低いため膨張し、外へ仕事をして内部エネルギーを失い温度が下がる。熱を外へ逃がしたからだけではない。この冷却が雲の形成につながる。<div class=""links""><b>関連語：</b>上昇気流／気圧／雲／<ruby>凝結<rp>（</rp><rt>ぎょうけつ</rt><rp>）</rp></ruby></div>"
雲を作る実験,"学校指定の耐圧器具を使い、保護眼鏡を着け、過度に加圧せず栓を人へ向けない。容器内を湿らせ、圧縮後に急に減圧すると空気が膨張・冷却して霧ができる。線香の煙は水滴がつく<ruby>凝結核<rp>（</rp><rt>ぎょうけつかく</rt><rp>）</rp></ruby>を供給する。<div class=""links""><b>関連語：</b><ruby>断熱膨張<rp>（</rp><rt>だんねつぼうちょう</rt><rp>）</rp></ruby>／凝結核／霧／気圧</div>"
雨や雪になるまで,"雲粒が衝突して大きくなる、または氷晶が成長して落下し、地上まで融ければ雨、融けずに届けば雪になる。雲粒は小さく上昇気流で浮くが、大きく重くなると落ちる。<div class=""links""><b>関連語：</b>雲粒／氷晶／上昇気流／降水</div>"
風が吹く基本原理,"水平方向の気圧差による力で、空気は基本的に高気圧側から低気圧側へ動き始める。実際の大規模な風は地球の自転の影響で進路を曲げられ、地表付近では摩擦も受けるため、等圧線に直角な直線とは限らない。<div class=""links""><b>関連語：</b>気圧差／高気圧／低気圧／地球の自転</div>"
等圧線,"同じ時刻に気圧が等しい地点を結んだ線。通常4 hPaごとに描く。間隔が狭いほど水平気圧差が大きく、一般に風が強い。枝分かれしたり交差したりしない。<div class=""links""><b>関連語：</b>気圧／天気図／風速／高気圧</div>"
高気圧付近の風と天気,"北半球では地表付近の風が高気圧から時計回りに吹き出す。下降気流で雲ができにくく晴れやすいが、季節や湿度によって霧・低い雲が出ることもあり、必ず快晴とは限らない。<div class=""links""><b>関連語：</b>下降気流／時計回り／晴天／北半球</div>"
低気圧付近の風と天気,"北半球では地表付近の風が反時計回りに吹き込み、上昇気流となる。空気が冷えて雲や雨が生じやすい。中心へ完全な直線で吹くのではなく、回転しながら収束する。<div class=""links""><b>関連語：</b>上昇気流／反時計回り／雲／北半球</div>"
気団,"広い範囲で気温・湿度がほぼ一様な大きな空気の塊。発生した海上・大陸や<ruby>緯度<rp>（</rp><rt>いど</rt><rp>）</rp></ruby>の性質を帯びる。異なる気団が接する境界が前線面で、地表との交線が前線。<div class=""links""><b>関連語：</b>前線／気温／湿度／空気塊</div>"
温暖前線,"暖気が寒気の上を緩やかにはい上がる前線。広い範囲に層状の雲ができ、比較的弱い雨が長く続きやすい。通過後は気温が上がり、風向が変化することが多い。<div class=""links""><b>関連語：</b>暖気／寒気／乱層雲／気温上昇</div>"
寒冷前線,"進む寒気が暖気の下にもぐり込み、暖気を急に押し上げる前線。積乱雲が発達し、狭い範囲で短時間の強い雨や雷・突風が起こりやすい。通過後は気温が下がる。<div class=""links""><b>関連語：</b>積乱雲／強雨／寒気／気温低下</div>"
温暖前線と寒冷前線の断面,"温暖前線は傾斜が緩く雲・雨域が前線の前方へ広がる。寒冷前線は傾斜が急で、前線付近に積乱雲が並びやすい。暖気はどちらでも密度の大きい寒気の上に上がる。<div class=""links""><b>関連語：</b>前線面／暖気／寒気／雲の種類</div>"
停滞前線,"暖気と寒気の勢力がほぼ同じで、境界があまり移動しない前線。長期間にわたり曇りや雨をもたらす。日本の梅雨前線や秋雨前線が代表。<div class=""links""><b>関連語：</b>梅雨前線／秋雨前線／気団／長雨</div>"
<ruby>閉塞前線<rp>（</rp><rt>へいそくぜんせん</rt><rp>）</rp></ruby>,"寒冷前線が温暖前線に追いつき、地上の暖気が押し上げられた前線。発達した温帯低気圧の後期に見られる。天気図では三角と半円が同じ側に交互に並ぶ。<div class=""links""><b>関連語：</b>温帯低気圧／寒冷前線／温暖前線／前線記号</div>"
温帯低気圧の発達,"中緯度で暖気と寒気の境界に発生し、温暖前線と寒冷前線を伴って西から東へ進むことが多い。発達後、寒冷前線が温暖前線に追いつき閉塞して衰える。<div class=""links""><b>関連語：</b>温暖前線／寒冷前線／<ruby>閉塞前線<rp>（</rp><rt>へいそくぜんせん</rt><rp>）</rp></ruby>／偏西風</div>"
前線通過を観測値から読む,"温暖前線通過では気温上昇、寒冷前線通過では気温急降下・風向変化・短時間の強雨が手がかり。気圧は低気圧接近で下がり、通過後に上がることが多い。複数要素を合わせる。<div class=""links""><b>関連語：</b>気温／風向／気圧／降水</div>"
日本に影響する4気団,"冬のシベリア気団は寒冷・乾燥、夏の小笠原気団は高温・湿潤。梅雨期のオホーツク海気団は冷涼・湿潤、春秋の揚子江気団は温暖・乾燥。<div class=""links""><b>関連語：</b>シベリア気団／小笠原気団／オホーツク海気団／揚子江気団</div>"
冬型の気圧配置,"西高東低。シベリア高気圧から北西季節風が吹き、日本海で水蒸気を得て山地で雪を降らせる。日本海側は雪や曇り、山を越えた太平洋側は乾燥した晴天になりやすい。<div class=""links""><b>関連語：</b>西高東低／北西季節風／日本海側／太平洋側</div>"
春・秋の移動性高気圧,"偏西風に乗って高気圧と低気圧が交互に西から東へ進み、天気が数日周期で変わりやすい。高気圧通過中は晴れ、低気圧・前線の接近で雨になりやすい。<div class=""links""><b>関連語：</b>移動性高気圧／温帯低気圧／偏西風／周期変化</div>"
梅雨の仕組み,"冷涼で湿ったオホーツク海気団と、高温で湿った小笠原気団の間に梅雨前線が停滞し、曇雨天が続く。前線上の低気圧や湿った空気で大雨になることもある。<div class=""links""><b>関連語：</b>梅雨前線／オホーツク海気団／小笠原気団／停滞前線</div>"
夏型の気圧配置,"太平洋高気圧（小笠原気団）に広く覆われ、高温で晴れる日が多い。強い日射で地表付近が熱せられると上昇気流が生じ、午後に積乱雲・雷雨が発生することもある。<div class=""links""><b>関連語：</b>太平洋高気圧／小笠原気団／積乱雲／雷雨</div>"
季節風,"大陸と海洋の温まり方・冷え方の違いで、季節により卓越風向が変わる風。冬は大陸から海へ、夏は海から大陸へ吹きやすい。地球規模の気圧配置も関わる。<div class=""links""><b>関連語：</b>比熱／大陸／海洋／気圧差</div>"
海風と陸風,"昼は陸が海より早く温まり、陸上で上昇気流が生じて海から陸へ海風が吹く。夜は陸が早く冷え、陸から海へ陸風が吹く。日変化する小規模な循環。<div class=""links""><b>関連語：</b>海風／陸風／比熱／気圧差</div>"
フェーン現象,"湿った空気が山を上ると冷えて雨を降らせ、山を越えて下ると圧縮されて温度が上がる。風下側で高温・乾燥した風になる。単に南から暖気が来る現象ではない。<div class=""links""><b>関連語：</b>断熱変化／山越え気流／乾燥／風下</div>"
台風,"北西太平洋（赤道より北・東経180°より西）または南シナ海にある熱帯低気圧のうち、低気圧域内の最大風速（10分間平均）が約17 m/s（34 kt、風力8）以上のもの。暖かい海から得た水蒸気の凝結熱で発達し、基本的に前線を伴わない。<div class=""links""><b>関連語：</b>熱帯低気圧／水蒸気／凝結熱／暴風</div>"
台風の風と進路,"北半球では中心へ反時計回りに強風が吹き込む。日本付近では太平洋高気圧の縁や偏西風の影響を受け、北上後に東寄りへ進路を変え、速度を上げることが多い。<div class=""links""><b>関連語：</b>反時計回り／太平洋高気圧／偏西風／進路</div>"
気象衛星画像とレーダー,"衛星画像は広域の雲の分布・動きを捉え、気象レーダーは雨や雪の位置・強さ・移動を詳しく捉える。衛星の白い部分がすべて降水域とは限らない。<div class=""links""><b>関連語：</b>気象衛星／気象レーダー／雲／降水</div>"
天気記号の読み方,"観測点記号では中心の天気、羽根の向きで風向、羽根の数などで風力を表す。風向は矢が進む向きでなく、棒が伸びる側から吹いてくる風として読む。<ruby>凡例<rp>（</rp><rt>はんれい</rt><rp>）</rp></ruby>を確認する。<div class=""links""><b>関連語：</b>天気記号／風向／風力／観測点</div>"
降水確率の意味,"予報区内で一定時間内に1 mm以上の雨または雪が降る確率の平均値で、0、10、…、100%の10%刻みで発表される。30%予報を同じ条件で100回出せば約30回で1 mm以上となる意味で、雨の強さ・量・継続時間や区域の30%に降ることを示さない。<div class=""links""><b>関連語：</b>天気予報／降水量／確率／予報区</div>"
線状降水帯,"発達した積乱雲が次々に同じ場所を通過・発生して線状に連なり、長時間の大雨をもたらす現象。河川氾濫や土砂災害の危険が急増するため、早めの避難判断が必要。<div class=""links""><b>関連語：</b>積乱雲／集中豪雨／洪水／土砂災害</div>"
土砂災害の前兆と避難,"崖の亀裂、小石が落ちる、湧水の濁り、地鳴りなどは前兆になりうるが、前兆なしでも発生する。警戒区域・雨量・警報を確認し、危険な斜面や谷から早く離れる。<div class=""links""><b>関連語：</b>土石流／崖崩れ／地すべり／大雨警報</div>"
気温・湿度の日変化,"晴天日は日射で地面が暖まるため気温は正午より遅い14時ごろ最高、日の出前ごろ最低になりやすい。水蒸気量がほぼ同じなら、湿度は気温と逆向きに変化しやすい。<div class=""links""><b>関連語：</b>日射／最高気温／<ruby>飽和水蒸気量<rp>（</rp><rt>ほうわすいじょうきりょう</rt><rp>）</rp></ruby>／相対湿度</div>"
<ruby>露点<rp>（</rp><rt>ろてん</rt><rp>）</rp></ruby>を測る金属容器の実験,"磨いた金属容器に水と温度計を入れ、かき混ぜながら氷水を少しずつ加える。容器の外側が曇り始めた瞬間の水温を、その空気の<ruby>露点<rp>（</rp><rt>ろてん</rt><rp>）</rp></ruby>とみなす。金属は熱を伝えやすく、容器表面と中の水の温度がほぼ等しくなることを利用する。<div class=""links""><b>関連語：</b>露点／<ruby>凝結<rp>（</rp><rt>ぎょうけつ</rt><rp>）</rp></ruby>／水蒸気／湿度</div>"
冷えた容器の外側に付く水滴,"周囲の空気が容器表面で露点以下に冷え、空気中の水蒸気が<ruby>凝結<rp>（</rp><rt>ぎょうけつ</rt><rp>）</rp></ruby>してできたもの。容器内の水が壁を染み出したのではない。外面を事前に乾かし、冷やさない対照と比べると由来を確かめやすい。<div class=""links""><b>関連語：</b>水蒸気／<ruby>露点<rp>（</rp><rt>ろてん</rt><rp>）</rp></ruby>／凝結／対照実験</div>"
4種類の前線記号と進行方向,"<table><thead><tr><th>前線</th><th>記号</th><th>進行方向</th></tr></thead><tbody><tr><td>温暖</td><td>半円</td><td>半円が向く側</td></tr><tr><td>寒冷</td><td>三角</td><td>三角が向く側</td></tr><tr><td>停滞</td><td>半円と三角が反対側</td><td>動きが小さく、一方向を示さない</td></tr><tr><td>閉塞</td><td>半円と三角が同じ側</td><td>記号が向く側</td></tr></tbody></table>白黒図では色でなく形と記号の側を読む。<div class=""links""><b>関連語：</b>温暖前線／寒冷前線／停滞前線／<ruby>閉塞前線<rp>（</rp><rt>へいそくぜんせん</rt><rp>）</rp></ruby></div>"
<ruby>乾湿計<rp>（</rp><rt>かんしつけい</rt><rp>）</rp></ruby>の湿度表の読み方,"①乾球温度と湿球温度を読む、②乾球温度−湿球温度を求める、③湿度表の乾球温度の行と温度差の列の交点を読む。例として乾球20℃・湿球16℃なら温度差4℃の欄を使う。表によって行列が逆の場合は見出しを確認し、両温度が同じなら湿度は100%である。<div class=""links""><b>関連語：</b>乾球温度／湿球温度／温度差／相対湿度</div>"
測定範囲の外を予測すること,"既知データの外側へ傾向を延ばして見積もることを<ruby>外挿<rp>（</rp><rt>がいそう</rt><rp>）</rp></ruby>という。範囲外では法則や状態が変わる可能性があり、<ruby>内挿<rp>（</rp><rt>ないそう</rt><rp>）</rp></ruby>より不確かさが大きい。<div class=""links""><b>関連語：</b>外挿／内挿／不確かさ／適用範囲</div>"
見かけの関係をつくる第三の要因,"二量の両方へ影響し、関係があるように見せる要因を<ruby>交絡要因<rp>（</rp><rt>こうらくよういん</rt><rp>）</rp></ruby>という。気温が上がると飲料販売と水難事故が共に増えても、販売が事故の原因とは限らない。<div class=""links""><b>関連語：</b>交絡要因／相関／因果／条件制御</div>"
模型から言えることの限界,"模型は注目する構造・関係を単純化して表す。粒子の色や天体間距離など、説明のために変えた部分を現実そのものと思わず、何を表し何を省いたか明示する。<div class=""links""><b>関連語：</b>模型／単純化／粒子モデル／天体モデル</div>"
熱の伝わり方,"熱は高温の物体から低温の物体へ移り、温度差を小さくする。伝わり方には伝導・対流・放射があり、同時に起こることもある。<div class=""links""><b>関連語：</b>熱伝導／対流／放射</div>"
熱放射,"赤外線などの電磁波で熱が伝わる現象。物質がない真空中でも伝わるため、太陽の熱が地球へ届く。黒くつやのない面は放射を吸収・放出しやすい。<div class=""links""><b>関連語：</b>赤外線／真空／太陽</div>"
断熱,"熱の移動を小さくすること。空気は熱を伝えにくいため、発泡材や二重窓、衣服の空気層が役立つ。魔法瓶は伝導・対流・放射をそれぞれ抑える。<div class=""links""><b>関連語：</b>熱伝導／対流／放射</div>"
合力,"複数の力と同じはたらきをする1つの力。同じ向きなら足し、反対向きなら大きい方から小さい方を引く。合力が0なら力はつり合う。<div class=""links""><b>関連語：</b>力の合成／つり合い／分力</div>"
平行四辺形による力の合成,"同じ作用点の2力を隣り合う辺とする平行四辺形を作り、作用点から引いた対角線が合力。直角な2力なら、合力の大きさは三平方の関係で求められる場合がある。<div class=""links""><b>関連語：</b>合力／ベクトル／分力</div>"
分力,"1つの力を、同じはたらきをする複数の方向の力に分けたもの。元の力を対角線とする平行四辺形の辺が分力。斜面上の重力を斜面方向と垂直方向へ分けるなどに使う。<div class=""links""><b>関連語：</b>力の分解／合力／斜面</div>"
定滑車,"軸が固定された滑車。力を加える向きを変えられるが、摩擦を無視すると必要な力の大きさも引く距離も変わらない。天井側を支点と混同しない。<div class=""links""><b>関連語：</b>動滑車／仕事の原理／張力</div>"
動滑車,"滑車自体が荷物とともに動く。1個を2本のロープで支える理想条件では必要な力は重さの1/2になるが、引く距離は荷物の上昇距離の2倍。滑車の重さを含む問題に注意。<div class=""links""><b>関連語：</b>定滑車／仕事の原理／張力</div>"
斜面と仕事,"摩擦を無視すると、斜面を使えば物体を持ち上げる力は小さくなるが、移動距離は長くなる。斜面に沿ってした仕事は、鉛直に持ち上げた仕事と等しい。<div class=""links""><b>関連語：</b>仕事の原理／位置エネルギー／分力</div>"
運動の基準点,"物体が動いているかどうかは、どの物体を基準にするかで変わる。電車内で座る人は車内には静止、地面には運動している。位置は基準点からの向きと距離で表す。<div class=""links""><b>関連語：</b>相対運動／位置／速度</div>"
速さ,"単位時間あたりに進む距離。速さ＝距離÷時間、距離＝速さ×時間、時間＝距離÷速さ。向きを含む速度とは異なるが、中学では速さを中心に扱う。<div class=""links""><b>関連語：</b>距離／時間／平均の速さ</div>"
m/sとkm/hの変換,"1 m/s＝3.6 km/h。m/sからkm/hへは×3.6、km/hからm/sへは÷3.6。距離と時間の単位を式へ入れる前にそろえる。<div class=""links""><b>関連語：</b>速さ／単位換算／距離</div>"
平均の速さ,"移動した全距離÷かかった全時間。区間ごとの速さを単純平均してよいのは各区間の時間が等しい場合などに限る。停止時間を含むなら全時間に含める。<div class=""links""><b>関連語：</b>速さ／全距離／瞬間の速さ</div>"
瞬間の速さ,"ごく短い時間で見た速さ。自動車の速度計が示す値に相当する。記録タイマーでは短い時間間隔の移動距離から近似し、平均の速さと区別する。<div class=""links""><b>関連語：</b>平均の速さ／記録タイマー／加速</div>"
記録タイマー,"一定時間ごとにテープへ点を打つ。50 Hzなら1区間0.02秒で5区間（両端を含む点6個）、60 Hzなら6区間（点7個）が0.1秒。点の個数と点の間の区間数を混同しない。<div class=""links""><b>関連語：</b>打点間隔／速さ／周波数</div>"
記録テープの読み方,"同じ時間区間ごとのテープ片が長いほど速い。片の長さが一定なら等速、一定ずつ増えるなら速さが一定の割合で増えている。点の個数ではなく区間数で時間を数える。<div class=""links""><b>関連語：</b>等速直線運動／加速／記録タイマー</div>"
移動距離―時間グラフ,"横軸が時間、縦軸が移動距離なら、傾きが速さを表し、急ほど速い。水平なら移動していない。位置―時間グラフでは傾きの符号が運動の向き、絶対値が速さを表すので区別する。<div class=""links""><b>関連語：</b>傾き／速さ／位置</div>"
速さ―時間グラフ,"横軸が時間、縦軸が速さ。水平線は一定の速さ、右上がりは加速、右下がりは減速。グラフと時間軸で囲む面積は進んだ距離を表す。<div class=""links""><b>関連語：</b>加速／移動距離／面積</div>"
等速直線運動,"一直線上を一定の速さで進む運動。距離―時間グラフは一定の傾きの直線、速さ―時間グラフは水平線。合力が0なら静止だけでなくこの運動も続く。<div class=""links""><b>関連語：</b><ruby>慣性<rp>（</rp><rt>かんせい</rt><rp>）</rp></ruby>／力のつり合い／グラフ</div>"
自由落下,"空気抵抗を無視し、重力だけで落ちる運動。落下中は下向きの速さが一定の割合で増える。重い物体ほど速く落ちるのではなく、同じ場所なら加速の割合は同じ。<div class=""links""><b>関連語：</b>重力／加速／空気抵抗</div>"
斜面を下る運動,"斜面方向の重力の分力によって速さが増す。同じ台車を用い、摩擦や空気抵抗を無視できる条件では、斜面が急なほど速さの増え方が大きく、斜面が同じなら質量によらず増え方はほぼ同じ。<div class=""links""><b>関連語：</b>分力／加速／重力</div>"
<ruby>慣性<rp>（</rp><rt>かんせい</rt><rp>）</rp></ruby>,"物体が現在の運動状態を保とうとする性質。合力が0なら、静止物体は静止を、運動物体は等速直線運動を続ける。力がなければ運動が止まる、は摩擦を見落とした誤解。<div class=""links""><b>関連語：</b>等速直線運動／合力／摩擦</div>"
<ruby>慣性<rp>（</rp><rt>かんせい</rt><rp>）</rp></ruby>の身近な例,"急発進する車内で体が後ろへ傾くのは体が静止を保とうとし、急停止で前へ傾くのは運動を保とうとするため。体を後ろや前へ引く新しい力が直接生じたわけではない。<div class=""links""><b>関連語：</b><ruby>慣性<rp>（</rp><rt>かんせい</rt><rp>）</rp></ruby>／急発進／急停止</div>"
作用・反作用,"物体AがBに力を及ぼすと、同時にBもAへ大きさが等しく向きが反対の力を及ぼす。2力は別々の物体にはたらくため、同一物体上の力のつり合いではない。<div class=""links""><b>関連語：</b>力のつり合い／垂直抗力／反作用</div>"
力と速さの変化,"運動方向と同じ向きに合力があれば速くなり、反対向きなら遅くなる。合力が0なら速さは変わらない。一定の力があると「一定の速さ」ではなく「一定の割合で速さが変化」する。<div class=""links""><b>関連語：</b>合力／加速／<ruby>慣性<rp>（</rp><rt>かんせい</rt><rp>）</rp></ruby></div>"
力がする仕事,"力が物体をその力の向きに移動させたとき、仕事W＝力N×力の向きの移動距離m。単位はJ。力と移動が同方向でないときは、その方向の成分を使う。<div class=""links""><b>関連語：</b>ジュール／力／移動距離</div>"
仕事が0になる場合,"力を加えても物体が動かない場合、または力と移動方向が垂直な場合、その力のした仕事は0。荷物を水平に運ぶとき、支える上向きの力の仕事は0。疲労とは別の物理量。<div class=""links""><b>関連語：</b>仕事／移動距離／力の向き</div>"
仕事率,"単位時間あたりにする仕事。仕事率P＝仕事W÷時間s、単位はW。100 Jの仕事を5秒なら20 W。同じ仕事でも短時間で行うほど仕事率は大きい。<div class=""links""><b>関連語：</b>仕事／ワット／電力</div>"
仕事の原理,"道具を使って必要な力を小さくしても、その分動かす距離が長くなり、摩擦を無視すれば仕事の量は変わらない。てこ・滑車・斜面に共通する。<div class=""links""><b>関連語：</b>てこ／滑車／斜面</div>"
位置エネルギー,"高い位置にある物体が持つエネルギー。基準面からの高さと質量が大きいほど大きく、重力による位置エネルギーは「重さN×高さm」でJになる。基準面の選び方に注意。<div class=""links""><b>関連語：</b>重力／高さ／運動エネルギー</div>"
運動エネルギー,"運動している物体が持つエネルギー。質量が大きいほど、速さが大きいほど大きい。特に速さの2乗に比例するため、速さが2倍なら運動エネルギーは4倍。<div class=""links""><b>関連語：</b>速さ／質量／位置エネルギー</div>"
力学的エネルギー保存,"摩擦や空気抵抗を無視できるとき、位置エネルギー＋運動エネルギーは一定。落下では位置が減った分だけ運動が増える。各エネルギー単独が一定なのではない。<div class=""links""><b>関連語：</b>位置エネルギー／運動エネルギー／自由落下</div>"
摩擦があるときのエネルギー,"力学的エネルギーの一部が熱や音などへ変換されるため、力学的エネルギーは減る。しかし熱なども含めた全エネルギーは保存される。「エネルギーが消えた」わけではない。<div class=""links""><b>関連語：</b>摩擦／熱／エネルギー保存</div>"
発電に共通するエネルギー変換,"火力・水力・原子力・風力の多くは、タービンなどの運動で発電機を回し、電磁誘導で電気を得る。太陽光発電は光を直接電気へ変え、回転する発電機を使わない。<div class=""links""><b>関連語：</b>発電機／電磁誘導／タービン</div>"
火力発電の変換経路,"燃料の化学エネルギー→熱→蒸気の運動→タービンの運動→電気。出力を調整しやすい一方、化石燃料は有限で、燃焼により二酸化炭素や大気汚染物質が生じる。<div class=""links""><b>関連語：</b>化石燃料／タービン／二酸化炭素</div>"
揚水発電が電気を蓄える仕組み,"電力が余るときにポンプで水を上の貯水池へ上げ、位置エネルギーとして蓄える。需要が多いときに水を落として発電する。往復で損失はあるが、大量の需給調整に使える。<div class=""links""><b>関連語：</b>位置エネルギー／蓄電／需給調整</div>"
原子力発電の変換経路,"核分裂で得たエネルギー→熱→蒸気→タービンの運動→電気。運転時の二酸化炭素排出は少ないが、放射性廃棄物・事故リスク・冷却や廃炉を含めて考える。<div class=""links""><b>関連語：</b>核分裂／放射性物質／タービン</div>"
太陽光発電と風力発電,"太陽光は光を直接、風力は風の運動を発電機で電気へ変える。どちらも燃料をほぼ使わないが、天候や時刻で出力が変動するため、送電網・蓄電・他電源との組合せが重要。<div class=""links""><b>関連語：</b>再生可能エネルギー／蓄電／出力変動</div>"
再生可能資源と枯渇性資源,"太陽光・風・水など自然の過程で繰り返し補われる資源が再生可能資源。石油・石炭・天然ガス・ウランなど採取可能量が有限なものは枯渇性資源。再生可能でも環境影響が0とは限らない。<div class=""links""><b>関連語：</b>化石燃料／太陽光／持続可能性</div>"
エネルギー変換効率,"投入したエネルギーのうち目的に利用できた割合。効率％＝有効利用エネルギー÷投入エネルギー×100。残りは主に熱や音へ変わり、全エネルギー自体が消えるわけではない。<div class=""links""><b>関連語：</b>エネルギー保存／熱損失／百分率</div>"
変動する発電を安定供給へつなぐ方法,"太陽光・風力の出力変動に対し、蓄電、広域送電と地域間連系、使う時刻をずらす需要調整、出力を調節できる発電を組み合わせ、需要と供給を常に近づける。<div class=""links""><b>関連語：</b>蓄電／送電網／需給調整</div>"
放射線・放射能・放射性物質,"放射線は高いエネルギーをもつ粒子や電磁波。放射能は放射線を出す能力、放射性物質はその能力をもつ物質。三つを同じ物として扱わない。<div class=""links""><b>関連語：</b>原子核／放射性物質／放射線防護</div>"
α線・β線・γ線の透過性,"一般にα線は紙や皮膚、β線は薄い金属板、γ線は厚い鉛やコンクリートで弱められる。透過性はα＜β＜γだが、人体への影響は透過性だけでなく線量や体内外の位置で変わる。<div class=""links""><b>関連語：</b>遮へい／線量／放射線</div>"
放射線の利用,"透過・<ruby>電離<rp>（</rp><rt>でんり</rt><rp>）</rp></ruby>などの性質を利用し、医療画像、がん治療、器具の滅菌、工業製品の非破壊検査、物質の追跡などに使う。用途ごとに種類と量を管理する。<div class=""links""><b>関連語：</b>医療／非破壊検査／電離作用</div>"
放射線から身を守る三原則,"受ける線量を減らす基本は、放射線源の近くにいる時間を短くする、距離を取る、種類に合う物質で遮へいすること。危険性は「ある・ない」だけでなく線量で考える。<div class=""links""><b>関連語：</b>時間／距離／遮へい</div>"
BTB溶液,"酸性で黄色、中性で緑色、アルカリ性で青色を示す指示薬。色は連続的に変わるため、中和点付近の変化を観察できる。元の液に色がある場合は判定しにくい。<div class=""links""><b>関連語：</b>指示薬／中和／pH</div>"
pH,"水溶液の酸性・アルカリ性の程度を表す尺度。およそpH7が中性で、7より小さいほど酸性が強く、7より大きいほどアルカリ性が強い。指示薬やpH試験紙で調べる。<div class=""links""><b>関連語：</b>水素イオン／中性／指示薬</div>"
イオン,"原子や原子団が電子を失ったり受け取ったりして電気を帯びた粒子。電子を失うと陽イオン、受け取ると陰イオン。原子核の陽子数は化学変化では変わらない。<div class=""links""><b>関連語：</b>陽イオン／陰イオン／電子</div>"
陽イオン,"原子などが電子を失い、正の電気を帯びた粒子。Na⁺、H⁺、Cu²⁺、NH₄⁺など。右上の数字は電荷の大きさで、原子の個数ではない。<div class=""links""><b>関連語：</b>電子放出／陰イオン／<ruby>電離<rp>（</rp><rt>でんり</rt><rp>）</rp></ruby></div>"
陰イオン,"原子などが電子を受け取り、負の電気を帯びた粒子。Cl⁻、OH⁻、SO₄²⁻など。マイナスは「電子が少ない」のではなく、陽子より電子が多い状態。<div class=""links""><b>関連語：</b>電子受容／陽イオン／<ruby>電離<rp>（</rp><rt>でんり</rt><rp>）</rp></ruby></div>"
原子がイオンになるときの電子,"ナトリウム原子は電子1個を失いNa⁺、塩素原子は電子1個を受け取りCl⁻。イオンになるのは電子の出入りであり、陽子や中性子が移動するのではない。<div class=""links""><b>関連語：</b>Na+／Cl-／電子移動</div>"
重要な陽イオン（一覧）,"1価はH⁺・Na⁺・K⁺・Ag⁺・NH₄⁺、2価はCu²⁺・Mg²⁺・Ca²⁺・Zn²⁺・Ba²⁺。名称と式を個別カードで覚えた後、電荷ごとに総復習する。<div class=""links""><b>関連語：</b>陽イオン／電荷／<ruby>電離<rp>（</rp><rt>でんり</rt><rp>）</rp></ruby></div>"
重要な陰イオン（一覧）,"塩化物イオンCl⁻、水酸化物イオンOH⁻、硫酸イオンSO₄²⁻、硝酸イオンNO₃⁻、炭酸イオンCO₃²⁻。複数原子からなるものは原子団全体で1つのイオン。個別カード習得後の総復習に使う。<div class=""links""><b>関連語：</b><ruby>電離<rp>（</rp><rt>でんり</rt><rp>）</rp></ruby>／アルカリ性／沈殿</div>"
電解質と非電解質,"水に溶けたときイオンに分かれ、水溶液が電流を通す物質が電解質。食塩・塩酸・水酸化ナトリウムなど。砂糖やエタノールは溶けてもイオンにならず非電解質。<div class=""links""><b>関連語：</b><ruby>電離<rp>（</rp><rt>でんり</rt><rp>）</rp></ruby>／導電性／イオン</div>"
<ruby>電離<rp>（</rp><rt>でんり</rt><rp>）</rp></ruby>,"電解質が水に溶けて陽イオンと陰イオンに分かれること。NaCl→Na⁺＋Cl⁻。水溶液全体では正負の電荷総量が等しく、電気的に中性。<div class=""links""><b>関連語：</b>電解質／陽イオン／陰イオン</div>"
塩化水素の<ruby>電離<rp>（</rp><rt>でんり</rt><rp>）</rp></ruby>,"塩化水素HClが水に溶けるとH⁺とCl⁻に<ruby>電離<rp>（</rp><rt>でんり</rt><rp>）</rp></ruby>し、塩酸になる。HCl→H⁺＋Cl⁻。酸性の共通性は主にH⁺による。<div class=""links""><b>関連語：</b>塩酸／水素イオン／酸性</div>"
水酸化ナトリウムの<ruby>電離<rp>（</rp><rt>でんり</rt><rp>）</rp></ruby>,"NaOH→Na⁺＋OH⁻。水酸化ナトリウム水溶液はOH⁻を生じるためアルカリ性を示す。固体や濃い水溶液は強い腐食性があるので皮膚に付けない。<div class=""links""><b>関連語：</b>水酸化物イオン／アルカリ性／中和</div>"
硫酸の<ruby>電離<rp>（</rp><rt>でんり</rt><rp>）</rp></ruby>,"H₂SO₄→2H⁺＋SO₄²⁻。硫酸1個分からH⁺が2個分生じることと、硫酸イオンの電荷が2−であることを対応させる。<div class=""links""><b>関連語：</b>硫酸イオン／水素イオン／酸性</div>"
水酸化カルシウムの<ruby>電離<rp>（</rp><rt>でんり</rt><rp>）</rp></ruby>,"Ca(OH)₂→Ca²⁺＋2OH⁻。化学式中のかっこ外の2はOH全体が2組あることを示す。石灰水は水酸化カルシウムの<ruby>飽和水溶液<rp>（</rp><rt>ほうわすいようえき</rt><rp>）</rp></ruby>。<div class=""links""><b>関連語：</b>水酸化物イオン／石灰水／アルカリ性</div>"
酸の共通性,"水溶液中でH⁺を生じ、青色リトマス紙を赤にし、BTBを黄色にする。多くはマグネシウムなどの金属と反応して水素を発生させる。酸性を示すのは水溶液中。<div class=""links""><b>関連語：</b>水素イオン／指示薬／水素</div>"
アルカリの共通性,"水溶液中でOH⁻を生じ、赤色リトマス紙を青にし、BTBを青にする。手触りを直接確かめてはいけない。水に溶ける塩基をアルカリという。<div class=""links""><b>関連語：</b>水酸化物イオン／指示薬／中和</div>"
酸性・アルカリ性と電流,"酸・アルカリの水溶液はイオンを含むため電流を通す。酸性・アルカリ性は色や味そのものではなく、H⁺・OH⁻など水溶液中の粒子に基づく性質。<div class=""links""><b>関連語：</b>電解質／水素イオン／水酸化物イオン</div>"
紫色キャベツ液の色,"天然の指示薬で、強い酸性では赤〜桃色、中性付近で紫、アルカリ性では青〜緑〜黄系に変化する。厳密な色は濃度や作り方で変わるので、既知液と比較する。<div class=""links""><b>関連語：</b>指示薬／pH／酸性</div>"
中和,"酸のH⁺とアルカリのOH⁻が反応して水になる反応。H⁺＋OH⁻→H₂O。同時に、残った陽イオンと陰イオンから塩ができる。通常は発熱する。<div class=""links""><b>関連語：</b>水素イオン／水酸化物イオン／塩</div>"
塩（化学）,"酸の陰イオンとアルカリの陽イオンなどからできる物質。塩酸と水酸化ナトリウムでは塩化ナトリウム、硫酸と水酸化バリウムでは硫酸バリウムができる。「食塩」だけを指さない。<div class=""links""><b>関連語：</b>中和／塩化ナトリウム／硫酸バリウム</div>"
塩酸と水酸化ナトリウムの中和,"HCl＋NaOH→NaCl＋H₂O。イオンではH⁺＋OH⁻→H₂Oが実際の変化で、Na⁺とCl⁻は水溶液中に残る。水を蒸発させると食塩の結晶が得られる。<div class=""links""><b>関連語：</b>中和／塩化ナトリウム／イオン反応式</div>"
中和と中性の違い,"中和はH⁺とOH⁻が反応する現象で、途中でも起こる。中性はH⁺とOH⁻が過不足なくなった状態。酸やアルカリが余れば、中和が起きていても液は酸性またはアルカリ性。<div class=""links""><b>関連語：</b>過不足／pH／中和点</div>"
中和実験の操作,"一定量の酸へアルカリを少量ずつ加え、その都度よく混ぜ、指示薬の色やpHを調べる。こまごめピペットは先を液中へ入れたまま押し戻さず、試薬びんの液を汚染しない。<div class=""links""><b>関連語：</b>指示薬／中和点／滴下</div>"
中和と温度変化,"酸とアルカリを混ぜると中和熱が出て温度が上がる。過不足なく反応する量付近で温度上昇が最大になりやすいが、実験では外部への放熱があるため手早く測る。<div class=""links""><b>関連語：</b>発熱反応／中和点／熱損失</div>"
中和過程のイオン数,"塩酸へNaOH水溶液を加えると、H⁺はOH⁻と反応して減り、Na⁺は加えた分だけ増え、Cl⁻は一定。中和点後は余ったOH⁻が増える。全体の電気的中性は常に保たれる。<div class=""links""><b>関連語：</b>水素イオン／水酸化物イオン／中和点</div>"
硫酸と水酸化バリウムの反応,"H₂SO₄＋Ba(OH)₂→BaSO₄↓＋2H₂O。中和で水ができると同時に、白色の硫酸バリウムが沈殿する。過不足なく反応した点ではイオンが大きく減り、導電性も最小。<div class=""links""><b>関連語：</b>中和／沈殿／硫酸バリウム</div>"
沈殿,"水溶液中のイオン同士が結びつき、水に溶けにくい固体となって現れること。沈殿は化学変化で、ろ過により液体から分けられる。色や組み合わせがイオン判定に使われる。<div class=""links""><b>関連語：</b>イオン／ろ過／硫酸バリウム</div>"
塩化銅水溶液の電気分解,"炭素電極を用いる標準条件ではCuCl₂→Cu＋Cl₂。陰極に銅、陽極に有毒な塩素が生じ、青色はCu²⁺が減るほど薄くなる。少量を十分な換気下で扱い、塩素を直接かがない。<div class=""links""><b>関連語：</b>銅イオン／塩化物イオン／電極</div>"
電気分解の陰極,"電源の−極につながる電極。陽イオンが引かれ、電子を受け取る。塩化銅水溶液ではCu²⁺＋2e⁻→Cuとなり銅が<ruby>析出<rp>（</rp><rt>せきしゅつ</rt><rp>）</rp></ruby>する。「陰極＝陰イオンが来る」は誤り。<div class=""links""><b>関連語：</b>陽イオン／電子／銅析出</div>"
電気分解の陽極,"電源の＋極につながる電極。陰イオンが引かれ、電子を放出する。塩化銅水溶液では2Cl⁻→Cl₂＋2e⁻となり塩素が発生する。<div class=""links""><b>関連語：</b>陰イオン／電子放出／塩素</div>"
塩酸の電気分解,"適切な濃度の塩酸を炭素電極で電気分解する学校実験では、2HCl→H₂＋Cl₂。陰極でH⁺から水素、陽極でCl⁻から塩素が生じる。換気し、塩素を直接かがない。<div class=""links""><b>関連語：</b>水素イオン／塩化物イオン／電極</div>"
化学電池,"酸化還元反応の化学エネルギーを電気エネルギーへ変える装置。中学で扱う基本的な金属電池では、2種類の金属などと電解質水溶液を用い、イオンになりやすさの差で電子を流す。<div class=""links""><b>関連語：</b>酸化還元／電解質／電子</div>"
亜鉛板と銅板の基本電池,"うすい塩酸などに亜鉛板と銅板を入れると、<ruby>亜鉛<rp>（</rp><rt>あえん</rt><rp>）</rp></ruby>はZn→Zn²⁺＋2e⁻となる。電子は亜鉛板（−極）から銅板（＋極）へ流れ、銅板側ではH⁺が電子を受け取って水素になる。<div class=""links""><b>関連語：</b>亜鉛イオン／水素イオン／極性</div>"
電池内の電子と電流の向き,"外部回路の電子は−極から＋極へ流れ、電流の向きはその逆で＋極から−極。電解質中ではイオンが移動して電荷の偏りを防ぎ、回路を成立させる。<div class=""links""><b>関連語：</b>電子／電流／イオン移動</div>"
電池と電気分解の電極記号,"化学電池では電子を出す極が−極、受け取る側が＋極。電気分解では外部電源の−極につながるのが陰極、＋極につながるのが陽極。名称を機械的に同一視しない。<div class=""links""><b>関連語：</b>陽極／陰極／化学電池</div>"
一次電池と二次電池,"一次電池は基本的に使い切り、二次電池は外部から電流を流して反応を逆向きに進め、充電して繰り返し使える。充電しても劣化は進み、エネルギーが無限に戻るわけではない。<div class=""links""><b>関連語：</b>充電／化学反応／エネルギー変換</div>"
燃料電池,"水素と酸素を連続的に供給して反応させ、電気エネルギーを取り出す。全体では2H₂＋O₂→2H₂O。発電時の主生成物は水だが、水素の製造・輸送も含め環境影響を考える。<div class=""links""><b>関連語：</b>水素／酸素／エネルギー変換</div>"
酸と金属の反応,"うすい塩酸や硫酸は、マグネシウム・<ruby>亜鉛<rp>（</rp><rt>あえん</rt><rp>）</rp></ruby>・鉄などと反応して水素を発生させ、金属イオンを含む塩をつくる。銅はうすい塩酸とは通常反応しない。<div class=""links""><b>関連語：</b>水素／金属イオン／塩</div>"
炭酸塩と酸の反応,"炭酸カルシウムや炭酸水素ナトリウムなどへ酸を加えると二酸化炭素が発生する。発生気体は石灰水を白く濁らせて確認する。<div class=""links""><b>関連語：</b>二酸化炭素／石灰水／炭酸カルシウム</div>"
アンモニウム塩とアルカリ,"塩化アンモニウムなどのアンモニウム塩へ強いアルカリを加えて加熱すると、刺激臭のアンモニアが発生する。NH₄⁺とOH⁻からNH₃とH₂Oができる。<div class=""links""><b>関連語：</b>アンモニウムイオン／アンモニア／水酸化物イオン</div>"
原子核と電子,"原子は中心の非常に小さい原子核と、その周囲にある電子からできる。原子核は陽子と中性子からなり、原子の質量のほとんどが集まる。<div class=""links""><b>関連語：</b>陽子／中性子／電子</div>"
陽子と中性子,"どちらも原子核をつくり、質量はほぼ同程度。陽子は＋の電気をもち、中性子は電気をもたない。陽子数が元素の種類を決める。<div class=""links""><b>関連語：</b>原子核／原子番号／同位体</div>"
電子,"−の電気をもつ非常に軽い粒子で、原子核の周囲にある。化学変化やイオン形成では電子が移動するが、陽子や中性子が原子間を移るわけではない。<div class=""links""><b>関連語：</b>陰イオン／陽イオン／電流</div>"
原子番号と中性原子,"原子番号は原子核内の陽子数で、元素ごとに決まる。電気的に中性な原子では陽子数＝電子数。イオンになっても陽子数は変わらず、電子数だけが変わる。<div class=""links""><b>関連語：</b>陽子数／電子数／元素</div>"
同位体,"陽子数が同じで中性子数が異なる、同じ元素の原子。同じ元素なので化学的性質はよく似るが、質量は異なる。同位体の中には放射線を出すものもある。<div class=""links""><b>関連語：</b>陽子／中性子／放射性同位体</div>"
金属のイオンへのなりやすさ,"金属原子が電子を失って陽イオンになろうとする程度。なりやすい金属ほど電子を放出しやすく、他の金属イオンへ電子を渡してその金属を<ruby>析出<rp>（</rp><rt>せきしゅつ</rt><rp>）</rp></ruby>させることがある。<div class=""links""><b>関連語：</b>陽イオン／電子／金属の置換</div>"
Mg・Zn・Fe・Cu・Agのイオン化順,"中学でよく比べる範囲では、イオンになりやすい順にMg＞Zn＞Fe＞Cu＞Ag。左ほど電子を失いやすく、右側の金属イオンを含む水溶液から金属を<ruby>析出<rp>（</rp><rt>せきしゅつ</rt><rp>）</rp></ruby>させやすい。<div class=""links""><b>関連語：</b>マグネシウム／<ruby>亜鉛<rp>（</rp><rt>あえん</rt><rp>）</rp></ruby>／銅イオン</div>"
金属と金属イオンの置換条件,"金属Aが金属Bよりイオンになりやすければ、AをBのイオンを含む水溶液へ入れると、Aは電子を失って溶け、Bのイオンは電子を受け取りBとして<ruby>析出<rp>（</rp><rt>せきしゅつ</rt><rp>）</rp></ruby>する。逆の組合せでは起こらない。<div class=""links""><b>関連語：</b>電子移動／酸化還元／析出</div>"
<ruby>亜鉛<rp>（</rp><rt>あえん</rt><rp>）</rp></ruby>と硫酸銅水溶液の反応,"Zn＋Cu²⁺→Zn²⁺＋Cu。<ruby>亜鉛<rp>（</rp><rt>あえん</rt><rp>）</rp></ruby>は溶け、Cu²⁺は赤色の銅として付着し、青色が薄くなる。保護眼鏡を着け、付着時は水洗いし、銅を含む廃液は流さず指定容器へ回収する。<div class=""links""><b>関連語：</b>金属の置換／銅イオン／酸化還元</div>"
ダニエル電池のつくり,"亜鉛板を硫酸亜鉛水溶液、銅板を硫酸銅水溶液へ入れ、溶液をイオンが通れる仕切りで分け、金属板を導線で結ぶ。亜鉛極が−、銅極が＋。<div class=""links""><b>関連語：</b>亜鉛極／銅極／仕切り</div>"
ダニエル電池の亜鉛極,"亜鉛原子が電子を2個放出して亜鉛イオンになる。Zn→Zn²⁺＋2e⁻。亜鉛板は少しずつ溶け、電子を外部回路へ送り出す−極である。<div class=""links""><b>関連語：</b>酸化／負極／電子放出</div>"
ダニエル電池の銅極,"硫酸銅水溶液のCu²⁺が電子を2個受け取り、銅板上へ銅として<ruby>析出<rp>（</rp><rt>せきしゅつ</rt><rp>）</rp></ruby>する。Cu²⁺＋2e⁻→Cu。外部回路から電子を受け取る＋極である。<div class=""links""><b>関連語：</b><ruby>還元<rp>（</rp><rt>かんげん</rt><rp>）</rp></ruby>／正極／銅イオン</div>"
ダニエル電池の電子と電流,"外部回路の電子は亜鉛極（−）から銅極（＋）へ流れ、電流の向きは逆に銅極から亜鉛極。溶液中を電子が横切るのではなく、イオンが動く。<div class=""links""><b>関連語：</b>電子の向き／電流の向き／イオン移動</div>"
ダニエル電池の仕切りの役割,"2つの水溶液が急に混ざるのを抑えながら、イオンを通して電気的中性を保つ。亜鉛側ではZn²⁺が増え、銅側ではCu²⁺が減るため、正負のイオンが移動して偏りを打ち消す。<div class=""links""><b>関連語：</b>電気的中性／硫酸イオン／電解質</div>"
ダニエル電池が電流を保ちやすい理由,"<ruby>亜鉛<rp>（</rp><rt>あえん</rt><rp>）</rp></ruby>と銅イオンの反応を別々の電極で進め、Cu²⁺を銅として<ruby>析出<rp>（</rp><rt>せきしゅつ</rt><rp>）</rp></ruby>させる。1種類の電解質へ亜鉛板と銅板を入れる電池より銅板へ水素が付きにくく、仕切りが直接反応も抑える。<div class=""links""><b>関連語：</b>分極／銅析出／仕切り</div>"
水素イオンのイオン式,"H⁺。水素原子が電子を1個失った1価の陽イオンで、酸性の水溶液に共通する。<div class=""links""><b>関連語：</b>水素イオン／酸性／中和</div>"
ナトリウムイオンのイオン式,"Na⁺。ナトリウム原子Naが電子を1個失ってできる1価の陽イオン。塩化ナトリウムの<ruby>電離<rp>（</rp><rt>でんり</rt><rp>）</rp></ruby>で生じる。<div class=""links""><b>関連語：</b>Na⁺／陽イオン／NaCl</div>"
カリウムイオンのイオン式,"K⁺。カリウム原子Kが電子を1個失ってできる1価の陽イオン。元素記号Kと電荷＋を組み合わせる。<div class=""links""><b>関連語：</b>K⁺／陽イオン／電子</div>"
銀イオンのイオン式,"Ag⁺。銀原子Agが電子を1個失った1価の陽イオン。塩化物イオンCl⁻と塩化銀AgClの白色沈殿をつくる。<div class=""links""><b>関連語：</b>Ag⁺／AgCl／白色沈殿</div>"
銅イオンのイオン式,"Cu²⁺。中学で主に扱う銅イオンは2価の陽イオンで、硫酸銅水溶液の青色に関わる。CuとCu²⁺を区別する。<div class=""links""><b>関連語：</b>Cu²⁺／硫酸銅／ダニエル電池</div>"
マグネシウムイオンのイオン式,"Mg²⁺。マグネシウム原子Mgが電子を2個失ってできる2価の陽イオン。右上の2は電荷を表す。<div class=""links""><b>関連語：</b>Mg²⁺／陽イオン／電子</div>"
カルシウムイオンのイオン式,"Ca²⁺。カルシウム原子Caが電子を2個失ってできる2価の陽イオン。水酸化カルシウムの<ruby>電離<rp>（</rp><rt>でんり</rt><rp>）</rp></ruby>で生じる。<div class=""links""><b>関連語：</b>Ca²⁺／陽イオン／水酸化カルシウム</div>"
アンモニウムイオンのイオン式,"NH₄⁺。窒素原子1個と水素原子4個からなる原子団全体が、＋1の電荷をもつ陽イオン。<div class=""links""><b>関連語：</b>NH₄⁺／原子団／陽イオン</div>"
亜鉛イオンのイオン式,"Zn²⁺。亜鉛原子Znが電子を2個失ってできる。ダニエル電池の亜鉛極ではZn→Zn²⁺＋2e⁻となる。<div class=""links""><b>関連語：</b>Zn²⁺／亜鉛極／酸化</div>"
バリウムイオンのイオン式,"Ba²⁺。硫酸イオンSO₄²⁻と反応して、水に溶けにくい硫酸バリウムBaSO₄の白色沈殿をつくる。<div class=""links""><b>関連語：</b>Ba²⁺／BaSO₄／白色沈殿</div>"
塩化物イオンのイオン式,"Cl⁻。塩素原子Clが電子を1個受け取った1価の陰イオン。銀イオンAg⁺と塩化銀AgClの白色沈殿をつくる。<div class=""links""><b>関連語：</b>Cl⁻／陰イオン／AgCl</div>"
水酸化物イオンのイオン式,"OH⁻。酸素原子と水素原子からなる原子団全体が−1の電荷をもち、アルカリ性の水溶液に共通する。<div class=""links""><b>関連語：</b>OH⁻／アルカリ性／中和</div>"
硫酸イオンのイオン式,"SO₄²⁻。硫黄原子1個と酸素原子4個からなる原子団全体が−2の電荷をもつ。右下の4と右上の2を区別する。<div class=""links""><b>関連語：</b>SO₄²⁻／原子団／硫酸</div>"
硝酸イオンのイオン式,"NO₃⁻。窒素原子1個と酸素原子3個からなる原子団全体が−1の電荷をもつ陰イオン。<div class=""links""><b>関連語：</b>NO₃⁻／原子団／陰イオン</div>"
炭酸イオンのイオン式,"CO₃²⁻。炭素原子1個と酸素原子3個からなる原子団全体が−2の電荷をもつ陰イオン。<div class=""links""><b>関連語：</b>CO₃²⁻／原子団／炭酸塩</div>"
落ち葉や死がいが減っていく理由,"落ち葉や死がいは、土の中の小動物に細かくされ、菌類や細菌類などの微生物に分解されるため、しだいに形が見えなくなる。分解された物質の一部は植物に再利用される。<div class=""links""><b>関連語：</b>分解者／菌類／細菌類／物質循環</div>"
相同器官,"基本的な骨格や起源が同じだが、生活に応じて形やはたらきが変化した器官。ヒトの腕・クジラの前あし・コウモリの翼などは、共通祖先からの進化を示す証拠になる。<div class=""links""><b>関連語：</b>進化／共通祖先／化石／適応</div>"
進化,"生物の集団の遺伝的な性質が、長い世代を通して変化すること。個体が必要に応じて一生の間に変身することではない。化石・相同器官・DNAの比較などが証拠になる。<div class=""links""><b>関連語：</b>遺伝／自然選択／化石／相同器官</div>"
水中から陸上への<ruby>脊椎動物<rp>（</rp><rt>せきついどうぶつ</rt><rp>）</rp></ruby>の進化,"化石などから、魚類に近い共通祖先の系統から初期の四肢動物が分岐し、陸上生活への適応をもつ系統が多様化したと考えられる。乾燥に強い体表、肺、殻のある卵や体内受精は陸上生活に有利だった。現生群が一直線に進歩したのではない。<div class=""links""><b>関連語：</b>両生類／<ruby>爬虫類<rp>（</rp><rt>はちゅうるい</rt><rp>）</rp></ruby>／適応／化石</div>"
<ruby>減数分裂<rp>（</rp><rt>げんすうぶんれつ</rt><rp>）</rp></ruby>,"生殖細胞がつくられるときに、染色体数が体細胞の半分になる特別な細胞分裂。受精で精子と卵の染色体が合わさり、受精卵では元の数に戻るため、世代ごとに倍増しない。<div class=""links""><b>関連語：</b>生殖細胞／染色体数／受精／体細胞分裂</div>"
体細胞分裂,"1個の体細胞が、染色体の数と遺伝情報が基本的に同じ2個の娘細胞に分かれること。成長・傷の修復・<ruby>無性生殖<rp>（</rp><rt>むせいせいしょく</rt><rp>）</rp></ruby>などに使われる。分裂前にDNAが複製される。<div class=""links""><b>関連語：</b>染色体／DNA複製／成長／娘細胞</div>"
細胞分裂の観察に根の先端を使う理由,"根の先端近くには細胞分裂が盛んな成長点があるため。先端そのものの根冠は成長点を守る部分で、分裂像はその少し内側に多い。タマネギの根などを用いる。<div class=""links""><b>関連語：</b>成長点／根冠／染色体／タマネギ</div>"
細胞分裂観察の処理,"保護眼鏡を着用し、うすい塩酸や染色液を皮膚・目に付けない。根端を塩酸で処理して細胞どうしを離れやすくし、染色後、カバーガラスを真上から押して細胞を一層に広げる。横へずらすと染色体が乱れる。<div class=""links""><b>関連語：</b>塩酸処理／染色液／押しつぶし／根端</div>"
体細胞分裂の順序,"染色体が太く短く見える→中央に並ぶ→2つに分かれて両極へ移動→2個の核ができ、細胞質が分かれる。植物細胞では中央から細胞板ができ、動物細胞では外側からくびれる。<div class=""links""><b>関連語：</b>染色体／赤道面／細胞板／娘細胞</div>"
生物が成長する仕組み,"体細胞分裂で細胞数が増え、その後それぞれの細胞が大きくなることで体が成長する。細胞が無限に大きくなるだけではない。植物では根や茎の成長点で分裂が盛ん。<div class=""links""><b>関連語：</b>体細胞分裂／細胞数／成長点／細胞伸長</div>"
染色体・DNA・遺伝子の関係,"染色体の主成分の一つがDNAで、DNA上の特定の情報単位が遺伝子。遺伝子は形質に関わる情報をもつ。『染色体の中に細胞がある』など階層を逆にしない。<div class=""links""><b>関連語：</b>染色体／DNA／遺伝子／形質</div>"
<ruby>無性生殖<rp>（</rp><rt>むせいせいしょく</rt><rp>）</rp></ruby>,"雌雄の生殖細胞の受精を伴わず、1個体から子ができる生殖。分裂・出芽・栄養生殖などがあり、子は親とほぼ同じ遺伝情報をもつクローンになる。環境が急変すると一斉に不利になりうる。<div class=""links""><b>関連語：</b>クローン／分裂／出芽／栄養生殖</div>"
分裂と出芽,"分裂は親個体がほぼ同じ大きさの複数個体に分かれる方法で、アメーバなど。出芽は親の体の一部がふくらんで新個体になる方法で、酵母やヒドラなど。どちらも<ruby>無性生殖<rp>（</rp><rt>むせいせいしょく</rt><rp>）</rp></ruby>。<div class=""links""><b>関連語：</b>無性生殖／アメーバ／酵母／ヒドラ</div>"
栄養生殖,"植物が根・茎・葉など栄養器官の一部から新個体をつくる<ruby>無性生殖<rp>（</rp><rt>むせいせいしょく</rt><rp>）</rp></ruby>。ジャガイモの塊茎、イチゴのほふく茎、サツマイモの根など。種子を経ない。<div class=""links""><b>関連語：</b>無性生殖／塊茎／ほふく茎／クローン</div>"
<ruby>有性生殖<rp>（</rp><rt>ゆうせいせいしょく</rt><rp>）</rp></ruby>,"精子と卵など雌雄の生殖細胞が受精し、新しい個体ができる生殖。両親から遺伝情報を受け継ぐため、子に多様な組み合わせが生じる。<div class=""links""><b>関連語：</b>精子／卵／受精／遺伝的多様性</div>"
生殖細胞と体細胞,"生殖細胞は精子・卵など次世代形成に関わる細胞で、染色体数は体細胞の半分。受精で両者が合体すると、受精卵の染色体数はその生物本来の体細胞と同じになる。<div class=""links""><b>関連語：</b>精子／卵／染色体数／受精卵</div>"
受精と発生,"精子の核と卵の核が合体するのが受精で、できた受精卵が細胞分裂を繰り返し、組織や器官をつくって個体になる過程が発生。受精卵は最初の1細胞である。<div class=""links""><b>関連語：</b>受精卵／細胞分裂／<ruby>胚<rp>（</rp><rt>はい</rt><rp>）</rp></ruby>／発生</div>"
花粉管と植物の受精,"花粉が柱頭につくと花粉管が<ruby>胚珠<rp>（</rp><rt>はいしゅ</rt><rp>）</rp></ruby>へ伸び、その中を雄の生殖細胞が移動する。胚珠内の卵細胞と受精し、受精卵が<ruby>胚<rp>（</rp><rt>はい</rt><rp>）</rp></ruby>へ、胚珠が種子へ発達する。<div class=""links""><b>関連語：</b>花粉／柱頭／花粉管／胚珠</div>"
種子の中の<ruby>胚<rp>（</rp><rt>はい</rt><rp>）</rp></ruby>,"受精卵が分裂してできる次世代の植物体で、幼根・幼芽・<ruby>子葉<rp>（</rp><rt>しよう</rt><rp>）</rp></ruby>などを含む。<ruby>子房<rp>（</rp><rt>しぼう</rt><rp>）</rp></ruby>は果実、<ruby>胚珠<rp>（</rp><rt>はいしゅ</rt><rp>）</rp></ruby>は種子になるが、受精卵そのものが種子全体になるわけではない。<div class=""links""><b>関連語：</b>受精卵／胚珠／種子／子葉</div>"
遺伝と形質,"親の形質が子へ伝わる現象が遺伝。生物の形や性質の特徴を形質という。形質は遺伝子だけでなく環境の影響も受けるため、同じ遺伝情報でも完全に同じになるとは限らない。<div class=""links""><b>関連語：</b>形質／遺伝子／環境／DNA</div>"
対立形質,"同じ形質について、区別して比べる対になる現れ方。エンドウの種子の形が丸かしわか、など。単に反対語なら何でも対立形質というわけではない。後続の3:1などの比は、一方だけが現れる完全顕性を仮定する。<div class=""links""><b>関連語：</b>形質／優性形質／劣性形質／エンドウ</div>"
<ruby>顕性形質<rp>（</rp><rt>けんせいけいしつ</rt><rp>）</rp></ruby>と<ruby>潜性形質<rp>（</rp><rt>せんせいけいしつ</rt><rp>）</rp></ruby>,"対立遺伝子を1つずつもつ個体で現れる形質を<ruby>顕性<rp>（</rp><rt>けんせい</rt><rp>）</rp></ruby>、現れない方を<ruby>潜性<rp>（</rp><rt>せんせい</rt><rp>）</rp></ruby>という。旧称は優性・劣性。生存上『優れている・劣っている』という意味ではない。<div class=""links""><b>関連語：</b>対立遺伝子／遺伝子型／表現型／メンデル</div>"
純系,"自家受精などを何代繰り返しても同じ形質の子だけを生じる系統。ある形質について同じ対立遺伝子を2つもつ。メンデルは純系どうしを交配して規則性を調べた。<div class=""links""><b>関連語：</b>自家受精／対立遺伝子／メンデル／交配</div>"
分離の法則,"対になっている対立遺伝子は、生殖細胞ができるときに分かれ、各生殖細胞には一方だけが入る。受精で再び対になる。子の比を求める土台。<div class=""links""><b>関連語：</b>対立遺伝子／生殖細胞／受精／遺伝子型</div>"
一遺伝子雑種のF1,"純系AAと純系aaを交配すると、F1はすべてAaとなり<ruby>顕性形質<rp>（</rp><rt>けんせいけいしつ</rt><rp>）</rp></ruby>を示す。『顕性遺伝子だけを受け継ぐ』のではなく、<ruby>潜性<rp>（</rp><rt>せんせい</rt><rp>）</rp></ruby>のaももっている。<div class=""links""><b>関連語：</b>純系／F1／顕性形質／遺伝子型</div>"
F2の遺伝子型と表現型の比,"F1どうしAa×Aaでは、遺伝子型AA:Aa:aa＝1:2:1、完全顕性なら表現型は<ruby>顕性<rp>（</rp><rt>けんせい</rt><rp>）</rp></ruby>:<ruby>潜性<rp>（</rp><rt>せんせい</rt><rp>）</rp></ruby>＝3:1。個体数が少ない実験では実測値が厳密な比からずれる。<div class=""links""><b>関連語：</b>F2／遺伝子型／表現型／分離の法則</div>"
<ruby>検定交雑<rp>（</rp><rt>けんていこうざつ</rt><rp>）</rp></ruby>の考え方,"<ruby>顕性形質<rp>（</rp><rt>けんせいけいしつ</rt><rp>）</rp></ruby>の個体がAAかAaか調べるには、<ruby>潜性<rp>（</rp><rt>せんせい</rt><rp>）</rp></ruby>のaaと交配する。子に<ruby>潜性形質<rp>（</rp><rt>せんせいけいしつ</rt><rp>）</rp></ruby>が現れれば親はAa。すべて<ruby>顕性<rp>（</rp><rt>けんせい</rt><rp>）</rp></ruby>でも、子の数が少ない場合はAAと断定しきれない。<div class=""links""><b>関連語：</b>顕性形質／潜性形質／遺伝子型／交配</div>"
遺伝の確率問題,"各子がある形質になる確率は、通常それぞれ独立に考える。確率1/4だから4匹産まれれば必ず1匹という意味ではない。配偶子の組み合わせ表を作ると整理しやすい。<div class=""links""><b>関連語：</b>確率／分離の法則／配偶子／組み合わせ表</div>"
<ruby>有性生殖<rp>（</rp><rt>ゆうせいせいしょく</rt><rp>）</rp></ruby>が多様性を生む理由,"両親由来の遺伝子が生殖細胞形成と受精で組み合わされ、子ごとに異なる組み合わせが生じるため。環境変化に強い個体を含む可能性が増え、集団の存続に有利になりうる。<div class=""links""><b>関連語：</b><ruby>有性生殖<rp>（</rp><rt>ゆうせいせいしょく</rt><rp>）</rp></ruby>／遺伝的多様性／受精／自然選択</div>"
生態系,"ある地域の生物群集と、それを取り巻く光・水・空気・土などの非生物的環境を一つのまとまりとして捉えたもの。生物だけを指す語ではない。<div class=""links""><b>関連語：</b>生物群集／環境／食物網／物質循環</div>"
生産者,"光合成によって無機物から有機物をつくる生物。陸上の植物や水中の植物プランクトンなど。食物連鎖のエネルギーの入口になる。<div class=""links""><b>関連語：</b>光合成／植物／有機物／消費者</div>"
消費者,"他の生物やその一部を食べて有機物を得る生物。草食・肉食・雑食動物などを含む。『消費者＝肉食動物』ではなく、生産者を食べる一次消費者もいる。<div class=""links""><b>関連語：</b>生産者／一次消費者／食物連鎖／有機物</div>"
分解者,"生物の死がいや排出物に含まれる有機物を無機物へ分解する菌類・細菌類など。呼吸によってエネルギーを得ながら、物質を環境へ戻す。食物網の外にいるわけではない。<div class=""links""><b>関連語：</b>菌類／細菌類／無機物／物質循環</div>"
食物連鎖と食物網,"食べる・食べられる一列のつながりが食物連鎖、複数の連鎖が網状に結びついたものが食物網。矢印は多くの場合、食べられる生物から食べる生物へ、物質・エネルギーの移動方向に引く。<div class=""links""><b>関連語：</b>生産者／消費者／エネルギー／捕食</div>"
栄養段階が上がると個体数が減りやすい理由,"生物が得たエネルギーの多くは呼吸・運動・熱などに使われ、次の栄養段階へ渡るのは一部だけだから。必ず個体数が減るとは限らないので、総量・生物量で考えることも重要。<div class=""links""><b>関連語：</b>栄養段階／エネルギー流／生物量／食物連鎖</div>"
生態ピラミッド,"生産者から高次消費者へ、個体数・生物量・エネルギー量などを積み上げた図。何の量を表すかを確認する。個体数ピラミッドは大木1本に昆虫多数のような逆転もありうる。<div class=""links""><b>関連語：</b>生物量／エネルギー量／栄養段階／生産者</div>"
炭素の循環,"植物が光合成で二酸化炭素を有機物に取り込み、食物連鎖で移動する。生物の呼吸・分解・燃焼により二酸化炭素として環境へ戻る。物質は循環する。<div class=""links""><b>関連語：</b>光合成／呼吸／分解／燃焼</div>"
物質循環とエネルギー流の違い,"炭素などの物質は生産者・消費者・分解者と環境の間を循環する。一方、エネルギーは太陽から入り、各段階で熱として失われ、一方向に流れるため循環しない。<div class=""links""><b>関連語：</b>物質循環／太陽エネルギー／熱／生態系</div>"
生物数のつり合い,"捕食者が増えると被食者が減り、やがて餌不足で捕食者も減るなど、相互作用によって変動する。一定数で固定されるのではなく、時間とともに増減しながら範囲内に保たれる。<div class=""links""><b>関連語：</b>捕食者／被食者／個体群／食物網</div>"
外来種,"本来の分布域の外へ人間活動によって持ち込まれた生物。すべてが有害ではないが、在来種を捕食・競争したり交雑したりして生態系へ大きな影響を与えるものがある。<div class=""links""><b>関連語：</b>在来種／生物多様性／競争／生態系</div>"
生物多様性,"遺伝子・種・生態系の各段階に多様性があること。食料・医薬品・水質浄化などの基盤にもなる。単に『生物の種類数が多い』だけより広い概念。<div class=""links""><b>関連語：</b>遺伝的多様性／種多様性／生態系多様性／保全</div>"
<ruby>方形区法<rp>（</rp><rt>ほうけいくほう</rt><rp>）</rp></ruby>,"一定面積の方形枠を複数地点に置き、枠内の植物などの個体数・<ruby>被度<rp>（</rp><rt>ひど</rt><rp>）</rp></ruby>・頻度を調べて全体を推定する方法。調査地点を無作為または偏りなく選び、十分な数を調べる。<div class=""links""><b>関連語：</b>個体数／被度／頻度／標本調査</div>"
指標生物,"特定の環境条件に敏感なため、その生息状況から水質などを推定できる生物。1種類だけで断定せず、複数種や物理・化学的測定も合わせて判断する。<div class=""links""><b>関連語：</b>水質／環境調査／生息条件／生物多様性</div>"
富栄養化と水の汚れ,"窒素・リンを含む排水が湖沼などへ増えると藻類が大量増殖し、死後の分解で酸素が消費され、魚介類が死ぬことがある。栄養が多いほど常に生態系に良いわけではない。<div class=""links""><b>関連語：</b>窒素／リン／藻類／溶存酸素</div>"
持続可能な利用,"将来世代が利用できる環境や資源を損なわず、現在の必要も満たす考え方。保護区・資源管理・再生可能資源の利用・廃棄物削減などを、社会や経済と両立させる。<div class=""links""><b>関連語：</b>生物多様性／資源循環／保全／生態系サービス</div>"
季節で見える星座が変わる理由,"地球が太陽の周りを公転すると、夜に地球から見える宇宙の方向が季節ごとに変わるため。同じ時刻に見える星座は、日ごとに少しずつ西へ移る。<div class=""links""><b>関連語：</b>地球の公転／年周運動／星座／季節</div>"
天球,"観測者を中心とする巨大な球面に、天体が投影されているとみなす考え方。実際に星が同じ距離の球面上にあるわけではない。位置や日周運動を方位・高度で表すためのモデル。<div class=""links""><b>関連語：</b>観測者／方位／高度／日周運動</div>"
方位と高度,"方位は地平線上の東西南北などの方向、高度は地平線から天体までの角度で、地平線が0°、天頂が90°。同じ星でも時刻・観測地点が変わると値が変わる。角度で表す方位角は、採用する基準方向を確認して読む。<div class=""links""><b>関連語：</b>天球／地平線／天頂／天体位置</div>"
天体の日周運動,"太陽・月・星が1日に東から西へ動いて見える現象。地球が西から東へ約24時間で自転するため、天球が反対向きに回るように見える見かけの運動。<div class=""links""><b>関連語：</b>地球の自転／東／西／見かけの運動</div>"
地球の自転速度と天体の角度,"地球は約24時間で360°自転するので、天体の日周運動は1時間に約15°。星の軌跡が30°なら露出時間は約2時間と見積もれる。月や太陽固有の運動による小差は別。<div class=""links""><b>関連語：</b>自転／360度／日周運動／時間</div>"
北の空の星の動き,"北極星付近を中心に、時間とともに反時計回りに回って見える。北極星は天の北極に近いためほとんど動かない。写真の円弧の中心から北の方向を判断できる。<div class=""links""><b>関連語：</b>北極星／天の北極／反時計回り／星の軌跡</div>"
南の空の星の動き,"東側から昇り、南の空で最も高くなり、西側へ沈む。南を向いた図では左が東、右が西になり、星は左から右へ動く。方位と紙面の左右を確認する。<div class=""links""><b>関連語：</b>南中／東／西／日周運動</div>"
東西の空の星の軌跡,"東の空では天体は右上がりに昇り、西の空では右下がりに沈むように見える（日本で各方位を正面に見た典型図）。軌跡の傾きは観測緯度で変わる。<div class=""links""><b>関連語：</b>東の空／西の空／自転／<ruby>緯度<rp>（</rp><rt>いど</rt><rp>）</rp></ruby></div>"
北極星の高度と<ruby>緯度<rp>（</rp><rt>いど</rt><rp>）</rp></ruby>,"北半球では北極星の高度は観測地点の北緯とほぼ等しい。北へ行くほど高く、赤道では地平線付近、北極では天頂付近。<ruby>経度<rp>（</rp><rt>けいど</rt><rp>）</rp></ruby>ではなく<ruby>緯度<rp>（</rp><rt>いど</rt><rp>）</rp></ruby>を求める手がかり。<div class=""links""><b>関連語：</b>北極星／北緯／高度／天の北極</div>"
星の年周運動,"同じ時刻に星座を観察すると、日ごとに約1°、1か月で約30°西へ移って見える。地球の公転により、夜に向く宇宙の方向が変わるため。約1年で元に戻る。<div class=""links""><b>関連語：</b>地球の公転／星座／1か月30度／季節</div>"
星を同じ位置で見る時刻のずれ,"星は翌日、同じ位置に約4分早く現れる。1か月なら約2時間早い。同じ時刻で見れば西へ、同じ位置で見れば早い時刻へずれるという二つの表現を結びつける。<div class=""links""><b>関連語：</b>年周運動／4分／観測時刻／星座</div>"
地球の公転,"地球が太陽の周りを約1年で西から東へ回る運動。北極側から見ると反時計回り。地軸は公転面に垂直な方向から約23.4°傾き、ほぼ同じ方向を向いたまま公転する。<div class=""links""><b>関連語：</b>公転周期／地軸／季節／年周運動</div>"
季節が生じる理由,"地軸が公転面に垂直な方向から傾いたまま地球が公転するため、太陽の南中高度と昼の長さが季節で変わり、単位面積が受ける日射量が変化する。太陽との距離変化が主因ではない。<div class=""links""><b>関連語：</b>地軸の傾き／南中高度／昼の長さ／日射量</div>"
春分・秋分,"太陽が真東付近から昇り真西付近に沈み、昼夜の長さがほぼ等しい日。太陽の赤緯が0°で、北半球では南中高度＝90°－<ruby>緯度<rp>（</rp><rt>いど</rt><rp>）</rp></ruby>。実際の昼は大気差などで少し長い。<div class=""links""><b>関連語：</b>春分／秋分／真東／南中高度</div>"
<ruby>夏至<rp>（</rp><rt>げし</rt><rp>）</rp></ruby>と<ruby>冬至<rp>（</rp><rt>とうじ</rt><rp>）</rp></ruby>,"日本の大部分など北半球中緯度では、<ruby>夏至<rp>（</rp><rt>げし</rt><rp>）</rp></ruby>に南中高度が最も高く昼が最長で、太陽は真東より北寄りから昇り真西より北寄りへ沈む。<ruby>冬至<rp>（</rp><rt>とうじ</rt><rp>）</rp></ruby>は南中高度が最も低く昼が最短で、南寄りから昇り南寄りへ沈む。<div class=""links""><b>関連語：</b>夏至／冬至／昼の長さ／日の出方位</div>"
太陽の南中高度の計算,"日本の大部分など北緯φが23.4°以上の北半球中緯度では、春分・秋分は90°－φ、<ruby>夏至<rp>（</rp><rt>げし</rt><rp>）</rp></ruby>は90°－φ＋23.4°、<ruby>冬至<rp>（</rp><rt>とうじ</rt><rp>）</rp></ruby>は90°－φ－23.4°。一般には太陽の赤緯δを使い、南中時の高度を90°－|φ－δ|で求める。<div class=""links""><b>関連語：</b><ruby>緯度<rp>（</rp><rt>いど</rt><rp>）</rp></ruby>／夏至／冬至／地軸の傾き</div>"
南中高度と地面の受熱,"太陽高度が高いほど同じ光が狭い面積に集中し、地面が強く暖まりやすい。高度が低いと広い面積に分散し大気中の通過距離も長い。気温の最高は<ruby>夏至<rp>（</rp><rt>げし</rt><rp>）</rp></ruby>より遅れる。<div class=""links""><b>関連語：</b>日射量／太陽高度／季節／気温</div>"
棒の影から方位と季節を読む,"水平な地面では影は太陽と反対方向。日本の大部分など北回帰線より北では、南中時の太陽は南にあり影が北を向く。太陽高度が高いほど影は短く、同じ棒なら正午頃の影は夏に短く冬に長い。<div class=""links""><b>関連語：</b>影／南中／太陽高度／方位</div>"
太陽の構造とエネルギー,"太陽は主に水素・ヘリウムからなる<ruby>恒星<rp>（</rp><rt>こうせい</rt><rp>）</rp></ruby>。中心部の核融合で水素からヘリウムができ、その際のエネルギーが光や熱として放出される。燃焼のように酸素で燃えているわけではない。<div class=""links""><b>関連語：</b>恒星／核融合／水素／ヘリウム</div>"
黒点,"太陽表面で周囲より温度が低いため暗く見える部分。日ごとの位置変化から太陽が自転していると分かる。中央付近では円形、縁ではつぶれて見え、太陽表面にある証拠になる。<div class=""links""><b>関連語：</b>太陽の自転／表面温度／黒点移動／投影法</div>"
新月・上弦・満月・下弦の位置,"新月は月が太陽とほぼ同方向、満月は太陽と反対方向。上弦・下弦は地球から見て太陽方向と約90°。月の照らされた側は常に太陽を向く。<div class=""links""><b>関連語：</b>新月／上弦の月／満月／下弦の月</div>"
四つの月相の出・南中時刻,"新月は太陽とほぼ同時に昇り昼ごろ南中するが、太陽と同方向なので通常は見えない。満月は日没ごろ昇り真夜中ごろ南中、上弦は正午ごろ昇り日没ごろ南中、下弦は真夜中ごろ昇り日の出ごろ南中する。<div class=""links""><b>関連語：</b>月の出／南中／月の入り／満ち欠け</div>"
月が毎日遅れて見える理由,"月が地球の周りを西から東へ公転し、1日に星空に対して約13°東へ移動するため、地球が余分に自転する必要がある。月の出・南中・月の入りは平均約50分ずつ遅くなる。<div class=""links""><b>関連語：</b>月の公転／13度／50分／南中時刻</div>"
月の自転と公転,"月は星空に対して約27.3日で地球を公転し、自転周期もほぼ同じため、地球にはほぼ同じ面を向け続ける。地球も太陽の周りを進むので、満ち欠けが同じ形へ戻る周期は約29.5日。月が自転していないなら、公転中に違う面が見えるはずである。<div class=""links""><b>関連語：</b>同期回転／公転周期／満ち欠け／月の裏側</div>"
日食,"新月のころ、太陽・月・地球がほぼ一直線に並び、月が太陽を隠す現象。月の影が地球上の限られた範囲を通るため、毎月どこでも見られるわけではない。観察には専用遮光具が必要。<div class=""links""><b>関連語：</b>新月／月の影／皆既日食／太陽観察</div>"
月食,"満月のころ、太陽・地球・月がほぼ一直線に並び、月が地球の影に入る現象。地球の大気で<ruby>屈折<rp>（</rp><rt>くっせつ</rt><rp>）</rp></ruby>した赤い光が届き、皆既月食中に赤銅色に見えることがある。<div class=""links""><b>関連語：</b>満月／地球の影／皆既月食／太陽光</div>"
日食・月食が毎月起こらない理由,"月の公転面が地球の公転面に対して約5°傾いており、新月や満月でも多くは一直線に並ばず影が外れるため。二つの公転面の交線付近で条件がそろうと起こる。<div class=""links""><b>関連語：</b>月の公転面／黄道面／新月／満月</div>"
太陽系の惑星の順序,"太陽に近い順に水星・金星・地球・火星・木星・土星・天王星・海王星。惑星は太陽の周りをほぼ同一平面上で同じ向きに公転する。冥王星は準惑星。<div class=""links""><b>関連語：</b>水星／地球型惑星／木星型惑星／準惑星</div>"
地球型惑星と木星型惑星,"地球型は水星・金星・地球・火星で、小さく高密度の岩石質。木星型は木星・土星・天王星・海王星で、大きく低密度、厚い大気と多くの衛星・環をもつ。<div class=""links""><b>関連語：</b>岩石質／密度／衛星／環</div>"
<ruby>恒星<rp>（</rp><rt>こうせい</rt><rp>）</rp></ruby>・惑星・衛星,"<ruby>恒星<rp>（</rp><rt>こうせい</rt><rp>）</rp></ruby>は自ら光を放つ天体、惑星は恒星の周りを回り主に反射光で見える天体、衛星は惑星などの周りを回る天体。太陽は恒星、地球は惑星、月は衛星。<div class=""links""><b>関連語：</b>恒星／惑星／衛星／太陽</div>"
内惑星と外惑星,"地球軌道より内側を回る水星・金星が内惑星、外側を回る火星以遠が外惑星。内惑星は太陽から大きく離れて見えず、真夜中には基本的に見えない。<div class=""links""><b>関連語：</b>水星／金星／最大離角／外惑星</div>"
金星が満ち欠けする理由,"金星が太陽光で照らされた半球を見る角度が、公転によって変わるため。地球に近いと細い三日月形で見かけが大きく、遠いと丸みに近く小さく見える。月と同じく自ら光らない。<div class=""links""><b>関連語：</b>内惑星／公転／位相／見かけの大きさ</div>"
明けの明星と宵の明星,"金星が太陽の西側に見えると太陽より先に昇り、日の出前の東の空で明けの明星。東側に見えると日没後の西の空で宵の明星。方角は観測時刻と組で覚える。<div class=""links""><b>関連語：</b>金星／日の出／日没／内惑星</div>"
最大離角,"地球から見た内惑星と太陽の角距離が最大になる位置。東方最大離角では日没後の西空、西方最大離角では日の出前の東空で観察しやすい。太陽から90°まで離れるわけではない。<div class=""links""><b>関連語：</b>内惑星／金星／水星／角距離</div>"
小惑星・<ruby>彗星<rp>（</rp><rt>すいせい</rt><rp>）</rp></ruby>・流星,"小惑星は主に火星と木星の間などを公転する小天体。<ruby>彗星<rp>（</rp><rt>すいせい</rt><rp>）</rp></ruby>は氷やちりを含み、太陽に近づくと尾を生じ、尾は太陽と反対向き。流星は小粒子が大気中で発光する現象。<div class=""links""><b>関連語：</b>小惑星帯／彗星／流星体／太陽風</div>"
光年,"光が真空中を1年間に進む距離で、約9.46兆km。時間の単位ではなく距離の単位。遠い天体を見ることは、その天体の過去の姿を見ることでもある。<div class=""links""><b>関連語：</b>光速／距離／<ruby>恒星<rp>（</rp><rt>こうせい</rt><rp>）</rp></ruby>／過去の光</div>"
銀河系,"太陽系を含む多数の<ruby>恒星<rp>（</rp><rt>こうせい</rt><rp>）</rp></ruby>・星間物質からなる銀河で、直径は約10万光年。太陽系は中心ではなく円盤部の外寄りにある。夜空の天の川は円盤内を見た姿。<div class=""links""><b>関連語：</b>太陽系／天の川／恒星／光年</div>"
銀河と宇宙の大規模構造,"銀河は多数の<ruby>恒星<rp>（</rp><rt>こうせい</rt><rp>）</rp></ruby>などからなる巨大な集団で、宇宙には銀河系以外にも無数にある。銀河が群や団をつくり、さらに網目状に分布する。銀河系と太陽系を混同しない。<div class=""links""><b>関連語：</b>銀河系／銀河団／恒星／宇宙</div>"
生き物らしさを調べる観点,"一度動いたかだけで決めず、成長する、子を残す、周囲から物質やエネルギーを取り入れるなど、複数の特徴を継続して調べる。種や休眠中の生物のように、その場で動かない生物もいる。<div class=""links""><b>関連語：</b>生物／成長／継続観察／分類</div>"
同じところと違うところ,"二つ以上の対象を同じ観点で比べると、共通点から仲間をまとめ、相違点から問いを見つけられる。色だけでなく、形・大きさ・数・場所・動きなど観点を明示する。<div class=""links""><b>関連語：</b>比較／分類／観点／問題発見</div>"
季節の変化を公平に比べる観察,"同じ場所・同じ種類の生物を、時刻や記録方法をなるべくそろえて繰り返し観察する。対象や場所まで変えると、季節以外の違いが混ざる。<div class=""links""><b>関連語：</b>季節／定点観察／条件制御／気温</div>"
季節と生物の変化を結び付ける記録,"日付だけでなく、気温・日当たり・生物の姿や活動を同時に記録する。同時に変わっただけでは気温が唯一の原因とは決められないが、関係を考える証拠になる。<div class=""links""><b>関連語：</b>季節／気温／生物の活動／相関</div>"
影を比べるときにそろえること,"同じ棒・同じ場所で、時刻、影の向き、先端の位置、長さを記録する。棒の高さや地面の傾きが違う影を、そのまま太陽の位置の違いとはみなせない。<div class=""links""><b>関連語：</b>太陽／影／時刻／方位</div>"
物と材料を分けて記録する理由,"「スプーン」は物の用途・形、「鉄」や「木」は材料を表す。同じ物でも材料が違い、同じ材料でも多様な物になるため、性質を調べるときは材料名を区別する。<div class=""links""><b>関連語：</b>物体／物質／材料／性質</div>"
五感を使う観察の限界,"色・音・手触りなどは手掛かりになるが、未知の物を味見したり直接かいだり、熱い物へ触れたりしてはいけない。安全でない感覚は器具による測定へ置き換える。<div class=""links""><b>関連語：</b>観察／測定器具／安全／気体</div>"
観察対象の大きさを伝える記録,"図を大きく描いても実物が大きいとは限らないため、実際に測った長さや、基準となる物差し・倍率を添える。図の見た目だけで実物大を判断させない。<div class=""links""><b>関連語：</b>観察記録／尺度／倍率／長さ</div>"
一回だけでなく続けて観察する理由,"成長、天気、月、影などは時間とともに変わる。一回の姿だけでは変化の順序や周期が分からないため、間隔と条件を決めて記録を重ねる。<div class=""links""><b>関連語：</b>継続観察／時間変化／成長／周期</div>"
生物と周りの環境を一緒に見る理由,"生物の姿だけでなく、光、水、温度、食べ物、すみかも記録すると、生物が環境と関わって生きる様子を考えられる。見つけた場所だけで原因を断定しない。<div class=""links""><b>関連語：</b>生物／環境／すみか／生態系</div>"
一つの基準で仲間分けする方法,"最初に「脚の数」「花のつくり」など全対象へ同じ基準を当て、当てはまる／当てはまらないで分ける。途中で基準を変えると、分類の意味が曖昧になる。<div class=""links""><b>関連語：</b>分類／基準／共通点／相違点</div>"
気付きから調べられる問いをつくる,"「不思議だ」で止めず、「何を変えると、何がどう変わるか」の形にする。例として「日なたの方が暖かい」から「日光の当たり方で地面の温度はどう変わるか」と問う。<div class=""links""><b>関連語：</b>気付き／問題発見／変数／予想</div>"
観察した事実と考えたことの区別,"「液が青になった」は観察事実、「アルカリ性だ」は知識を使った解釈である。記録で両者を分けると、同じ証拠から解釈が妥当か確かめられる。<div class=""links""><b>関連語：</b>観察事実／解釈／証拠／結論</div>"
科学で調べやすい問いの条件,"対象と比べる量が明確で、観察・測定・実験・資料によって確かめられる問いである。好みや価値だけを尋ねる問いは、科学データだけでは決められない。<div class=""links""><b>関連語：</b>問い／測定可能性／証拠／価値判断</div>"
予想と仮説の違い,"予想は結果の見通し、仮説は結果がそうなる仕組みまで含む、確かめ可能な説明である。「温度が上がると思う」に「日光で地面が温められるから」を加えると仮説に近づく。<div class=""links""><b>関連語：</b>予想／仮説／根拠／検証</div>"
根拠のある予想,"生活経験、既習の法則、事前観察など、予想を支える事実を示した予想である。単なる当てずっぽうと区別し、結果が違えば根拠や考えを見直す。<div class=""links""><b>関連語：</b>予想／根拠／既習事項／考察</div>"
一つの条件だけを変える理由,"結果の違いを、変えた条件の影響として説明しやすくするためである。二つ以上を同時に変えると、どちらが原因か切り分けられない。<div class=""links""><b>関連語：</b>変える条件／そろえる条件／公平な実験／因果</div>"
実験で意図的に変える量,"原因として働くか調べるため、実験者が段階的に変える量を独立変数という。横軸に置くことが多いが、時間のように自然に進む量も独立変数として扱う場合がある。<div class=""links""><b>関連語：</b>独立変数／横軸／条件制御／従属変数</div>"
実験で同じに保つ量,"調べたい条件以外で結果へ影響しそうな量を統制変数といい、各組で同じにする。振り子の長さの影響なら、おもりの重さや振れ幅をそろえる。<div class=""links""><b>関連語：</b>統制変数／公平な実験／振り子／独立変数</div>"
実験で結果として測る量,"変えた条件に応じて変化するかを測る量を従属変数という。通常は縦軸に置き、単位と測定方法を実験前に決める。<div class=""links""><b>関連語：</b>従属変数／縦軸／測定／独立変数</div>"
対照実験,"調べる処理をしない、または標準条件にした組を対照とし、処理した組との違いを比べる実験。結果の差が、調べたい処理の効果かどうかを判断しやすくする。<div class=""links""><b>関連語：</b>対照／比較／条件制御／発芽</div>"
公平な実験になっているかの確認,"変えた条件が一つか、他の条件がそろうか、同じ方法で測るか、十分に繰り返すかを確認する。装置の見た目が同じだけでは公平とは限らない。<div class=""links""><b>関連語：</b>条件制御／測定方法／反復／対照</div>"
測る量に合う器具の選び方,"量の種類、予想される範囲、必要な細かさに合う器具を選ぶ。100 mL程度を正確に量るのに大きなバケツを使うと、目盛が粗く誤差が大きい。<div class=""links""><b>関連語：</b>測定範囲／最小目盛／精度／器具</div>"
測定前にゼロを確かめる理由,"何も測っていないときの指示が0でなければ、全測定値が同じ向きにずれる。ゼロ調整できなければ、ずれを記録して補正する。<div class=""links""><b>関連語：</b>ゼロ点／系統誤差／補正／測定器具</div>"
測定者を替えて確かめる理由,"同じ対象を同じ手順で別の人も測り、値を比べると、目の位置・判断基準・操作の癖による偏りを見つけられる。値が違えば手順を具体化して再測定する。<div class=""links""><b>関連語：</b>測定者／客観性／操作手順／再測定</div>"
最小目盛より細かい桁の扱い,"目盛の間を合理的に見積もれる器具では、最小目盛のさらに一桁程度を推定して記録する。ただし、見分けられない桁を何桁も付け足してはいけない。<div class=""links""><b>関連語：</b>最小目盛／推定値／有効な桁／精度</div>"
測定値に単位が必要な理由,"数値だけでは何の量・大きさか決まらない。数値と単位を一組で記録し、表の見出しに単位を置く場合は各欄で省略してよい。<div class=""links""><b>関連語：</b>物理量／単位／表／測定値</div>"
複数回をまとめて測る工夫,"振り子10往復など複数回分を一度に測ってから回数で割ると、開始・停止の反応時間が1往復ごとに占める割合を小さくできる。<div class=""links""><b>関連語：</b>反復測定／平均／振り子／反応時間</div>"
平均だけで結果を判断できない場合,"平均が同じでも、値の散らばりや外れ値が大きく違う場合がある。元の値、範囲、測定回数も見て、結果が安定しているか判断する。<div class=""links""><b>関連語：</b>平均／散らばり／外れ値／信頼性</div>"
最大値と最小値から分かること,"最大値−最小値で求める範囲は、測定値の散らばりの大まかな大きさを示す。平均に近い値が多いかまでは分からないため、元データも確認する。<div class=""links""><b>関連語：</b>範囲／最大値／最小値／散らばり</div>"
表の見出しに書く二つの情報,"何を測った列かを示す量名と、その値の単位を書く。例は「時間（s）」であり、数値欄へ単位を毎回書かなくても意味が一意になる。<div class=""links""><b>関連語：</b>表／量名／単位／測定値</div>"
横軸に置く量の決め方,"実験者が変えた量や、時間のように変化の基準となる量を横軸に置く。軸名と単位を添え、条件の順序が意味をもつよう並べる。<div class=""links""><b>関連語：</b>横軸／独立変数／時間／グラフ</div>"
縦軸に置く量の決め方,"横軸の条件に応じて測った結果を縦軸に置く。軸名・単位・測定範囲を明示すると、何の変化か読み取れる。<div class=""links""><b>関連語：</b>縦軸／従属変数／測定結果／グラフ</div>"
データに合う目盛の取り方,"最大値・最小値と用紙の大きさを見て、同じ間隔が同じ量を表す目盛にする。2、5、10の倍数など読みやすい刻みを選び、点が狭い範囲へ固まらないようにする。<div class=""links""><b>関連語：</b>目盛／軸／測定範囲／作図</div>"
測定点を正確に打つ手順,"横軸の条件から縦へ、縦軸の測定値から横へたどり、交点へ小さく明確な点を打つ。点の中心が値を表し、大きな丸で位置を曖昧にしない。<div class=""links""><b>関連語：</b>座標／測定点／横軸／縦軸</div>"
分類名の間を線で結べない理由,"「昆虫・魚・鳥」のような分類名の間には、時間や温度のような連続した途中の値がない。各分類の量は独立した棒などで比べ、存在しない中間値を線で表さない。<div class=""links""><b>関連語：</b>離散データ／棒グラフ／分類／連続量</div>"
接頭語が表す十の倍数,"k（キロ）は1000倍、c（センチ）は100分の1、m（ミリ）は1000分の1を表す。ただしmは単独ならメートル、接頭語ならミリなので位置で区別する。<div class=""links""><b>関連語：</b>接頭語／キロ／センチ／ミリ</div>"
長さの単位を変える倍率,"1 m=100 cm=1000 mm。大きい単位から小さい単位へ直すと数値は大きくなり、逆では小さくなる。単位を書いて向きを確かめる。<div class=""links""><b>関連語：</b>メートル／センチメートル／ミリメートル／単位換算</div>"
立方センチメートルとミリリットル,"1 cm³=1 mLである。また1000 mL=1 Lなので、1000 cm³=1 L。体積を密度や水溶液の計算へ使うとき単位をそろえる。<div class=""links""><b>関連語：</b>体積／ミリリットル／リットル／密度</div>"
グラムとキログラムの換算,"1 kg=1000 g。kgからgへは1000倍、gからkgへは1000で割る。重さの単位Nへは単純換算できず、質量と重さを区別する。<div class=""links""><b>関連語：</b>質量／グラム／キログラム／重さ</div>"
秒・分・時をそろえる手順,"1 min=60 s、1 h=60 min=3600 s。式へ代入する前に求める単位へ統一し、十進法のように100で換算しない。<div class=""links""><b>関連語：</b>時間／秒／分／時</div>"
割合の基準となる量,"割合=比べる量÷もとにする量である。「何に対して何倍・何％か」を先に言葉で決め、分母と分子を逆にしない。<div class=""links""><b>関連語：</b>割合／百分率／比／濃度</div>"
百分率を小数へ直す方法,"％は100分のいくつかを表すため、数値を100で割る。25％=0.25であり、式の最後に％で答えるなら小数を100倍する。<div class=""links""><b>関連語：</b>百分率／小数／割合／質量パーセント濃度</div>"
保護眼鏡を外してよい時点,"加熱・反応・洗浄が終わり、飛散や破損の危険物が片付くまで着用する。自分が操作していなくても、近くで実験が続く間は外さない。<div class=""links""><b>関連語：</b>保護眼鏡／薬品／加熱／飛散</div>"
ガラス器具を使う前の点検,"ひび、欠け、汚れを明るい所で確認する。傷のあるガラスは加熱や力で割れやすく、割れた物は素手で拾わず指示された道具で処理する。<div class=""links""><b>関連語：</b>ガラス器具／破損／加熱／保護眼鏡</div>"
試験管の口を人へ向けない理由,"加熱や反応で液体・固体が急に噴き出すことがあるため、自分にも他人にも向けない。試験管を固定せずのぞき込むのも危険である。<div class=""links""><b>関連語：</b>試験管／加熱／突沸／保護眼鏡</div>"
薬品が目や皮膚に付いた直後,"こすらず、すぐ多量の水で十分に洗い、教師へ報告する。何の薬品かを伝え、自己判断で別の薬品を付けて中和しない。<div class=""links""><b>関連語：</b>薬品／洗浄／報告／保護眼鏡</div>"
実験後の薬品を元のびんへ戻さない理由,"使用中に混ざった別物質で元の薬品全体を汚染し、予期しない反応を起こす可能性がある。余りは指定された回収容器へ入れる。<div class=""links""><b>関連語：</b>薬品／汚染／廃液／化学反応</div>"
廃液を勝手に流してはいけない理由,"有害物質、重金属イオン、強い酸・アルカリなどは環境や配管へ影響し、混合で危険な反応も起こりうる。種類ごとに指定容器へ分別する。<div class=""links""><b>関連語：</b>廃液／環境保全／イオン／中和</div>"
回路で電源を最後につなぐ理由,"配線を直している途中の誤接続や短絡、不要な長時間通電を避けるためである。回路図と接続を確認してから電源をつなぎ、変更前には再び外す。<div class=""links""><b>関連語：</b>回路／電源／短絡／配線確認</div>"
野外観察の服装と危険回避,"長袖・長ズボン・帽子・歩きやすい靴を基本とし、対象に応じて手袋を使う。未知の生物や物質へ触れたり味見したりせず、崖・道路・水辺から離れ、移動時は班や教師へ伝える。<div class=""links""><b>関連語：</b>野外観察／保護具／危険生物／安全行動</div>"
野外観察を中止する判断,"雷、急な増水、強風、噴火情報、崖の落石などの危険があれば、観察の完遂より退避を優先する。事前に天気・避難経路・連絡方法を確認する。<div class=""links""><b>関連語：</b>野外観察／自然災害／避難／気象情報</div>"
太陽の光が食物網を動かすまで,"植物が光合成で光エネルギーを有機物の化学エネルギーへ変え、その有機物が食べる関係を通じて生物へ渡る。各段階で呼吸により一部が熱として周囲へ移る。<div class=""links""><b>関連語：</b>太陽光／光合成／食物網／呼吸</div>"
酸素と二酸化炭素を結ぶ三つの働き,"光合成は二酸化炭素を取り入れ酸素を出す一方、呼吸と燃焼は酸素を使い二酸化炭素を生じる。物質は循環するが、各働きの速さは環境や活動量で変わる。<div class=""links""><b>関連語：</b>光合成／呼吸／燃焼／炭素循環</div>"
太陽のエネルギーが水循環を動かすまで,"太陽のエネルギーで海・地面の水が蒸発し、植物からも<ruby>蒸散<rp>（</rp><rt>じょうさん</rt><rp>）</rp></ruby>する。水蒸気は大気中を移動して<ruby>凝結<rp>（</rp><rt>ぎょうけつ</rt><rp>）</rp></ruby>・降水し、高低差による流れで川・地下水・海へ戻る。<div class=""links""><b>関連語：</b>太陽エネルギー／蒸発／蒸散／水の循環</div>"
日射の差から風が生じるまで,"地表の温まり方に差があると、接する空気の温度・密度・気圧に差ができる。空気は気圧の高い側から低い側へ動き、風となる。地球の自転や地形で実際の向きは修正される。<div class=""links""><b>関連語：</b>日射／温度差／気圧差／風</div>"
気圧・膨張・状態変化で雲を説明する,"上昇した空気は周囲の気圧低下で膨張し、外へ仕事をして温度が下がる。<ruby>露点<rp>（</rp><rt>ろてん</rt><rp>）</rp></ruby>に達すると気体の水蒸気が液体の水滴や固体の氷へ状態変化し、雲として見える。<div class=""links""><b>関連語：</b>気圧／膨張／露点／状態変化</div>"
雨が地層の材料を運ぶ道筋,"降水が地表を流れると、流水が岩石・土砂を<ruby>侵食<rp>（</rp><rt>しんしょく</rt><rp>）</rp></ruby>して運搬する。流れが弱まる場所で粒が<ruby>堆積<rp>（</rp><rt>たいせき</rt><rp>）</rp></ruby>し、長い時間に重なって地層の材料になる。<div class=""links""><b>関連語：</b>降水／侵食／運搬／堆積</div>"
土の粒と浸水リスクを結ぶ考え方,"一般に粗い粒の間には大きな隙間があり水がしみ込みやすいが、地面の締まり方・下層・傾き・降雨強度でも流出量は変わる。粒の大きさ一つだけで洪水を断定しない。<div class=""links""><b>関連語：</b>土の粒／浸透／表面流出／洪水</div>"
地球内部の熱が災害と恵みを生むまで,"地球内部の熱に関わるマグマ活動やプレート運動は、火山・地震・山地を生む。噴火や揺れは災害となる一方、温泉・地熱・肥沃な土壌・地形などの恵みにもつながる。<div class=""links""><b>関連語：</b>地球内部の熱／プレート／火山／地震</div>"
粒子運動から対流が起こるまで,"加熱で粒子運動が活発になり、多くの物質は膨張して密度が小さくなる。流体では軽くなった部分が上昇し、冷たく密度の大きい部分が沈んで対流する。<div class=""links""><b>関連語：</b>粒子運動／熱膨張／密度／対流</div>"
電池でモーターが回るまでのエネルギー,"電池内の化学変化で化学エネルギーが電気エネルギーへ変わり、電流と磁界の作用でモーターの運動エネルギーになる。同時に一部は抵抗や摩擦で熱・音へ移る。<div class=""links""><b>関連語：</b>化学電池／電流／磁界／モーター</div>"
発電機から家庭の機器までの変換,"タービン等の運動で磁界を変化させ、電磁誘導により電気エネルギーを得る。送られた電気は機器で光・熱・音・運動へ変わり、変換のたび一部が利用目的外の熱になる。<div class=""links""><b>関連語：</b>発電機／電磁誘導／電気エネルギー／効率</div>"
高い所の水が発電するまで,"高所の水がもつ位置エネルギーが、落下・流下で運動エネルギーになり、水車を回す。発電機で電気エネルギーへ変換されるが、流域環境への影響も資料で評価する。<div class=""links""><b>関連語：</b>位置エネルギー／流水／タービン／水力発電</div>"
水溶液の粒子が電流を運ぶまで,"電解質が水に溶けて陽イオンと陰イオンになり、電圧を加えると反対符号の電極へ移動する。電極では電子の受け渡しが起こり、回路として電流が続く。<div class=""links""><b>関連語：</b>電解質／イオン／電極／電気分解</div>"
中和の進み方を複数データで判断する,"指示薬の色だけでなく、pH、温度、加えた体積、沈殿などを合わせて見る。酸とアルカリを混ぜても量がつり合わなければ一方が残り、中性とは限らない。<div class=""links""><b>関連語：</b>中和／pH／指示薬／量的関係</div>"
食物が細胞のエネルギー源になるまで,"食物は消化で吸収可能な物質になり、小腸から血液へ入る。循環で細胞へ届き、酸素を使う細胞呼吸でエネルギーが取り出され、二酸化炭素などが生じる。<div class=""links""><b>関連語：</b>消化／吸収／血液循環／細胞呼吸</div>"
根から大気へ水が移る道筋,"根から吸収された水は主に道管を通って葉へ運ばれ、<ruby>気孔<rp>（</rp><rt>きこう</rt><rp>）</rp></ruby>から水蒸気として<ruby>蒸散<rp>（</rp><rt>じょうさん</rt><rp>）</rp></ruby>する。植物の水移動は土壌と大気を結び、水循環の一部になる。<div class=""links""><b>関連語：</b>根／道管／気孔／蒸散</div>"
葉のでんぷんと生態系を結ぶ証拠,"日光を当てた葉ででんぷんが検出されれば、光合成で有機物がつくられた証拠になる。その有機物は植物の成長や、植物を食べる生物の物質・エネルギー源になる。<div class=""links""><b>関連語：</b>でんぷん／光合成／成長／食物連鎖</div>"
遺伝子から進化までのつながり,"遺伝子は染色体にあり、細胞分裂・生殖を通じて形質に関わる情報が子へ伝わる。遺伝する変異の割合が世代を重ねて集団内で変わることが、進化につながる。<div class=""links""><b>関連語：</b>遺伝子／染色体／生殖／進化</div>"
分類の共通点が進化の証拠になる理由,"多くの構造・発生・化石の特徴が共通する生物ほど、共通の祖先をもつという説明と整合しやすい。外見一つだけでなく複数の独立した証拠を合わせる。<div class=""links""><b>関連語：</b>分類／共通点／化石／共通祖先</div>"
地球の自転を確かめる観察記録,"太陽・月・星が一日の間に東から西へ動く記録は、地球が西から東へ自転する模型で統一的に説明できる。一つの天体だけでなく複数天体の共通した動きが証拠を強める。<div class=""links""><b>関連語：</b>自転／日周運動／天体観察／模型</div>"
季節と生物を地球の運動から説明する,"地軸が傾いたまま地球が公転するため、季節で太陽の南中高度と昼の長さが変わり、受ける日射量が変わる。気温や生物の成長・活動の年変化へつながる。<div class=""links""><b>関連語：</b>公転／地軸／日射量／季節</div>"
月の満ち欠けを月食と区別する証拠,"満ち欠けは太陽に照らされた月の半面を、地球から見る角度が変わるため毎月起こる。地球の影に月が入る月食は満月のときだけ起こる特別な現象で、毎月は起こらない。<div class=""links""><b>関連語：</b>月の満ち欠け／月食／太陽光／位置関係</div>"
豪雨時の危険を複数資料から読む,"雨量だけでなく、短時間雨量、土壌の水分、川の水位、地形、上流の降雨、避難情報を合わせる。自分の場所が晴れていても、上流の雨で増水することがある。<div class=""links""><b>関連語：</b>雨量／河川水位／地形／避難情報</div>"
発電方法を一つの数値だけで選べない理由,"発電量、安定性、費用、二酸化炭素、廃棄物、土地利用、災害リスクは発電方法ごとに異なる。共通単位・同じ期間の複数資料を比べ、目的と重み付けを示して判断する。<div class=""links""><b>関連語：</b>発電／エネルギー資源／環境負荷／意思決定</div>"
平均値,"同じ量を何回か測ったとき、測定値の合計を回数で割った値。偶然のばらつきの影響を小さくできるが、器具のずれなど同じ向きの誤差は消せない。<div class=""links""><b>関連語：</b>測定誤差／反復測定／グラフ</div>"
条件制御のまとめ,"調べたい原因だけを変え、それ以外を同じにする。変える条件は独立変数、結果として測る量は従属変数という。公平な比較の基本である。<div class=""links""><b>関連語：</b>対照実験／変数／再現性</div>"
表とグラフの役割（まとめ）,"表は個々の測定値を正確に示し、グラフは変化の傾向や比例関係を見やすくする。横軸に変えた量、縦軸に結果の量を置き、軸名と単位を書く。<div class=""links""><b>関連語：</b>変数／比例／読図</div>"
物理で比例を見抜く手掛かり,"原点を通る直線か、対応する値の比が一定かを確かめる。ばねの伸びと力、一定温度での電流と電圧などは範囲内で比例するが、直線でも原点を通らなければ比例ではない。<div class=""links""><b>関連語：</b>ばね／オームの法則／原点</div>"
反比例のグラフ,"一方が2倍になると他方が1/2になる関係で、2つの量の積が一定。グラフは原点を通る直線ではなく曲線になる。押す力が一定のときの圧力と面積などで現れる。<div class=""links""><b>関連語：</b>比例／圧力／積が一定</div>"
温度と熱の違い,"温度は物体の熱さ・冷たさの程度、熱は温度差によって移動するエネルギー。同じ基準温度まで冷やすなら、少量の熱湯より大量のぬるま湯のほうが多くのエネルギーを放出することもある。<div class=""links""><b>関連語：</b>熱量／比熱／熱平衡</div>"
熱平衡,"接触した高温物体から低温物体へ熱が移動し、やがて同じ温度になって見かけ上の熱移動が止まった状態。外部との熱の出入りがなければ、失った熱と得た熱は等しい。<div class=""links""><b>関連語：</b>熱量保存／温度差／比熱</div>"
アルキメデスの原理,"浮力は、物体が押しのけた流体にはたらく重力に等しい。浮力＝流体の密度×排除体積×重力の強さ。SI単位ならkg/m³×m³×N/kg＝Nとなる。<div class=""links""><b>関連語：</b>浮力／排除体積／密度</div>"
分離法の選び方,"粒の大きさならろ過、<ruby>溶解度<rp>（</rp><rt>ようかいど</rt><rp>）</rp></ruby>の温度差なら<ruby>再結晶<rp>（</rp><rt>さいけっしょう</rt><rp>）</rp></ruby>、沸点差なら<ruby>蒸留<rp>（</rp><rt>じょうりゅう</rt><rp>）</rp></ruby>、磁性差なら磁石を使う。分けたい成分間で異なる性質を特定するのが先。<div class=""links""><b>関連語：</b>ろ過／再結晶／蒸留</div>"
試験管を加熱するときの安全,"外側の水滴を拭き、口を人へ向けず、液量は多くしすぎない。固体を加熱して水が生じる場合は口を少し下げる。加熱部へ液が逆流すると試験管が割れる危険がある。<div class=""links""><b>関連語：</b>逆流／熱分解／実験安全</div>"
未知の物質を調べる順序,"外観だけで断定せず、溶解性、密度、<ruby>融点<rp>（</rp><rt>ゆうてん</rt><rp>）</rp></ruby>・<ruby>沸点<rp>（</rp><rt>ふってん</rt><rp>）</rp></ruby>、導電性、指示薬、気体・沈殿反応など複数の性質を安全に調べる。1つの結果で候補を絞り、別試験で確認する。<div class=""links""><b>関連語：</b>物質の同定／対照実験／再現性</div>"
生物を観察するときの記録,"日時・場所・天気・大きさ・色・形・数・動きなどを、気づいた事実と考えに分けて記録する。スケッチは細い線で大きく描き、影や想像を足さず、特徴を正確に示す。<div class=""links""><b>関連語：</b>スケッチ／比較／観察／測定</div>"
ハザードマップの読み方,"洪水・土砂災害・津波などの想定区域、避難場所、避難経路を示す地図。自宅が色の外でも安全と断定せず、災害の種類ごとに確認し、実際の警報と周囲の状況も合わせて行動する。<div class=""links""><b>関連語：</b>防災／避難場所／洪水／土砂災害</div>"
地球の歴史を復元する証拠,"地層の重なり、化石、放射性元素による年代、岩石の磁気など複数の証拠を組み合わせる。1つの化石や現在の地形だけで結論を出さず、相互に整合する説明を選ぶ。<div class=""links""><b>関連語：</b>地層／化石／放射年代／地磁気</div>"
天体の模型で距離と大きさを考える,"天体の大きさと距離を同じ<ruby>縮尺<rp>（</rp><rt>しゅくしゃく</rt><rp>）</rp></ruby>で模型化すると、惑星間の空間が非常に広いと分かる。図では見やすさのため大きさ・距離が別縮尺の場合が多く、見た目の比をそのまま実寸比にしない。<div class=""links""><b>関連語：</b>縮尺／太陽系／天体の大きさ／天体間距離</div>"
